2026-04-27 13:43:35  INFO      ========================================================================
2026-04-27 13:43:35  INFO        MACRO-MACRO RUNNER  START
2026-04-27 13:43:35  INFO        datasets  : ['pascal_voc']
2026-04-27 13:43:35  INFO        models    : ['blip']
2026-04-27 13:43:35  INFO        phases    : [1, 2]
2026-04-27 13:43:35  INFO        dry-run   : True
2026-04-27 13:43:35  INFO      ========================================================================
2026-04-27 13:43:35  INFO        Expected runs: Phase2 has 45 combos × 1 pairs = 45 Phase2 calls total
2026-04-27 13:43:35  INFO      
2026-04-27 13:43:35  INFO      ━━━━━━━━━━━━━━━━━━━━━━━━━━━━━━━━━━━━━━━━━━━━━━━━━━━━━━━━━━━━━━━━━━━━━━━━
2026-04-27 13:43:35  INFO        PAIR  dataset=pascal_voc       model=blip
2026-04-27 13:43:35  INFO      ━━━━━━━━━━━━━━━━━━━━━━━━━━━━━━━━━━━━━━━━━━━━━━━━━━━━━━━━━━━━━━━━━━━━━━━━
2026-04-27 13:43:35  INFO        ── Phase 1 ──
2026-04-27 13:43:35  DEBUG     CMD  set_slot 0 /usr/bin/python /home/ge.polymtl.ca/pahoa/random_stuff/poly_ai_project_pnp-ovss/run_experiment.py --dataset pascal_voc --model blip --spatial_type grid --tuning_metric zero_shot_heuristic
2026-04-27 13:43:35  INFO        [DRY-RUN] phase1 | pascal_voc | blip
2026-04-27 13:43:35  INFO                  set_slot 0 /usr/bin/python /home/ge.polymtl.ca/pahoa/random_stuff/poly_ai_project_pnp-ovss/run_experiment.py --dataset pascal_voc --model blip --spatial_type grid --tuning_metric zero_shot_heuristic
2026-04-27 13:43:35  INFO        Phase 1 done  ok=1  fail=0
2026-04-27 13:43:35  INFO        ── Phase 2 ──
2026-04-27 13:43:35  DEBUG     CMD  set_slot 0 /usr/bin/python /home/ge.polymtl.ca/pahoa/random_stuff/poly_ai_project_pnp-ovss/run_experiment.py --dataset pascal_voc --model blip --spatial_type grid --granularity 16 --dropout_iters 3 --dropout_ratio 0.1
2026-04-27 13:43:35  INFO        [DRY-RUN] phase2 | pascal_voc | blip | grid g=16 dr_iters=3 dr_ratio=0.1
2026-04-27 13:43:35  INFO                  set_slot 0 /usr/bin/python /home/ge.polymtl.ca/pahoa/random_stuff/poly_ai_project_pnp-ovss/run_experiment.py --dataset pascal_voc --model blip --spatial_type grid --granularity 16 --dropout_iters 3 --dropout_ratio 0.1
2026-04-27 13:43:35  DEBUG     CMD  set_slot 0 /usr/bin/python /home/ge.polymtl.ca/pahoa/random_stuff/poly_ai_project_pnp-ovss/run_experiment.py --dataset pascal_voc --model blip --spatial_type grid --granularity 16 --dropout_iters 3 --dropout_ratio 0.3
2026-04-27 13:43:35  INFO        [DRY-RUN] phase2 | pascal_voc | blip | grid g=16 dr_iters=3 dr_ratio=0.3
2026-04-27 13:43:35  INFO                  set_slot 0 /usr/bin/python /home/ge.polymtl.ca/pahoa/random_stuff/poly_ai_project_pnp-ovss/run_experiment.py --dataset pascal_voc --model blip --spatial_type grid --granularity 16 --dropout_iters 3 --dropout_ratio 0.3
2026-04-27 13:43:35  DEBUG     CMD  set_slot 0 /usr/bin/python /home/ge.polymtl.ca/pahoa/random_stuff/poly_ai_project_pnp-ovss/run_experiment.py --dataset pascal_voc --model blip --spatial_type grid --granularity 16 --dropout_iters 3 --dropout_ratio 0.5
2026-04-27 13:43:35  INFO        [DRY-RUN] phase2 | pascal_voc | blip | grid g=16 dr_iters=3 dr_ratio=0.5
2026-04-27 13:43:35  INFO                  set_slot 0 /usr/bin/python /home/ge.polymtl.ca/pahoa/random_stuff/poly_ai_project_pnp-ovss/run_experiment.py --dataset pascal_voc --model blip --spatial_type grid --granularity 16 --dropout_iters 3 --dropout_ratio 0.5
2026-04-27 13:43:35  DEBUG     CMD  set_slot 0 /usr/bin/python /home/ge.polymtl.ca/pahoa/random_stuff/poly_ai_project_pnp-ovss/run_experiment.py --dataset pascal_voc --model blip --spatial_type grid --granularity 16 --dropout_iters 5 --dropout_ratio 0.1
2026-04-27 13:43:35  INFO        [DRY-RUN] phase2 | pascal_voc | blip | grid g=16 dr_iters=5 dr_ratio=0.1
2026-04-27 13:43:35  INFO                  set_slot 0 /usr/bin/python /home/ge.polymtl.ca/pahoa/random_stuff/poly_ai_project_pnp-ovss/run_experiment.py --dataset pascal_voc --model blip --spatial_type grid --granularity 16 --dropout_iters 5 --dropout_ratio 0.1
2026-04-27 13:43:35  DEBUG     CMD  set_slot 0 /usr/bin/python /home/ge.polymtl.ca/pahoa/random_stuff/poly_ai_project_pnp-ovss/run_experiment.py --dataset pascal_voc --model blip --spatial_type grid --granularity 16 --dropout_iters 5 --dropout_ratio 0.3
2026-04-27 13:43:35  INFO        [DRY-RUN] phase2 | pascal_voc | blip | grid g=16 dr_iters=5 dr_ratio=0.3
2026-04-27 13:43:35  INFO                  set_slot 0 /usr/bin/python /home/ge.polymtl.ca/pahoa/random_stuff/poly_ai_project_pnp-ovss/run_experiment.py --dataset pascal_voc --model blip --spatial_type grid --granularity 16 --dropout_iters 5 --dropout_ratio 0.3
2026-04-27 13:43:35  DEBUG     CMD  set_slot 0 /usr/bin/python /home/ge.polymtl.ca/pahoa/random_stuff/poly_ai_project_pnp-ovss/run_experiment.py --dataset pascal_voc --model blip --spatial_type grid --granularity 16 --dropout_iters 5 --dropout_ratio 0.5
2026-04-27 13:43:35  INFO        [DRY-RUN] phase2 | pascal_voc | blip | grid g=16 dr_iters=5 dr_ratio=0.5
2026-04-27 13:43:35  INFO                  set_slot 0 /usr/bin/python /home/ge.polymtl.ca/pahoa/random_stuff/poly_ai_project_pnp-ovss/run_experiment.py --dataset pascal_voc --model blip --spatial_type grid --granularity 16 --dropout_iters 5 --dropout_ratio 0.5
2026-04-27 13:43:35  DEBUG     CMD  set_slot 0 /usr/bin/python /home/ge.polymtl.ca/pahoa/random_stuff/poly_ai_project_pnp-ovss/run_experiment.py --dataset pascal_voc --model blip --spatial_type grid --granularity 16 --dropout_iters 7 --dropout_ratio 0.1
2026-04-27 13:43:35  INFO        [DRY-RUN] phase2 | pascal_voc | blip | grid g=16 dr_iters=7 dr_ratio=0.1
2026-04-27 13:43:35  INFO                  set_slot 0 /usr/bin/python /home/ge.polymtl.ca/pahoa/random_stuff/poly_ai_project_pnp-ovss/run_experiment.py --dataset pascal_voc --model blip --spatial_type grid --granularity 16 --dropout_iters 7 --dropout_ratio 0.1
2026-04-27 13:43:35  DEBUG     CMD  set_slot 0 /usr/bin/python /home/ge.polymtl.ca/pahoa/random_stuff/poly_ai_project_pnp-ovss/run_experiment.py --dataset pascal_voc --model blip --spatial_type grid --granularity 16 --dropout_iters 7 --dropout_ratio 0.3
2026-04-27 13:43:35  INFO        [DRY-RUN] phase2 | pascal_voc | blip | grid g=16 dr_iters=7 dr_ratio=0.3
2026-04-27 13:43:35  INFO                  set_slot 0 /usr/bin/python /home/ge.polymtl.ca/pahoa/random_stuff/poly_ai_project_pnp-ovss/run_experiment.py --dataset pascal_voc --model blip --spatial_type grid --granularity 16 --dropout_iters 7 --dropout_ratio 0.3
2026-04-27 13:43:35  DEBUG     CMD  set_slot 0 /usr/bin/python /home/ge.polymtl.ca/pahoa/random_stuff/poly_ai_project_pnp-ovss/run_experiment.py --dataset pascal_voc --model blip --spatial_type grid --granularity 16 --dropout_iters 7 --dropout_ratio 0.5
2026-04-27 13:43:35  INFO        [DRY-RUN] phase2 | pascal_voc | blip | grid g=16 dr_iters=7 dr_ratio=0.5
2026-04-27 13:43:35  INFO                  set_slot 0 /usr/bin/python /home/ge.polymtl.ca/pahoa/random_stuff/poly_ai_project_pnp-ovss/run_experiment.py --dataset pascal_voc --model blip --spatial_type grid --granularity 16 --dropout_iters 7 --dropout_ratio 0.5
2026-04-27 13:43:35  DEBUG     CMD  set_slot 0 /usr/bin/python /home/ge.polymtl.ca/pahoa/random_stuff/poly_ai_project_pnp-ovss/run_experiment.py --dataset pascal_voc --model blip --spatial_type grid --granularity 32 --dropout_iters 3 --dropout_ratio 0.1
2026-04-27 13:43:35  INFO        [DRY-RUN] phase2 | pascal_voc | blip | grid g=32 dr_iters=3 dr_ratio=0.1
2026-04-27 13:43:35  INFO                  set_slot 0 /usr/bin/python /home/ge.polymtl.ca/pahoa/random_stuff/poly_ai_project_pnp-ovss/run_experiment.py --dataset pascal_voc --model blip --spatial_type grid --granularity 32 --dropout_iters 3 --dropout_ratio 0.1
2026-04-27 13:43:35  DEBUG     CMD  set_slot 0 /usr/bin/python /home/ge.polymtl.ca/pahoa/random_stuff/poly_ai_project_pnp-ovss/run_experiment.py --dataset pascal_voc --model blip --spatial_type grid --granularity 32 --dropout_iters 3 --dropout_ratio 0.3
2026-04-27 13:43:35  INFO        [DRY-RUN] phase2 | pascal_voc | blip | grid g=32 dr_iters=3 dr_ratio=0.3
2026-04-27 13:43:35  INFO                  set_slot 0 /usr/bin/python /home/ge.polymtl.ca/pahoa/random_stuff/poly_ai_project_pnp-ovss/run_experiment.py --dataset pascal_voc --model blip --spatial_type grid --granularity 32 --dropout_iters 3 --dropout_ratio 0.3
2026-04-27 13:43:35  DEBUG     CMD  set_slot 0 /usr/bin/python /home/ge.polymtl.ca/pahoa/random_stuff/poly_ai_project_pnp-ovss/run_experiment.py --dataset pascal_voc --model blip --spatial_type grid --granularity 32 --dropout_iters 3 --dropout_ratio 0.5
2026-04-27 13:43:35  INFO        [DRY-RUN] phase2 | pascal_voc | blip | grid g=32 dr_iters=3 dr_ratio=0.5
2026-04-27 13:43:35  INFO                  set_slot 0 /usr/bin/python /home/ge.polymtl.ca/pahoa/random_stuff/poly_ai_project_pnp-ovss/run_experiment.py --dataset pascal_voc --model blip --spatial_type grid --granularity 32 --dropout_iters 3 --dropout_ratio 0.5
2026-04-27 13:43:35  DEBUG     CMD  set_slot 0 /usr/bin/python /home/ge.polymtl.ca/pahoa/random_stuff/poly_ai_project_pnp-ovss/run_experiment.py --dataset pascal_voc --model blip --spatial_type grid --granularity 32 --dropout_iters 5 --dropout_ratio 0.1
2026-04-27 13:43:35  INFO        [DRY-RUN] phase2 | pascal_voc | blip | grid g=32 dr_iters=5 dr_ratio=0.1
2026-04-27 13:43:35  INFO                  set_slot 0 /usr/bin/python /home/ge.polymtl.ca/pahoa/random_stuff/poly_ai_project_pnp-ovss/run_experiment.py --dataset pascal_voc --model blip --spatial_type grid --granularity 32 --dropout_iters 5 --dropout_ratio 0.1
2026-04-27 13:43:35  DEBUG     CMD  set_slot 0 /usr/bin/python /home/ge.polymtl.ca/pahoa/random_stuff/poly_ai_project_pnp-ovss/run_experiment.py --dataset pascal_voc --model blip --spatial_type grid --granularity 32 --dropout_iters 5 --dropout_ratio 0.3
2026-04-27 13:43:35  INFO        [DRY-RUN] phase2 | pascal_voc | blip | grid g=32 dr_iters=5 dr_ratio=0.3
2026-04-27 13:43:35  INFO                  set_slot 0 /usr/bin/python /home/ge.polymtl.ca/pahoa/random_stuff/poly_ai_project_pnp-ovss/run_experiment.py --dataset pascal_voc --model blip --spatial_type grid --granularity 32 --dropout_iters 5 --dropout_ratio 0.3
2026-04-27 13:43:35  DEBUG     CMD  set_slot 0 /usr/bin/python /home/ge.polymtl.ca/pahoa/random_stuff/poly_ai_project_pnp-ovss/run_experiment.py --dataset pascal_voc --model blip --spatial_type grid --granularity 32 --dropout_iters 5 --dropout_ratio 0.5
2026-04-27 13:43:35  INFO        [DRY-RUN] phase2 | pascal_voc | blip | grid g=32 dr_iters=5 dr_ratio=0.5
2026-04-27 13:43:35  INFO                  set_slot 0 /usr/bin/python /home/ge.polymtl.ca/pahoa/random_stuff/poly_ai_project_pnp-ovss/run_experiment.py --dataset pascal_voc --model blip --spatial_type grid --granularity 32 --dropout_iters 5 --dropout_ratio 0.5
2026-04-27 13:43:35  DEBUG     CMD  set_slot 0 /usr/bin/python /home/ge.polymtl.ca/pahoa/random_stuff/poly_ai_project_pnp-ovss/run_experiment.py --dataset pascal_voc --model blip --spatial_type grid --granularity 32 --dropout_iters 7 --dropout_ratio 0.1
2026-04-27 13:43:35  INFO        [DRY-RUN] phase2 | pascal_voc | blip | grid g=32 dr_iters=7 dr_ratio=0.1
2026-04-27 13:43:35  INFO                  set_slot 0 /usr/bin/python /home/ge.polymtl.ca/pahoa/random_stuff/poly_ai_project_pnp-ovss/run_experiment.py --dataset pascal_voc --model blip --spatial_type grid --granularity 32 --dropout_iters 7 --dropout_ratio 0.1
2026-04-27 13:43:35  DEBUG     CMD  set_slot 0 /usr/bin/python /home/ge.polymtl.ca/pahoa/random_stuff/poly_ai_project_pnp-ovss/run_experiment.py --dataset pascal_voc --model blip --spatial_type grid --granularity 32 --dropout_iters 7 --dropout_ratio 0.3
2026-04-27 13:43:35  INFO        [DRY-RUN] phase2 | pascal_voc | blip | grid g=32 dr_iters=7 dr_ratio=0.3
2026-04-27 13:43:35  INFO                  set_slot 0 /usr/bin/python /home/ge.polymtl.ca/pahoa/random_stuff/poly_ai_project_pnp-ovss/run_experiment.py --dataset pascal_voc --model blip --spatial_type grid --granularity 32 --dropout_iters 7 --dropout_ratio 0.3
2026-04-27 13:43:35  DEBUG     CMD  set_slot 0 /usr/bin/python /home/ge.polymtl.ca/pahoa/random_stuff/poly_ai_project_pnp-ovss/run_experiment.py --dataset pascal_voc --model blip --spatial_type grid --granularity 32 --dropout_iters 7 --dropout_ratio 0.5
2026-04-27 13:43:35  INFO        [DRY-RUN] phase2 | pascal_voc | blip | grid g=32 dr_iters=7 dr_ratio=0.5
2026-04-27 13:43:35  INFO                  set_slot 0 /usr/bin/python /home/ge.polymtl.ca/pahoa/random_stuff/poly_ai_project_pnp-ovss/run_experiment.py --dataset pascal_voc --model blip --spatial_type grid --granularity 32 --dropout_iters 7 --dropout_ratio 0.5
2026-04-27 13:43:35  DEBUG     CMD  set_slot 0 /usr/bin/python /home/ge.polymtl.ca/pahoa/random_stuff/poly_ai_project_pnp-ovss/run_experiment.py --dataset pascal_voc --model blip --spatial_type superpixel_slic --granularity 100 --dropout_iters 3 --dropout_ratio 0.1
2026-04-27 13:43:35  INFO        [DRY-RUN] phase2 | pascal_voc | blip | superpixel_slic g=100 dr_iters=3 dr_ratio=0.1
2026-04-27 13:43:35  INFO                  set_slot 0 /usr/bin/python /home/ge.polymtl.ca/pahoa/random_stuff/poly_ai_project_pnp-ovss/run_experiment.py --dataset pascal_voc --model blip --spatial_type superpixel_slic --granularity 100 --dropout_iters 3 --dropout_ratio 0.1
2026-04-27 13:43:35  DEBUG     CMD  set_slot 0 /usr/bin/python /home/ge.polymtl.ca/pahoa/random_stuff/poly_ai_project_pnp-ovss/run_experiment.py --dataset pascal_voc --model blip --spatial_type superpixel_slic --granularity 100 --dropout_iters 3 --dropout_ratio 0.3
2026-04-27 13:43:35  INFO        [DRY-RUN] phase2 | pascal_voc | blip | superpixel_slic g=100 dr_iters=3 dr_ratio=0.3
2026-04-27 13:43:35  INFO                  set_slot 0 /usr/bin/python /home/ge.polymtl.ca/pahoa/random_stuff/poly_ai_project_pnp-ovss/run_experiment.py --dataset pascal_voc --model blip --spatial_type superpixel_slic --granularity 100 --dropout_iters 3 --dropout_ratio 0.3
2026-04-27 13:43:35  DEBUG     CMD  set_slot 0 /usr/bin/python /home/ge.polymtl.ca/pahoa/random_stuff/poly_ai_project_pnp-ovss/run_experiment.py --dataset pascal_voc --model blip --spatial_type superpixel_slic --granularity 100 --dropout_iters 3 --dropout_ratio 0.5
2026-04-27 13:43:35  INFO        [DRY-RUN] phase2 | pascal_voc | blip | superpixel_slic g=100 dr_iters=3 dr_ratio=0.5
2026-04-27 13:43:35  INFO                  set_slot 0 /usr/bin/python /home/ge.polymtl.ca/pahoa/random_stuff/poly_ai_project_pnp-ovss/run_experiment.py --dataset pascal_voc --model blip --spatial_type superpixel_slic --granularity 100 --dropout_iters 3 --dropout_ratio 0.5
2026-04-27 13:43:35  DEBUG     CMD  set_slot 0 /usr/bin/python /home/ge.polymtl.ca/pahoa/random_stuff/poly_ai_project_pnp-ovss/run_experiment.py --dataset pascal_voc --model blip --spatial_type superpixel_slic --granularity 100 --dropout_iters 5 --dropout_ratio 0.1
2026-04-27 13:43:35  INFO        [DRY-RUN] phase2 | pascal_voc | blip | superpixel_slic g=100 dr_iters=5 dr_ratio=0.1
2026-04-27 13:43:35  INFO                  set_slot 0 /usr/bin/python /home/ge.polymtl.ca/pahoa/random_stuff/poly_ai_project_pnp-ovss/run_experiment.py --dataset pascal_voc --model blip --spatial_type superpixel_slic --granularity 100 --dropout_iters 5 --dropout_ratio 0.1
2026-04-27 13:43:35  DEBUG     CMD  set_slot 0 /usr/bin/python /home/ge.polymtl.ca/pahoa/random_stuff/poly_ai_project_pnp-ovss/run_experiment.py --dataset pascal_voc --model blip --spatial_type superpixel_slic --granularity 100 --dropout_iters 5 --dropout_ratio 0.3
2026-04-27 13:43:35  INFO        [DRY-RUN] phase2 | pascal_voc | blip | superpixel_slic g=100 dr_iters=5 dr_ratio=0.3
2026-04-27 13:43:35  INFO                  set_slot 0 /usr/bin/python /home/ge.polymtl.ca/pahoa/random_stuff/poly_ai_project_pnp-ovss/run_experiment.py --dataset pascal_voc --model blip --spatial_type superpixel_slic --granularity 100 --dropout_iters 5 --dropout_ratio 0.3
2026-04-27 13:43:35  DEBUG     CMD  set_slot 0 /usr/bin/python /home/ge.polymtl.ca/pahoa/random_stuff/poly_ai_project_pnp-ovss/run_experiment.py --dataset pascal_voc --model blip --spatial_type superpixel_slic --granularity 100 --dropout_iters 5 --dropout_ratio 0.5
2026-04-27 13:43:35  INFO        [DRY-RUN] phase2 | pascal_voc | blip | superpixel_slic g=100 dr_iters=5 dr_ratio=0.5
2026-04-27 13:43:35  INFO                  set_slot 0 /usr/bin/python /home/ge.polymtl.ca/pahoa/random_stuff/poly_ai_project_pnp-ovss/run_experiment.py --dataset pascal_voc --model blip --spatial_type superpixel_slic --granularity 100 --dropout_iters 5 --dropout_ratio 0.5
2026-04-27 13:43:35  DEBUG     CMD  set_slot 0 /usr/bin/python /home/ge.polymtl.ca/pahoa/random_stuff/poly_ai_project_pnp-ovss/run_experiment.py --dataset pascal_voc --model blip --spatial_type superpixel_slic --granularity 100 --dropout_iters 7 --dropout_ratio 0.1
2026-04-27 13:43:35  INFO        [DRY-RUN] phase2 | pascal_voc | blip | superpixel_slic g=100 dr_iters=7 dr_ratio=0.1
2026-04-27 13:43:35  INFO                  set_slot 0 /usr/bin/python /home/ge.polymtl.ca/pahoa/random_stuff/poly_ai_project_pnp-ovss/run_experiment.py --dataset pascal_voc --model blip --spatial_type superpixel_slic --granularity 100 --dropout_iters 7 --dropout_ratio 0.1
2026-04-27 13:43:35  DEBUG     CMD  set_slot 0 /usr/bin/python /home/ge.polymtl.ca/pahoa/random_stuff/poly_ai_project_pnp-ovss/run_experiment.py --dataset pascal_voc --model blip --spatial_type superpixel_slic --granularity 100 --dropout_iters 7 --dropout_ratio 0.3
2026-04-27 13:43:35  INFO        [DRY-RUN] phase2 | pascal_voc | blip | superpixel_slic g=100 dr_iters=7 dr_ratio=0.3
2026-04-27 13:43:35  INFO                  set_slot 0 /usr/bin/python /home/ge.polymtl.ca/pahoa/random_stuff/poly_ai_project_pnp-ovss/run_experiment.py --dataset pascal_voc --model blip --spatial_type superpixel_slic --granularity 100 --dropout_iters 7 --dropout_ratio 0.3
2026-04-27 13:43:35  DEBUG     CMD  set_slot 0 /usr/bin/python /home/ge.polymtl.ca/pahoa/random_stuff/poly_ai_project_pnp-ovss/run_experiment.py --dataset pascal_voc --model blip --spatial_type superpixel_slic --granularity 100 --dropout_iters 7 --dropout_ratio 0.5
2026-04-27 13:43:35  INFO        [DRY-RUN] phase2 | pascal_voc | blip | superpixel_slic g=100 dr_iters=7 dr_ratio=0.5
2026-04-27 13:43:35  INFO                  set_slot 0 /usr/bin/python /home/ge.polymtl.ca/pahoa/random_stuff/poly_ai_project_pnp-ovss/run_experiment.py --dataset pascal_voc --model blip --spatial_type superpixel_slic --granularity 100 --dropout_iters 7 --dropout_ratio 0.5
2026-04-27 13:43:35  DEBUG     CMD  set_slot 0 /usr/bin/python /home/ge.polymtl.ca/pahoa/random_stuff/poly_ai_project_pnp-ovss/run_experiment.py --dataset pascal_voc --model blip --spatial_type superpixel_slic --granularity 200 --dropout_iters 3 --dropout_ratio 0.1
2026-04-27 13:43:35  INFO        [DRY-RUN] phase2 | pascal_voc | blip | superpixel_slic g=200 dr_iters=3 dr_ratio=0.1
2026-04-27 13:43:35  INFO                  set_slot 0 /usr/bin/python /home/ge.polymtl.ca/pahoa/random_stuff/poly_ai_project_pnp-ovss/run_experiment.py --dataset pascal_voc --model blip --spatial_type superpixel_slic --granularity 200 --dropout_iters 3 --dropout_ratio 0.1
2026-04-27 13:43:35  DEBUG     CMD  set_slot 0 /usr/bin/python /home/ge.polymtl.ca/pahoa/random_stuff/poly_ai_project_pnp-ovss/run_experiment.py --dataset pascal_voc --model blip --spatial_type superpixel_slic --granularity 200 --dropout_iters 3 --dropout_ratio 0.3
2026-04-27 13:43:35  INFO        [DRY-RUN] phase2 | pascal_voc | blip | superpixel_slic g=200 dr_iters=3 dr_ratio=0.3
2026-04-27 13:43:35  INFO                  set_slot 0 /usr/bin/python /home/ge.polymtl.ca/pahoa/random_stuff/poly_ai_project_pnp-ovss/run_experiment.py --dataset pascal_voc --model blip --spatial_type superpixel_slic --granularity 200 --dropout_iters 3 --dropout_ratio 0.3
2026-04-27 13:43:35  DEBUG     CMD  set_slot 0 /usr/bin/python /home/ge.polymtl.ca/pahoa/random_stuff/poly_ai_project_pnp-ovss/run_experiment.py --dataset pascal_voc --model blip --spatial_type superpixel_slic --granularity 200 --dropout_iters 3 --dropout_ratio 0.5
2026-04-27 13:43:35  INFO        [DRY-RUN] phase2 | pascal_voc | blip | superpixel_slic g=200 dr_iters=3 dr_ratio=0.5
2026-04-27 13:43:35  INFO                  set_slot 0 /usr/bin/python /home/ge.polymtl.ca/pahoa/random_stuff/poly_ai_project_pnp-ovss/run_experiment.py --dataset pascal_voc --model blip --spatial_type superpixel_slic --granularity 200 --dropout_iters 3 --dropout_ratio 0.5
2026-04-27 13:43:35  DEBUG     CMD  set_slot 0 /usr/bin/python /home/ge.polymtl.ca/pahoa/random_stuff/poly_ai_project_pnp-ovss/run_experiment.py --dataset pascal_voc --model blip --spatial_type superpixel_slic --granularity 200 --dropout_iters 5 --dropout_ratio 0.1
2026-04-27 13:43:35  INFO        [DRY-RUN] phase2 | pascal_voc | blip | superpixel_slic g=200 dr_iters=5 dr_ratio=0.1
2026-04-27 13:43:35  INFO                  set_slot 0 /usr/bin/python /home/ge.polymtl.ca/pahoa/random_stuff/poly_ai_project_pnp-ovss/run_experiment.py --dataset pascal_voc --model blip --spatial_type superpixel_slic --granularity 200 --dropout_iters 5 --dropout_ratio 0.1
2026-04-27 13:43:35  DEBUG     CMD  set_slot 0 /usr/bin/python /home/ge.polymtl.ca/pahoa/random_stuff/poly_ai_project_pnp-ovss/run_experiment.py --dataset pascal_voc --model blip --spatial_type superpixel_slic --granularity 200 --dropout_iters 5 --dropout_ratio 0.3
2026-04-27 13:43:35  INFO        [DRY-RUN] phase2 | pascal_voc | blip | superpixel_slic g=200 dr_iters=5 dr_ratio=0.3
2026-04-27 13:43:35  INFO                  set_slot 0 /usr/bin/python /home/ge.polymtl.ca/pahoa/random_stuff/poly_ai_project_pnp-ovss/run_experiment.py --dataset pascal_voc --model blip --spatial_type superpixel_slic --granularity 200 --dropout_iters 5 --dropout_ratio 0.3
2026-04-27 13:43:35  DEBUG     CMD  set_slot 0 /usr/bin/python /home/ge.polymtl.ca/pahoa/random_stuff/poly_ai_project_pnp-ovss/run_experiment.py --dataset pascal_voc --model blip --spatial_type superpixel_slic --granularity 200 --dropout_iters 5 --dropout_ratio 0.5
2026-04-27 13:43:35  INFO        [DRY-RUN] phase2 | pascal_voc | blip | superpixel_slic g=200 dr_iters=5 dr_ratio=0.5
2026-04-27 13:43:35  INFO                  set_slot 0 /usr/bin/python /home/ge.polymtl.ca/pahoa/random_stuff/poly_ai_project_pnp-ovss/run_experiment.py --dataset pascal_voc --model blip --spatial_type superpixel_slic --granularity 200 --dropout_iters 5 --dropout_ratio 0.5
2026-04-27 13:43:35  DEBUG     CMD  set_slot 0 /usr/bin/python /home/ge.polymtl.ca/pahoa/random_stuff/poly_ai_project_pnp-ovss/run_experiment.py --dataset pascal_voc --model blip --spatial_type superpixel_slic --granularity 200 --dropout_iters 7 --dropout_ratio 0.1
2026-04-27 13:43:35  INFO        [DRY-RUN] phase2 | pascal_voc | blip | superpixel_slic g=200 dr_iters=7 dr_ratio=0.1
2026-04-27 13:43:35  INFO                  set_slot 0 /usr/bin/python /home/ge.polymtl.ca/pahoa/random_stuff/poly_ai_project_pnp-ovss/run_experiment.py --dataset pascal_voc --model blip --spatial_type superpixel_slic --granularity 200 --dropout_iters 7 --dropout_ratio 0.1
2026-04-27 13:43:35  DEBUG     CMD  set_slot 0 /usr/bin/python /home/ge.polymtl.ca/pahoa/random_stuff/poly_ai_project_pnp-ovss/run_experiment.py --dataset pascal_voc --model blip --spatial_type superpixel_slic --granularity 200 --dropout_iters 7 --dropout_ratio 0.3
2026-04-27 13:43:35  INFO        [DRY-RUN] phase2 | pascal_voc | blip | superpixel_slic g=200 dr_iters=7 dr_ratio=0.3
2026-04-27 13:43:35  INFO                  set_slot 0 /usr/bin/python /home/ge.polymtl.ca/pahoa/random_stuff/poly_ai_project_pnp-ovss/run_experiment.py --dataset pascal_voc --model blip --spatial_type superpixel_slic --granularity 200 --dropout_iters 7 --dropout_ratio 0.3
2026-04-27 13:43:35  DEBUG     CMD  set_slot 0 /usr/bin/python /home/ge.polymtl.ca/pahoa/random_stuff/poly_ai_project_pnp-ovss/run_experiment.py --dataset pascal_voc --model blip --spatial_type superpixel_slic --granularity 200 --dropout_iters 7 --dropout_ratio 0.5
2026-04-27 13:43:35  INFO        [DRY-RUN] phase2 | pascal_voc | blip | superpixel_slic g=200 dr_iters=7 dr_ratio=0.5
2026-04-27 13:43:35  INFO                  set_slot 0 /usr/bin/python /home/ge.polymtl.ca/pahoa/random_stuff/poly_ai_project_pnp-ovss/run_experiment.py --dataset pascal_voc --model blip --spatial_type superpixel_slic --granularity 200 --dropout_iters 7 --dropout_ratio 0.5
2026-04-27 13:43:35  DEBUG     CMD  set_slot 0 /usr/bin/python /home/ge.polymtl.ca/pahoa/random_stuff/poly_ai_project_pnp-ovss/run_experiment.py --dataset pascal_voc --model blip --spatial_type superpixel_slic --granularity 300 --dropout_iters 3 --dropout_ratio 0.1
2026-04-27 13:43:35  INFO        [DRY-RUN] phase2 | pascal_voc | blip | superpixel_slic g=300 dr_iters=3 dr_ratio=0.1
2026-04-27 13:43:35  INFO                  set_slot 0 /usr/bin/python /home/ge.polymtl.ca/pahoa/random_stuff/poly_ai_project_pnp-ovss/run_experiment.py --dataset pascal_voc --model blip --spatial_type superpixel_slic --granularity 300 --dropout_iters 3 --dropout_ratio 0.1
2026-04-27 13:43:35  DEBUG     CMD  set_slot 0 /usr/bin/python /home/ge.polymtl.ca/pahoa/random_stuff/poly_ai_project_pnp-ovss/run_experiment.py --dataset pascal_voc --model blip --spatial_type superpixel_slic --granularity 300 --dropout_iters 3 --dropout_ratio 0.3
2026-04-27 13:43:35  INFO        [DRY-RUN] phase2 | pascal_voc | blip | superpixel_slic g=300 dr_iters=3 dr_ratio=0.3
2026-04-27 13:43:35  INFO                  set_slot 0 /usr/bin/python /home/ge.polymtl.ca/pahoa/random_stuff/poly_ai_project_pnp-ovss/run_experiment.py --dataset pascal_voc --model blip --spatial_type superpixel_slic --granularity 300 --dropout_iters 3 --dropout_ratio 0.3
2026-04-27 13:43:35  DEBUG     CMD  set_slot 0 /usr/bin/python /home/ge.polymtl.ca/pahoa/random_stuff/poly_ai_project_pnp-ovss/run_experiment.py --dataset pascal_voc --model blip --spatial_type superpixel_slic --granularity 300 --dropout_iters 3 --dropout_ratio 0.5
2026-04-27 13:43:35  INFO        [DRY-RUN] phase2 | pascal_voc | blip | superpixel_slic g=300 dr_iters=3 dr_ratio=0.5
2026-04-27 13:43:35  INFO                  set_slot 0 /usr/bin/python /home/ge.polymtl.ca/pahoa/random_stuff/poly_ai_project_pnp-ovss/run_experiment.py --dataset pascal_voc --model blip --spatial_type superpixel_slic --granularity 300 --dropout_iters 3 --dropout_ratio 0.5
2026-04-27 13:43:35  DEBUG     CMD  set_slot 0 /usr/bin/python /home/ge.polymtl.ca/pahoa/random_stuff/poly_ai_project_pnp-ovss/run_experiment.py --dataset pascal_voc --model blip --spatial_type superpixel_slic --granularity 300 --dropout_iters 5 --dropout_ratio 0.1
2026-04-27 13:43:35  INFO        [DRY-RUN] phase2 | pascal_voc | blip | superpixel_slic g=300 dr_iters=5 dr_ratio=0.1
2026-04-27 13:43:35  INFO                  set_slot 0 /usr/bin/python /home/ge.polymtl.ca/pahoa/random_stuff/poly_ai_project_pnp-ovss/run_experiment.py --dataset pascal_voc --model blip --spatial_type superpixel_slic --granularity 300 --dropout_iters 5 --dropout_ratio 0.1
2026-04-27 13:43:35  DEBUG     CMD  set_slot 0 /usr/bin/python /home/ge.polymtl.ca/pahoa/random_stuff/poly_ai_project_pnp-ovss/run_experiment.py --dataset pascal_voc --model blip --spatial_type superpixel_slic --granularity 300 --dropout_iters 5 --dropout_ratio 0.3
2026-04-27 13:43:35  INFO        [DRY-RUN] phase2 | pascal_voc | blip | superpixel_slic g=300 dr_iters=5 dr_ratio=0.3
2026-04-27 13:43:35  INFO                  set_slot 0 /usr/bin/python /home/ge.polymtl.ca/pahoa/random_stuff/poly_ai_project_pnp-ovss/run_experiment.py --dataset pascal_voc --model blip --spatial_type superpixel_slic --granularity 300 --dropout_iters 5 --dropout_ratio 0.3
2026-04-27 13:43:35  DEBUG     CMD  set_slot 0 /usr/bin/python /home/ge.polymtl.ca/pahoa/random_stuff/poly_ai_project_pnp-ovss/run_experiment.py --dataset pascal_voc --model blip --spatial_type superpixel_slic --granularity 300 --dropout_iters 5 --dropout_ratio 0.5
2026-04-27 13:43:35  INFO        [DRY-RUN] phase2 | pascal_voc | blip | superpixel_slic g=300 dr_iters=5 dr_ratio=0.5
2026-04-27 13:43:35  INFO                  set_slot 0 /usr/bin/python /home/ge.polymtl.ca/pahoa/random_stuff/poly_ai_project_pnp-ovss/run_experiment.py --dataset pascal_voc --model blip --spatial_type superpixel_slic --granularity 300 --dropout_iters 5 --dropout_ratio 0.5
2026-04-27 13:43:35  DEBUG     CMD  set_slot 0 /usr/bin/python /home/ge.polymtl.ca/pahoa/random_stuff/poly_ai_project_pnp-ovss/run_experiment.py --dataset pascal_voc --model blip --spatial_type superpixel_slic --granularity 300 --dropout_iters 7 --dropout_ratio 0.1
2026-04-27 13:43:35  INFO        [DRY-RUN] phase2 | pascal_voc | blip | superpixel_slic g=300 dr_iters=7 dr_ratio=0.1
2026-04-27 13:43:35  INFO                  set_slot 0 /usr/bin/python /home/ge.polymtl.ca/pahoa/random_stuff/poly_ai_project_pnp-ovss/run_experiment.py --dataset pascal_voc --model blip --spatial_type superpixel_slic --granularity 300 --dropout_iters 7 --dropout_ratio 0.1
2026-04-27 13:43:35  DEBUG     CMD  set_slot 0 /usr/bin/python /home/ge.polymtl.ca/pahoa/random_stuff/poly_ai_project_pnp-ovss/run_experiment.py --dataset pascal_voc --model blip --spatial_type superpixel_slic --granularity 300 --dropout_iters 7 --dropout_ratio 0.3
2026-04-27 13:43:35  INFO        [DRY-RUN] phase2 | pascal_voc | blip | superpixel_slic g=300 dr_iters=7 dr_ratio=0.3
2026-04-27 13:43:35  INFO                  set_slot 0 /usr/bin/python /home/ge.polymtl.ca/pahoa/random_stuff/poly_ai_project_pnp-ovss/run_experiment.py --dataset pascal_voc --model blip --spatial_type superpixel_slic --granularity 300 --dropout_iters 7 --dropout_ratio 0.3
2026-04-27 13:43:35  DEBUG     CMD  set_slot 0 /usr/bin/python /home/ge.polymtl.ca/pahoa/random_stuff/poly_ai_project_pnp-ovss/run_experiment.py --dataset pascal_voc --model blip --spatial_type superpixel_slic --granularity 300 --dropout_iters 7 --dropout_ratio 0.5
2026-04-27 13:43:35  INFO        [DRY-RUN] phase2 | pascal_voc | blip | superpixel_slic g=300 dr_iters=7 dr_ratio=0.5
2026-04-27 13:43:35  INFO                  set_slot 0 /usr/bin/python /home/ge.polymtl.ca/pahoa/random_stuff/poly_ai_project_pnp-ovss/run_experiment.py --dataset pascal_voc --model blip --spatial_type superpixel_slic --granularity 300 --dropout_iters 7 --dropout_ratio 0.5
2026-04-27 13:43:35  INFO        Phase 2 done  ok=45  fail=0
2026-04-27 13:43:35  INFO      
2026-04-27 13:43:35  INFO      Total wall time: 0.0s (0.0 min)
2026-04-27 13:43:35  INFO      
2026-04-27 13:43:35  INFO      ========================================================================
2026-04-27 13:43:35  INFO        MACRO-MACRO RUN — FINAL SUMMARY
2026-04-27 13:43:35  INFO      ========================================================================
2026-04-27 13:43:35  INFO        ✓  Phase 1 | pascal_voc      | blip          ok=1  fail=0
2026-04-27 13:43:35  INFO        ✓  Phase 2 | pascal_voc      | blip          ok=45  fail=0
2026-04-27 13:43:35  INFO      ------------------------------------------------------------------------
2026-04-27 13:43:35  INFO        Total runs: 46   succeeded: 46   failed: 0
2026-04-27 13:43:35  INFO      ========================================================================
2026-04-27 13:53:47  INFO      ========================================================================
2026-04-27 13:53:47  INFO        MACRO-MACRO RUNNER  START
2026-04-27 13:53:47  INFO        datasets  : ['pascal_voc', 'chest_xray']
2026-04-27 13:53:47  INFO        models    : ['blip', 'bridgetower', 'albef']
2026-04-27 13:53:47  INFO        phases    : [1, 2, 3, 4]
2026-04-27 13:53:47  INFO        dry-run   : True
2026-04-27 13:53:47  INFO      ========================================================================
2026-04-27 13:53:47  INFO        Expected runs: Phase2 has 45 combos × 6 pairs = 270 Phase2 calls total
2026-04-27 13:53:47  INFO      
2026-04-27 13:53:47  INFO      ━━━━━━━━━━━━━━━━━━━━━━━━━━━━━━━━━━━━━━━━━━━━━━━━━━━━━━━━━━━━━━━━━━━━━━━━
2026-04-27 13:53:47  INFO        PAIR  dataset=pascal_voc       model=blip
2026-04-27 13:53:47  INFO      ━━━━━━━━━━━━━━━━━━━━━━━━━━━━━━━━━━━━━━━━━━━━━━━━━━━━━━━━━━━━━━━━━━━━━━━━
2026-04-27 13:53:47  INFO        ── Phase 1 ──
2026-04-27 13:53:47  DEBUG     CMD  set_slot 0 /usr/bin/python /home/ge.polymtl.ca/pahoa/random_stuff/poly_ai_project_pnp-ovss/run_experiment.py --dataset pascal_voc --model blip --spatial_type grid --tuning_metric zero_shot_heuristic
2026-04-27 13:53:47  INFO        [DRY-RUN] phase1 | pascal_voc | blip
2026-04-27 13:53:47  INFO                  set_slot 0 /usr/bin/python /home/ge.polymtl.ca/pahoa/random_stuff/poly_ai_project_pnp-ovss/run_experiment.py --dataset pascal_voc --model blip --spatial_type grid --tuning_metric zero_shot_heuristic
2026-04-27 13:53:47  INFO        Phase 1 done  ok=1  fail=0
2026-04-27 13:53:47  INFO        ── Phase 2 ──
2026-04-27 13:53:47  DEBUG     CMD  set_slot 0 /usr/bin/python /home/ge.polymtl.ca/pahoa/random_stuff/poly_ai_project_pnp-ovss/run_experiment.py --dataset pascal_voc --model blip --spatial_type grid --granularity 16 --dropout_iters 3 --dropout_ratio 0.1
2026-04-27 13:53:47  INFO        [DRY-RUN] phase2 | pascal_voc | blip | grid g=16 dr_iters=3 dr_ratio=0.1
2026-04-27 13:53:47  INFO                  set_slot 0 /usr/bin/python /home/ge.polymtl.ca/pahoa/random_stuff/poly_ai_project_pnp-ovss/run_experiment.py --dataset pascal_voc --model blip --spatial_type grid --granularity 16 --dropout_iters 3 --dropout_ratio 0.1
2026-04-27 13:53:47  DEBUG     CMD  set_slot 0 /usr/bin/python /home/ge.polymtl.ca/pahoa/random_stuff/poly_ai_project_pnp-ovss/run_experiment.py --dataset pascal_voc --model blip --spatial_type grid --granularity 16 --dropout_iters 3 --dropout_ratio 0.3
2026-04-27 13:53:47  INFO        [DRY-RUN] phase2 | pascal_voc | blip | grid g=16 dr_iters=3 dr_ratio=0.3
2026-04-27 13:53:47  INFO                  set_slot 0 /usr/bin/python /home/ge.polymtl.ca/pahoa/random_stuff/poly_ai_project_pnp-ovss/run_experiment.py --dataset pascal_voc --model blip --spatial_type grid --granularity 16 --dropout_iters 3 --dropout_ratio 0.3
2026-04-27 13:53:47  DEBUG     CMD  set_slot 0 /usr/bin/python /home/ge.polymtl.ca/pahoa/random_stuff/poly_ai_project_pnp-ovss/run_experiment.py --dataset pascal_voc --model blip --spatial_type grid --granularity 16 --dropout_iters 3 --dropout_ratio 0.5
2026-04-27 13:53:47  INFO        [DRY-RUN] phase2 | pascal_voc | blip | grid g=16 dr_iters=3 dr_ratio=0.5
2026-04-27 13:53:47  INFO                  set_slot 0 /usr/bin/python /home/ge.polymtl.ca/pahoa/random_stuff/poly_ai_project_pnp-ovss/run_experiment.py --dataset pascal_voc --model blip --spatial_type grid --granularity 16 --dropout_iters 3 --dropout_ratio 0.5
2026-04-27 13:53:47  DEBUG     CMD  set_slot 0 /usr/bin/python /home/ge.polymtl.ca/pahoa/random_stuff/poly_ai_project_pnp-ovss/run_experiment.py --dataset pascal_voc --model blip --spatial_type grid --granularity 16 --dropout_iters 5 --dropout_ratio 0.1
2026-04-27 13:53:47  INFO        [DRY-RUN] phase2 | pascal_voc | blip | grid g=16 dr_iters=5 dr_ratio=0.1
2026-04-27 13:53:47  INFO                  set_slot 0 /usr/bin/python /home/ge.polymtl.ca/pahoa/random_stuff/poly_ai_project_pnp-ovss/run_experiment.py --dataset pascal_voc --model blip --spatial_type grid --granularity 16 --dropout_iters 5 --dropout_ratio 0.1
2026-04-27 13:53:47  DEBUG     CMD  set_slot 0 /usr/bin/python /home/ge.polymtl.ca/pahoa/random_stuff/poly_ai_project_pnp-ovss/run_experiment.py --dataset pascal_voc --model blip --spatial_type grid --granularity 16 --dropout_iters 5 --dropout_ratio 0.3
2026-04-27 13:53:47  INFO        [DRY-RUN] phase2 | pascal_voc | blip | grid g=16 dr_iters=5 dr_ratio=0.3
2026-04-27 13:53:47  INFO                  set_slot 0 /usr/bin/python /home/ge.polymtl.ca/pahoa/random_stuff/poly_ai_project_pnp-ovss/run_experiment.py --dataset pascal_voc --model blip --spatial_type grid --granularity 16 --dropout_iters 5 --dropout_ratio 0.3
2026-04-27 13:53:47  DEBUG     CMD  set_slot 0 /usr/bin/python /home/ge.polymtl.ca/pahoa/random_stuff/poly_ai_project_pnp-ovss/run_experiment.py --dataset pascal_voc --model blip --spatial_type grid --granularity 16 --dropout_iters 5 --dropout_ratio 0.5
2026-04-27 13:53:47  INFO        [DRY-RUN] phase2 | pascal_voc | blip | grid g=16 dr_iters=5 dr_ratio=0.5
2026-04-27 13:53:47  INFO                  set_slot 0 /usr/bin/python /home/ge.polymtl.ca/pahoa/random_stuff/poly_ai_project_pnp-ovss/run_experiment.py --dataset pascal_voc --model blip --spatial_type grid --granularity 16 --dropout_iters 5 --dropout_ratio 0.5
2026-04-27 13:53:47  DEBUG     CMD  set_slot 0 /usr/bin/python /home/ge.polymtl.ca/pahoa/random_stuff/poly_ai_project_pnp-ovss/run_experiment.py --dataset pascal_voc --model blip --spatial_type grid --granularity 16 --dropout_iters 7 --dropout_ratio 0.1
2026-04-27 13:53:47  INFO        [DRY-RUN] phase2 | pascal_voc | blip | grid g=16 dr_iters=7 dr_ratio=0.1
2026-04-27 13:53:47  INFO                  set_slot 0 /usr/bin/python /home/ge.polymtl.ca/pahoa/random_stuff/poly_ai_project_pnp-ovss/run_experiment.py --dataset pascal_voc --model blip --spatial_type grid --granularity 16 --dropout_iters 7 --dropout_ratio 0.1
2026-04-27 13:53:47  DEBUG     CMD  set_slot 0 /usr/bin/python /home/ge.polymtl.ca/pahoa/random_stuff/poly_ai_project_pnp-ovss/run_experiment.py --dataset pascal_voc --model blip --spatial_type grid --granularity 16 --dropout_iters 7 --dropout_ratio 0.3
2026-04-27 13:53:47  INFO        [DRY-RUN] phase2 | pascal_voc | blip | grid g=16 dr_iters=7 dr_ratio=0.3
2026-04-27 13:53:47  INFO                  set_slot 0 /usr/bin/python /home/ge.polymtl.ca/pahoa/random_stuff/poly_ai_project_pnp-ovss/run_experiment.py --dataset pascal_voc --model blip --spatial_type grid --granularity 16 --dropout_iters 7 --dropout_ratio 0.3
2026-04-27 13:53:47  DEBUG     CMD  set_slot 0 /usr/bin/python /home/ge.polymtl.ca/pahoa/random_stuff/poly_ai_project_pnp-ovss/run_experiment.py --dataset pascal_voc --model blip --spatial_type grid --granularity 16 --dropout_iters 7 --dropout_ratio 0.5
2026-04-27 13:53:47  INFO        [DRY-RUN] phase2 | pascal_voc | blip | grid g=16 dr_iters=7 dr_ratio=0.5
2026-04-27 13:53:47  INFO                  set_slot 0 /usr/bin/python /home/ge.polymtl.ca/pahoa/random_stuff/poly_ai_project_pnp-ovss/run_experiment.py --dataset pascal_voc --model blip --spatial_type grid --granularity 16 --dropout_iters 7 --dropout_ratio 0.5
2026-04-27 13:53:47  DEBUG     CMD  set_slot 0 /usr/bin/python /home/ge.polymtl.ca/pahoa/random_stuff/poly_ai_project_pnp-ovss/run_experiment.py --dataset pascal_voc --model blip --spatial_type grid --granularity 32 --dropout_iters 3 --dropout_ratio 0.1
2026-04-27 13:53:47  INFO        [DRY-RUN] phase2 | pascal_voc | blip | grid g=32 dr_iters=3 dr_ratio=0.1
2026-04-27 13:53:47  INFO                  set_slot 0 /usr/bin/python /home/ge.polymtl.ca/pahoa/random_stuff/poly_ai_project_pnp-ovss/run_experiment.py --dataset pascal_voc --model blip --spatial_type grid --granularity 32 --dropout_iters 3 --dropout_ratio 0.1
2026-04-27 13:53:47  DEBUG     CMD  set_slot 0 /usr/bin/python /home/ge.polymtl.ca/pahoa/random_stuff/poly_ai_project_pnp-ovss/run_experiment.py --dataset pascal_voc --model blip --spatial_type grid --granularity 32 --dropout_iters 3 --dropout_ratio 0.3
2026-04-27 13:53:47  INFO        [DRY-RUN] phase2 | pascal_voc | blip | grid g=32 dr_iters=3 dr_ratio=0.3
2026-04-27 13:53:47  INFO                  set_slot 0 /usr/bin/python /home/ge.polymtl.ca/pahoa/random_stuff/poly_ai_project_pnp-ovss/run_experiment.py --dataset pascal_voc --model blip --spatial_type grid --granularity 32 --dropout_iters 3 --dropout_ratio 0.3
2026-04-27 13:53:47  DEBUG     CMD  set_slot 0 /usr/bin/python /home/ge.polymtl.ca/pahoa/random_stuff/poly_ai_project_pnp-ovss/run_experiment.py --dataset pascal_voc --model blip --spatial_type grid --granularity 32 --dropout_iters 3 --dropout_ratio 0.5
2026-04-27 13:53:47  INFO        [DRY-RUN] phase2 | pascal_voc | blip | grid g=32 dr_iters=3 dr_ratio=0.5
2026-04-27 13:53:47  INFO                  set_slot 0 /usr/bin/python /home/ge.polymtl.ca/pahoa/random_stuff/poly_ai_project_pnp-ovss/run_experiment.py --dataset pascal_voc --model blip --spatial_type grid --granularity 32 --dropout_iters 3 --dropout_ratio 0.5
2026-04-27 13:53:47  DEBUG     CMD  set_slot 0 /usr/bin/python /home/ge.polymtl.ca/pahoa/random_stuff/poly_ai_project_pnp-ovss/run_experiment.py --dataset pascal_voc --model blip --spatial_type grid --granularity 32 --dropout_iters 5 --dropout_ratio 0.1
2026-04-27 13:53:47  INFO        [DRY-RUN] phase2 | pascal_voc | blip | grid g=32 dr_iters=5 dr_ratio=0.1
2026-04-27 13:53:47  INFO                  set_slot 0 /usr/bin/python /home/ge.polymtl.ca/pahoa/random_stuff/poly_ai_project_pnp-ovss/run_experiment.py --dataset pascal_voc --model blip --spatial_type grid --granularity 32 --dropout_iters 5 --dropout_ratio 0.1
2026-04-27 13:53:47  DEBUG     CMD  set_slot 0 /usr/bin/python /home/ge.polymtl.ca/pahoa/random_stuff/poly_ai_project_pnp-ovss/run_experiment.py --dataset pascal_voc --model blip --spatial_type grid --granularity 32 --dropout_iters 5 --dropout_ratio 0.3
2026-04-27 13:53:47  INFO        [DRY-RUN] phase2 | pascal_voc | blip | grid g=32 dr_iters=5 dr_ratio=0.3
2026-04-27 13:53:47  INFO                  set_slot 0 /usr/bin/python /home/ge.polymtl.ca/pahoa/random_stuff/poly_ai_project_pnp-ovss/run_experiment.py --dataset pascal_voc --model blip --spatial_type grid --granularity 32 --dropout_iters 5 --dropout_ratio 0.3
2026-04-27 13:53:47  DEBUG     CMD  set_slot 0 /usr/bin/python /home/ge.polymtl.ca/pahoa/random_stuff/poly_ai_project_pnp-ovss/run_experiment.py --dataset pascal_voc --model blip --spatial_type grid --granularity 32 --dropout_iters 5 --dropout_ratio 0.5
2026-04-27 13:53:47  INFO        [DRY-RUN] phase2 | pascal_voc | blip | grid g=32 dr_iters=5 dr_ratio=0.5
2026-04-27 13:53:47  INFO                  set_slot 0 /usr/bin/python /home/ge.polymtl.ca/pahoa/random_stuff/poly_ai_project_pnp-ovss/run_experiment.py --dataset pascal_voc --model blip --spatial_type grid --granularity 32 --dropout_iters 5 --dropout_ratio 0.5
2026-04-27 13:53:47  DEBUG     CMD  set_slot 0 /usr/bin/python /home/ge.polymtl.ca/pahoa/random_stuff/poly_ai_project_pnp-ovss/run_experiment.py --dataset pascal_voc --model blip --spatial_type grid --granularity 32 --dropout_iters 7 --dropout_ratio 0.1
2026-04-27 13:53:47  INFO        [DRY-RUN] phase2 | pascal_voc | blip | grid g=32 dr_iters=7 dr_ratio=0.1
2026-04-27 13:53:47  INFO                  set_slot 0 /usr/bin/python /home/ge.polymtl.ca/pahoa/random_stuff/poly_ai_project_pnp-ovss/run_experiment.py --dataset pascal_voc --model blip --spatial_type grid --granularity 32 --dropout_iters 7 --dropout_ratio 0.1
2026-04-27 13:53:47  DEBUG     CMD  set_slot 0 /usr/bin/python /home/ge.polymtl.ca/pahoa/random_stuff/poly_ai_project_pnp-ovss/run_experiment.py --dataset pascal_voc --model blip --spatial_type grid --granularity 32 --dropout_iters 7 --dropout_ratio 0.3
2026-04-27 13:53:47  INFO        [DRY-RUN] phase2 | pascal_voc | blip | grid g=32 dr_iters=7 dr_ratio=0.3
2026-04-27 13:53:47  INFO                  set_slot 0 /usr/bin/python /home/ge.polymtl.ca/pahoa/random_stuff/poly_ai_project_pnp-ovss/run_experiment.py --dataset pascal_voc --model blip --spatial_type grid --granularity 32 --dropout_iters 7 --dropout_ratio 0.3
2026-04-27 13:53:47  DEBUG     CMD  set_slot 0 /usr/bin/python /home/ge.polymtl.ca/pahoa/random_stuff/poly_ai_project_pnp-ovss/run_experiment.py --dataset pascal_voc --model blip --spatial_type grid --granularity 32 --dropout_iters 7 --dropout_ratio 0.5
2026-04-27 13:53:47  INFO        [DRY-RUN] phase2 | pascal_voc | blip | grid g=32 dr_iters=7 dr_ratio=0.5
2026-04-27 13:53:47  INFO                  set_slot 0 /usr/bin/python /home/ge.polymtl.ca/pahoa/random_stuff/poly_ai_project_pnp-ovss/run_experiment.py --dataset pascal_voc --model blip --spatial_type grid --granularity 32 --dropout_iters 7 --dropout_ratio 0.5
2026-04-27 13:53:47  DEBUG     CMD  set_slot 0 /usr/bin/python /home/ge.polymtl.ca/pahoa/random_stuff/poly_ai_project_pnp-ovss/run_experiment.py --dataset pascal_voc --model blip --spatial_type superpixel_slic --granularity 100 --dropout_iters 3 --dropout_ratio 0.1
2026-04-27 13:53:47  INFO        [DRY-RUN] phase2 | pascal_voc | blip | superpixel_slic g=100 dr_iters=3 dr_ratio=0.1
2026-04-27 13:53:47  INFO                  set_slot 0 /usr/bin/python /home/ge.polymtl.ca/pahoa/random_stuff/poly_ai_project_pnp-ovss/run_experiment.py --dataset pascal_voc --model blip --spatial_type superpixel_slic --granularity 100 --dropout_iters 3 --dropout_ratio 0.1
2026-04-27 13:53:47  DEBUG     CMD  set_slot 0 /usr/bin/python /home/ge.polymtl.ca/pahoa/random_stuff/poly_ai_project_pnp-ovss/run_experiment.py --dataset pascal_voc --model blip --spatial_type superpixel_slic --granularity 100 --dropout_iters 3 --dropout_ratio 0.3
2026-04-27 13:53:47  INFO        [DRY-RUN] phase2 | pascal_voc | blip | superpixel_slic g=100 dr_iters=3 dr_ratio=0.3
2026-04-27 13:53:47  INFO                  set_slot 0 /usr/bin/python /home/ge.polymtl.ca/pahoa/random_stuff/poly_ai_project_pnp-ovss/run_experiment.py --dataset pascal_voc --model blip --spatial_type superpixel_slic --granularity 100 --dropout_iters 3 --dropout_ratio 0.3
2026-04-27 13:53:47  DEBUG     CMD  set_slot 0 /usr/bin/python /home/ge.polymtl.ca/pahoa/random_stuff/poly_ai_project_pnp-ovss/run_experiment.py --dataset pascal_voc --model blip --spatial_type superpixel_slic --granularity 100 --dropout_iters 3 --dropout_ratio 0.5
2026-04-27 13:53:47  INFO        [DRY-RUN] phase2 | pascal_voc | blip | superpixel_slic g=100 dr_iters=3 dr_ratio=0.5
2026-04-27 13:53:47  INFO                  set_slot 0 /usr/bin/python /home/ge.polymtl.ca/pahoa/random_stuff/poly_ai_project_pnp-ovss/run_experiment.py --dataset pascal_voc --model blip --spatial_type superpixel_slic --granularity 100 --dropout_iters 3 --dropout_ratio 0.5
2026-04-27 13:53:47  DEBUG     CMD  set_slot 0 /usr/bin/python /home/ge.polymtl.ca/pahoa/random_stuff/poly_ai_project_pnp-ovss/run_experiment.py --dataset pascal_voc --model blip --spatial_type superpixel_slic --granularity 100 --dropout_iters 5 --dropout_ratio 0.1
2026-04-27 13:53:47  INFO        [DRY-RUN] phase2 | pascal_voc | blip | superpixel_slic g=100 dr_iters=5 dr_ratio=0.1
2026-04-27 13:53:47  INFO                  set_slot 0 /usr/bin/python /home/ge.polymtl.ca/pahoa/random_stuff/poly_ai_project_pnp-ovss/run_experiment.py --dataset pascal_voc --model blip --spatial_type superpixel_slic --granularity 100 --dropout_iters 5 --dropout_ratio 0.1
2026-04-27 13:53:47  DEBUG     CMD  set_slot 0 /usr/bin/python /home/ge.polymtl.ca/pahoa/random_stuff/poly_ai_project_pnp-ovss/run_experiment.py --dataset pascal_voc --model blip --spatial_type superpixel_slic --granularity 100 --dropout_iters 5 --dropout_ratio 0.3
2026-04-27 13:53:47  INFO        [DRY-RUN] phase2 | pascal_voc | blip | superpixel_slic g=100 dr_iters=5 dr_ratio=0.3
2026-04-27 13:53:47  INFO                  set_slot 0 /usr/bin/python /home/ge.polymtl.ca/pahoa/random_stuff/poly_ai_project_pnp-ovss/run_experiment.py --dataset pascal_voc --model blip --spatial_type superpixel_slic --granularity 100 --dropout_iters 5 --dropout_ratio 0.3
2026-04-27 13:53:47  DEBUG     CMD  set_slot 0 /usr/bin/python /home/ge.polymtl.ca/pahoa/random_stuff/poly_ai_project_pnp-ovss/run_experiment.py --dataset pascal_voc --model blip --spatial_type superpixel_slic --granularity 100 --dropout_iters 5 --dropout_ratio 0.5
2026-04-27 13:53:47  INFO        [DRY-RUN] phase2 | pascal_voc | blip | superpixel_slic g=100 dr_iters=5 dr_ratio=0.5
2026-04-27 13:53:47  INFO                  set_slot 0 /usr/bin/python /home/ge.polymtl.ca/pahoa/random_stuff/poly_ai_project_pnp-ovss/run_experiment.py --dataset pascal_voc --model blip --spatial_type superpixel_slic --granularity 100 --dropout_iters 5 --dropout_ratio 0.5
2026-04-27 13:53:47  DEBUG     CMD  set_slot 0 /usr/bin/python /home/ge.polymtl.ca/pahoa/random_stuff/poly_ai_project_pnp-ovss/run_experiment.py --dataset pascal_voc --model blip --spatial_type superpixel_slic --granularity 100 --dropout_iters 7 --dropout_ratio 0.1
2026-04-27 13:53:47  INFO        [DRY-RUN] phase2 | pascal_voc | blip | superpixel_slic g=100 dr_iters=7 dr_ratio=0.1
2026-04-27 13:53:47  INFO                  set_slot 0 /usr/bin/python /home/ge.polymtl.ca/pahoa/random_stuff/poly_ai_project_pnp-ovss/run_experiment.py --dataset pascal_voc --model blip --spatial_type superpixel_slic --granularity 100 --dropout_iters 7 --dropout_ratio 0.1
2026-04-27 13:53:47  DEBUG     CMD  set_slot 0 /usr/bin/python /home/ge.polymtl.ca/pahoa/random_stuff/poly_ai_project_pnp-ovss/run_experiment.py --dataset pascal_voc --model blip --spatial_type superpixel_slic --granularity 100 --dropout_iters 7 --dropout_ratio 0.3
2026-04-27 13:53:47  INFO        [DRY-RUN] phase2 | pascal_voc | blip | superpixel_slic g=100 dr_iters=7 dr_ratio=0.3
2026-04-27 13:53:47  INFO                  set_slot 0 /usr/bin/python /home/ge.polymtl.ca/pahoa/random_stuff/poly_ai_project_pnp-ovss/run_experiment.py --dataset pascal_voc --model blip --spatial_type superpixel_slic --granularity 100 --dropout_iters 7 --dropout_ratio 0.3
2026-04-27 13:53:47  DEBUG     CMD  set_slot 0 /usr/bin/python /home/ge.polymtl.ca/pahoa/random_stuff/poly_ai_project_pnp-ovss/run_experiment.py --dataset pascal_voc --model blip --spatial_type superpixel_slic --granularity 100 --dropout_iters 7 --dropout_ratio 0.5
2026-04-27 13:53:47  INFO        [DRY-RUN] phase2 | pascal_voc | blip | superpixel_slic g=100 dr_iters=7 dr_ratio=0.5
2026-04-27 13:53:47  INFO                  set_slot 0 /usr/bin/python /home/ge.polymtl.ca/pahoa/random_stuff/poly_ai_project_pnp-ovss/run_experiment.py --dataset pascal_voc --model blip --spatial_type superpixel_slic --granularity 100 --dropout_iters 7 --dropout_ratio 0.5
2026-04-27 13:53:47  DEBUG     CMD  set_slot 0 /usr/bin/python /home/ge.polymtl.ca/pahoa/random_stuff/poly_ai_project_pnp-ovss/run_experiment.py --dataset pascal_voc --model blip --spatial_type superpixel_slic --granularity 200 --dropout_iters 3 --dropout_ratio 0.1
2026-04-27 13:53:47  INFO        [DRY-RUN] phase2 | pascal_voc | blip | superpixel_slic g=200 dr_iters=3 dr_ratio=0.1
2026-04-27 13:53:47  INFO                  set_slot 0 /usr/bin/python /home/ge.polymtl.ca/pahoa/random_stuff/poly_ai_project_pnp-ovss/run_experiment.py --dataset pascal_voc --model blip --spatial_type superpixel_slic --granularity 200 --dropout_iters 3 --dropout_ratio 0.1
2026-04-27 13:53:47  DEBUG     CMD  set_slot 0 /usr/bin/python /home/ge.polymtl.ca/pahoa/random_stuff/poly_ai_project_pnp-ovss/run_experiment.py --dataset pascal_voc --model blip --spatial_type superpixel_slic --granularity 200 --dropout_iters 3 --dropout_ratio 0.3
2026-04-27 13:53:47  INFO        [DRY-RUN] phase2 | pascal_voc | blip | superpixel_slic g=200 dr_iters=3 dr_ratio=0.3
2026-04-27 13:53:47  INFO                  set_slot 0 /usr/bin/python /home/ge.polymtl.ca/pahoa/random_stuff/poly_ai_project_pnp-ovss/run_experiment.py --dataset pascal_voc --model blip --spatial_type superpixel_slic --granularity 200 --dropout_iters 3 --dropout_ratio 0.3
2026-04-27 13:53:47  DEBUG     CMD  set_slot 0 /usr/bin/python /home/ge.polymtl.ca/pahoa/random_stuff/poly_ai_project_pnp-ovss/run_experiment.py --dataset pascal_voc --model blip --spatial_type superpixel_slic --granularity 200 --dropout_iters 3 --dropout_ratio 0.5
2026-04-27 13:53:47  INFO        [DRY-RUN] phase2 | pascal_voc | blip | superpixel_slic g=200 dr_iters=3 dr_ratio=0.5
2026-04-27 13:53:47  INFO                  set_slot 0 /usr/bin/python /home/ge.polymtl.ca/pahoa/random_stuff/poly_ai_project_pnp-ovss/run_experiment.py --dataset pascal_voc --model blip --spatial_type superpixel_slic --granularity 200 --dropout_iters 3 --dropout_ratio 0.5
2026-04-27 13:53:47  DEBUG     CMD  set_slot 0 /usr/bin/python /home/ge.polymtl.ca/pahoa/random_stuff/poly_ai_project_pnp-ovss/run_experiment.py --dataset pascal_voc --model blip --spatial_type superpixel_slic --granularity 200 --dropout_iters 5 --dropout_ratio 0.1
2026-04-27 13:53:47  INFO        [DRY-RUN] phase2 | pascal_voc | blip | superpixel_slic g=200 dr_iters=5 dr_ratio=0.1
2026-04-27 13:53:47  INFO                  set_slot 0 /usr/bin/python /home/ge.polymtl.ca/pahoa/random_stuff/poly_ai_project_pnp-ovss/run_experiment.py --dataset pascal_voc --model blip --spatial_type superpixel_slic --granularity 200 --dropout_iters 5 --dropout_ratio 0.1
2026-04-27 13:53:47  DEBUG     CMD  set_slot 0 /usr/bin/python /home/ge.polymtl.ca/pahoa/random_stuff/poly_ai_project_pnp-ovss/run_experiment.py --dataset pascal_voc --model blip --spatial_type superpixel_slic --granularity 200 --dropout_iters 5 --dropout_ratio 0.3
2026-04-27 13:53:47  INFO        [DRY-RUN] phase2 | pascal_voc | blip | superpixel_slic g=200 dr_iters=5 dr_ratio=0.3
2026-04-27 13:53:47  INFO                  set_slot 0 /usr/bin/python /home/ge.polymtl.ca/pahoa/random_stuff/poly_ai_project_pnp-ovss/run_experiment.py --dataset pascal_voc --model blip --spatial_type superpixel_slic --granularity 200 --dropout_iters 5 --dropout_ratio 0.3
2026-04-27 13:53:47  DEBUG     CMD  set_slot 0 /usr/bin/python /home/ge.polymtl.ca/pahoa/random_stuff/poly_ai_project_pnp-ovss/run_experiment.py --dataset pascal_voc --model blip --spatial_type superpixel_slic --granularity 200 --dropout_iters 5 --dropout_ratio 0.5
2026-04-27 13:53:47  INFO        [DRY-RUN] phase2 | pascal_voc | blip | superpixel_slic g=200 dr_iters=5 dr_ratio=0.5
2026-04-27 13:53:47  INFO                  set_slot 0 /usr/bin/python /home/ge.polymtl.ca/pahoa/random_stuff/poly_ai_project_pnp-ovss/run_experiment.py --dataset pascal_voc --model blip --spatial_type superpixel_slic --granularity 200 --dropout_iters 5 --dropout_ratio 0.5
2026-04-27 13:53:47  DEBUG     CMD  set_slot 0 /usr/bin/python /home/ge.polymtl.ca/pahoa/random_stuff/poly_ai_project_pnp-ovss/run_experiment.py --dataset pascal_voc --model blip --spatial_type superpixel_slic --granularity 200 --dropout_iters 7 --dropout_ratio 0.1
2026-04-27 13:53:47  INFO        [DRY-RUN] phase2 | pascal_voc | blip | superpixel_slic g=200 dr_iters=7 dr_ratio=0.1
2026-04-27 13:53:47  INFO                  set_slot 0 /usr/bin/python /home/ge.polymtl.ca/pahoa/random_stuff/poly_ai_project_pnp-ovss/run_experiment.py --dataset pascal_voc --model blip --spatial_type superpixel_slic --granularity 200 --dropout_iters 7 --dropout_ratio 0.1
2026-04-27 13:53:47  DEBUG     CMD  set_slot 0 /usr/bin/python /home/ge.polymtl.ca/pahoa/random_stuff/poly_ai_project_pnp-ovss/run_experiment.py --dataset pascal_voc --model blip --spatial_type superpixel_slic --granularity 200 --dropout_iters 7 --dropout_ratio 0.3
2026-04-27 13:53:47  INFO        [DRY-RUN] phase2 | pascal_voc | blip | superpixel_slic g=200 dr_iters=7 dr_ratio=0.3
2026-04-27 13:53:47  INFO                  set_slot 0 /usr/bin/python /home/ge.polymtl.ca/pahoa/random_stuff/poly_ai_project_pnp-ovss/run_experiment.py --dataset pascal_voc --model blip --spatial_type superpixel_slic --granularity 200 --dropout_iters 7 --dropout_ratio 0.3
2026-04-27 13:53:47  DEBUG     CMD  set_slot 0 /usr/bin/python /home/ge.polymtl.ca/pahoa/random_stuff/poly_ai_project_pnp-ovss/run_experiment.py --dataset pascal_voc --model blip --spatial_type superpixel_slic --granularity 200 --dropout_iters 7 --dropout_ratio 0.5
2026-04-27 13:53:47  INFO        [DRY-RUN] phase2 | pascal_voc | blip | superpixel_slic g=200 dr_iters=7 dr_ratio=0.5
2026-04-27 13:53:47  INFO                  set_slot 0 /usr/bin/python /home/ge.polymtl.ca/pahoa/random_stuff/poly_ai_project_pnp-ovss/run_experiment.py --dataset pascal_voc --model blip --spatial_type superpixel_slic --granularity 200 --dropout_iters 7 --dropout_ratio 0.5
2026-04-27 13:53:47  DEBUG     CMD  set_slot 0 /usr/bin/python /home/ge.polymtl.ca/pahoa/random_stuff/poly_ai_project_pnp-ovss/run_experiment.py --dataset pascal_voc --model blip --spatial_type superpixel_slic --granularity 300 --dropout_iters 3 --dropout_ratio 0.1
2026-04-27 13:53:47  INFO        [DRY-RUN] phase2 | pascal_voc | blip | superpixel_slic g=300 dr_iters=3 dr_ratio=0.1
2026-04-27 13:53:47  INFO                  set_slot 0 /usr/bin/python /home/ge.polymtl.ca/pahoa/random_stuff/poly_ai_project_pnp-ovss/run_experiment.py --dataset pascal_voc --model blip --spatial_type superpixel_slic --granularity 300 --dropout_iters 3 --dropout_ratio 0.1
2026-04-27 13:53:47  DEBUG     CMD  set_slot 0 /usr/bin/python /home/ge.polymtl.ca/pahoa/random_stuff/poly_ai_project_pnp-ovss/run_experiment.py --dataset pascal_voc --model blip --spatial_type superpixel_slic --granularity 300 --dropout_iters 3 --dropout_ratio 0.3
2026-04-27 13:53:47  INFO        [DRY-RUN] phase2 | pascal_voc | blip | superpixel_slic g=300 dr_iters=3 dr_ratio=0.3
2026-04-27 13:53:47  INFO                  set_slot 0 /usr/bin/python /home/ge.polymtl.ca/pahoa/random_stuff/poly_ai_project_pnp-ovss/run_experiment.py --dataset pascal_voc --model blip --spatial_type superpixel_slic --granularity 300 --dropout_iters 3 --dropout_ratio 0.3
2026-04-27 13:53:47  DEBUG     CMD  set_slot 0 /usr/bin/python /home/ge.polymtl.ca/pahoa/random_stuff/poly_ai_project_pnp-ovss/run_experiment.py --dataset pascal_voc --model blip --spatial_type superpixel_slic --granularity 300 --dropout_iters 3 --dropout_ratio 0.5
2026-04-27 13:53:47  INFO        [DRY-RUN] phase2 | pascal_voc | blip | superpixel_slic g=300 dr_iters=3 dr_ratio=0.5
2026-04-27 13:53:47  INFO                  set_slot 0 /usr/bin/python /home/ge.polymtl.ca/pahoa/random_stuff/poly_ai_project_pnp-ovss/run_experiment.py --dataset pascal_voc --model blip --spatial_type superpixel_slic --granularity 300 --dropout_iters 3 --dropout_ratio 0.5
2026-04-27 13:53:47  DEBUG     CMD  set_slot 0 /usr/bin/python /home/ge.polymtl.ca/pahoa/random_stuff/poly_ai_project_pnp-ovss/run_experiment.py --dataset pascal_voc --model blip --spatial_type superpixel_slic --granularity 300 --dropout_iters 5 --dropout_ratio 0.1
2026-04-27 13:53:47  INFO        [DRY-RUN] phase2 | pascal_voc | blip | superpixel_slic g=300 dr_iters=5 dr_ratio=0.1
2026-04-27 13:53:47  INFO                  set_slot 0 /usr/bin/python /home/ge.polymtl.ca/pahoa/random_stuff/poly_ai_project_pnp-ovss/run_experiment.py --dataset pascal_voc --model blip --spatial_type superpixel_slic --granularity 300 --dropout_iters 5 --dropout_ratio 0.1
2026-04-27 13:53:47  DEBUG     CMD  set_slot 0 /usr/bin/python /home/ge.polymtl.ca/pahoa/random_stuff/poly_ai_project_pnp-ovss/run_experiment.py --dataset pascal_voc --model blip --spatial_type superpixel_slic --granularity 300 --dropout_iters 5 --dropout_ratio 0.3
2026-04-27 13:53:47  INFO        [DRY-RUN] phase2 | pascal_voc | blip | superpixel_slic g=300 dr_iters=5 dr_ratio=0.3
2026-04-27 13:53:47  INFO                  set_slot 0 /usr/bin/python /home/ge.polymtl.ca/pahoa/random_stuff/poly_ai_project_pnp-ovss/run_experiment.py --dataset pascal_voc --model blip --spatial_type superpixel_slic --granularity 300 --dropout_iters 5 --dropout_ratio 0.3
2026-04-27 13:53:47  DEBUG     CMD  set_slot 0 /usr/bin/python /home/ge.polymtl.ca/pahoa/random_stuff/poly_ai_project_pnp-ovss/run_experiment.py --dataset pascal_voc --model blip --spatial_type superpixel_slic --granularity 300 --dropout_iters 5 --dropout_ratio 0.5
2026-04-27 13:53:47  INFO        [DRY-RUN] phase2 | pascal_voc | blip | superpixel_slic g=300 dr_iters=5 dr_ratio=0.5
2026-04-27 13:53:47  INFO                  set_slot 0 /usr/bin/python /home/ge.polymtl.ca/pahoa/random_stuff/poly_ai_project_pnp-ovss/run_experiment.py --dataset pascal_voc --model blip --spatial_type superpixel_slic --granularity 300 --dropout_iters 5 --dropout_ratio 0.5
2026-04-27 13:53:47  DEBUG     CMD  set_slot 0 /usr/bin/python /home/ge.polymtl.ca/pahoa/random_stuff/poly_ai_project_pnp-ovss/run_experiment.py --dataset pascal_voc --model blip --spatial_type superpixel_slic --granularity 300 --dropout_iters 7 --dropout_ratio 0.1
2026-04-27 13:53:47  INFO        [DRY-RUN] phase2 | pascal_voc | blip | superpixel_slic g=300 dr_iters=7 dr_ratio=0.1
2026-04-27 13:53:47  INFO                  set_slot 0 /usr/bin/python /home/ge.polymtl.ca/pahoa/random_stuff/poly_ai_project_pnp-ovss/run_experiment.py --dataset pascal_voc --model blip --spatial_type superpixel_slic --granularity 300 --dropout_iters 7 --dropout_ratio 0.1
2026-04-27 13:53:47  DEBUG     CMD  set_slot 0 /usr/bin/python /home/ge.polymtl.ca/pahoa/random_stuff/poly_ai_project_pnp-ovss/run_experiment.py --dataset pascal_voc --model blip --spatial_type superpixel_slic --granularity 300 --dropout_iters 7 --dropout_ratio 0.3
2026-04-27 13:53:47  INFO        [DRY-RUN] phase2 | pascal_voc | blip | superpixel_slic g=300 dr_iters=7 dr_ratio=0.3
2026-04-27 13:53:47  INFO                  set_slot 0 /usr/bin/python /home/ge.polymtl.ca/pahoa/random_stuff/poly_ai_project_pnp-ovss/run_experiment.py --dataset pascal_voc --model blip --spatial_type superpixel_slic --granularity 300 --dropout_iters 7 --dropout_ratio 0.3
2026-04-27 13:53:47  DEBUG     CMD  set_slot 0 /usr/bin/python /home/ge.polymtl.ca/pahoa/random_stuff/poly_ai_project_pnp-ovss/run_experiment.py --dataset pascal_voc --model blip --spatial_type superpixel_slic --granularity 300 --dropout_iters 7 --dropout_ratio 0.5
2026-04-27 13:53:47  INFO        [DRY-RUN] phase2 | pascal_voc | blip | superpixel_slic g=300 dr_iters=7 dr_ratio=0.5
2026-04-27 13:53:47  INFO                  set_slot 0 /usr/bin/python /home/ge.polymtl.ca/pahoa/random_stuff/poly_ai_project_pnp-ovss/run_experiment.py --dataset pascal_voc --model blip --spatial_type superpixel_slic --granularity 300 --dropout_iters 7 --dropout_ratio 0.5
2026-04-27 13:53:47  INFO        Phase 2 done  ok=45  fail=0
2026-04-27 13:53:47  INFO        ── Phase 3 ──
2026-04-27 13:53:47  DEBUG     CMD  set_slot 0 /usr/bin/python /home/ge.polymtl.ca/pahoa/random_stuff/poly_ai_project_pnp-ovss/run_experiment.py --dataset pascal_voc --model blip --tuning_metric zero_shot_heuristic
2026-04-27 13:53:47  INFO        [DRY-RUN] phase3 | pascal_voc | blip | metric=zero_shot_heuristic
2026-04-27 13:53:47  INFO                  set_slot 0 /usr/bin/python /home/ge.polymtl.ca/pahoa/random_stuff/poly_ai_project_pnp-ovss/run_experiment.py --dataset pascal_voc --model blip --tuning_metric zero_shot_heuristic
2026-04-27 13:53:47  DEBUG     CMD  set_slot 0 /usr/bin/python /home/ge.polymtl.ca/pahoa/random_stuff/poly_ai_project_pnp-ovss/run_experiment.py --dataset pascal_voc --model blip --tuning_metric supervised_mdice
2026-04-27 13:53:47  INFO        [DRY-RUN] phase3 | pascal_voc | blip | metric=supervised_mdice
2026-04-27 13:53:47  INFO                  set_slot 0 /usr/bin/python /home/ge.polymtl.ca/pahoa/random_stuff/poly_ai_project_pnp-ovss/run_experiment.py --dataset pascal_voc --model blip --tuning_metric supervised_mdice
2026-04-27 13:53:47  INFO        Phase 3 done  ok=2  fail=0
2026-04-27 13:53:47  INFO        ── Phase 4 ──
2026-04-27 13:53:47  DEBUG     CMD  set_slot 0 /usr/bin/python /home/ge.polymtl.ca/pahoa/random_stuff/poly_ai_project_pnp-ovss/run_experiment.py --run_final_eval True --dataset pascal_voc --model blip
2026-04-27 13:53:47  INFO        [DRY-RUN] phase4 | pascal_voc | blip
2026-04-27 13:53:47  INFO                  set_slot 0 /usr/bin/python /home/ge.polymtl.ca/pahoa/random_stuff/poly_ai_project_pnp-ovss/run_experiment.py --run_final_eval True --dataset pascal_voc --model blip
2026-04-27 13:53:47  INFO        Phase 4 done  ok=1  fail=0
2026-04-27 13:53:47  INFO      ━━━━━━━━━━━━━━━━━━━━━━━━━━━━━━━━━━━━━━━━━━━━━━━━━━━━━━━━━━━━━━━━━━━━━━━━
2026-04-27 13:53:47  INFO        PAIR  dataset=pascal_voc       model=bridgetower
2026-04-27 13:53:47  INFO      ━━━━━━━━━━━━━━━━━━━━━━━━━━━━━━━━━━━━━━━━━━━━━━━━━━━━━━━━━━━━━━━━━━━━━━━━
2026-04-27 13:53:47  INFO        ── Phase 1 ──
2026-04-27 13:53:47  DEBUG     CMD  set_slot 0 /usr/bin/python /home/ge.polymtl.ca/pahoa/random_stuff/poly_ai_project_pnp-ovss/run_experiment.py --dataset pascal_voc --model bridgetower --spatial_type grid --tuning_metric zero_shot_heuristic
2026-04-27 13:53:47  INFO        [DRY-RUN] phase1 | pascal_voc | bridgetower
2026-04-27 13:53:47  INFO                  set_slot 0 /usr/bin/python /home/ge.polymtl.ca/pahoa/random_stuff/poly_ai_project_pnp-ovss/run_experiment.py --dataset pascal_voc --model bridgetower --spatial_type grid --tuning_metric zero_shot_heuristic
2026-04-27 13:53:47  INFO        Phase 1 done  ok=1  fail=0
2026-04-27 13:53:47  INFO        ── Phase 2 ──
2026-04-27 13:53:47  DEBUG     CMD  set_slot 0 /usr/bin/python /home/ge.polymtl.ca/pahoa/random_stuff/poly_ai_project_pnp-ovss/run_experiment.py --dataset pascal_voc --model bridgetower --spatial_type grid --granularity 16 --dropout_iters 3 --dropout_ratio 0.1
2026-04-27 13:53:47  INFO        [DRY-RUN] phase2 | pascal_voc | bridgetower | grid g=16 dr_iters=3 dr_ratio=0.1
2026-04-27 13:53:47  INFO                  set_slot 0 /usr/bin/python /home/ge.polymtl.ca/pahoa/random_stuff/poly_ai_project_pnp-ovss/run_experiment.py --dataset pascal_voc --model bridgetower --spatial_type grid --granularity 16 --dropout_iters 3 --dropout_ratio 0.1
2026-04-27 13:53:47  DEBUG     CMD  set_slot 0 /usr/bin/python /home/ge.polymtl.ca/pahoa/random_stuff/poly_ai_project_pnp-ovss/run_experiment.py --dataset pascal_voc --model bridgetower --spatial_type grid --granularity 16 --dropout_iters 3 --dropout_ratio 0.3
2026-04-27 13:53:47  INFO        [DRY-RUN] phase2 | pascal_voc | bridgetower | grid g=16 dr_iters=3 dr_ratio=0.3
2026-04-27 13:53:47  INFO                  set_slot 0 /usr/bin/python /home/ge.polymtl.ca/pahoa/random_stuff/poly_ai_project_pnp-ovss/run_experiment.py --dataset pascal_voc --model bridgetower --spatial_type grid --granularity 16 --dropout_iters 3 --dropout_ratio 0.3
2026-04-27 13:53:47  DEBUG     CMD  set_slot 0 /usr/bin/python /home/ge.polymtl.ca/pahoa/random_stuff/poly_ai_project_pnp-ovss/run_experiment.py --dataset pascal_voc --model bridgetower --spatial_type grid --granularity 16 --dropout_iters 3 --dropout_ratio 0.5
2026-04-27 13:53:47  INFO        [DRY-RUN] phase2 | pascal_voc | bridgetower | grid g=16 dr_iters=3 dr_ratio=0.5
2026-04-27 13:53:47  INFO                  set_slot 0 /usr/bin/python /home/ge.polymtl.ca/pahoa/random_stuff/poly_ai_project_pnp-ovss/run_experiment.py --dataset pascal_voc --model bridgetower --spatial_type grid --granularity 16 --dropout_iters 3 --dropout_ratio 0.5
2026-04-27 13:53:47  DEBUG     CMD  set_slot 0 /usr/bin/python /home/ge.polymtl.ca/pahoa/random_stuff/poly_ai_project_pnp-ovss/run_experiment.py --dataset pascal_voc --model bridgetower --spatial_type grid --granularity 16 --dropout_iters 5 --dropout_ratio 0.1
2026-04-27 13:53:47  INFO        [DRY-RUN] phase2 | pascal_voc | bridgetower | grid g=16 dr_iters=5 dr_ratio=0.1
2026-04-27 13:53:47  INFO                  set_slot 0 /usr/bin/python /home/ge.polymtl.ca/pahoa/random_stuff/poly_ai_project_pnp-ovss/run_experiment.py --dataset pascal_voc --model bridgetower --spatial_type grid --granularity 16 --dropout_iters 5 --dropout_ratio 0.1
2026-04-27 13:53:47  DEBUG     CMD  set_slot 0 /usr/bin/python /home/ge.polymtl.ca/pahoa/random_stuff/poly_ai_project_pnp-ovss/run_experiment.py --dataset pascal_voc --model bridgetower --spatial_type grid --granularity 16 --dropout_iters 5 --dropout_ratio 0.3
2026-04-27 13:53:47  INFO        [DRY-RUN] phase2 | pascal_voc | bridgetower | grid g=16 dr_iters=5 dr_ratio=0.3
2026-04-27 13:53:47  INFO                  set_slot 0 /usr/bin/python /home/ge.polymtl.ca/pahoa/random_stuff/poly_ai_project_pnp-ovss/run_experiment.py --dataset pascal_voc --model bridgetower --spatial_type grid --granularity 16 --dropout_iters 5 --dropout_ratio 0.3
2026-04-27 13:53:47  DEBUG     CMD  set_slot 0 /usr/bin/python /home/ge.polymtl.ca/pahoa/random_stuff/poly_ai_project_pnp-ovss/run_experiment.py --dataset pascal_voc --model bridgetower --spatial_type grid --granularity 16 --dropout_iters 5 --dropout_ratio 0.5
2026-04-27 13:53:47  INFO        [DRY-RUN] phase2 | pascal_voc | bridgetower | grid g=16 dr_iters=5 dr_ratio=0.5
2026-04-27 13:53:47  INFO                  set_slot 0 /usr/bin/python /home/ge.polymtl.ca/pahoa/random_stuff/poly_ai_project_pnp-ovss/run_experiment.py --dataset pascal_voc --model bridgetower --spatial_type grid --granularity 16 --dropout_iters 5 --dropout_ratio 0.5
2026-04-27 13:53:47  DEBUG     CMD  set_slot 0 /usr/bin/python /home/ge.polymtl.ca/pahoa/random_stuff/poly_ai_project_pnp-ovss/run_experiment.py --dataset pascal_voc --model bridgetower --spatial_type grid --granularity 16 --dropout_iters 7 --dropout_ratio 0.1
2026-04-27 13:53:47  INFO        [DRY-RUN] phase2 | pascal_voc | bridgetower | grid g=16 dr_iters=7 dr_ratio=0.1
2026-04-27 13:53:47  INFO                  set_slot 0 /usr/bin/python /home/ge.polymtl.ca/pahoa/random_stuff/poly_ai_project_pnp-ovss/run_experiment.py --dataset pascal_voc --model bridgetower --spatial_type grid --granularity 16 --dropout_iters 7 --dropout_ratio 0.1
2026-04-27 13:53:47  DEBUG     CMD  set_slot 0 /usr/bin/python /home/ge.polymtl.ca/pahoa/random_stuff/poly_ai_project_pnp-ovss/run_experiment.py --dataset pascal_voc --model bridgetower --spatial_type grid --granularity 16 --dropout_iters 7 --dropout_ratio 0.3
2026-04-27 13:53:47  INFO        [DRY-RUN] phase2 | pascal_voc | bridgetower | grid g=16 dr_iters=7 dr_ratio=0.3
2026-04-27 13:53:47  INFO                  set_slot 0 /usr/bin/python /home/ge.polymtl.ca/pahoa/random_stuff/poly_ai_project_pnp-ovss/run_experiment.py --dataset pascal_voc --model bridgetower --spatial_type grid --granularity 16 --dropout_iters 7 --dropout_ratio 0.3
2026-04-27 13:53:47  DEBUG     CMD  set_slot 0 /usr/bin/python /home/ge.polymtl.ca/pahoa/random_stuff/poly_ai_project_pnp-ovss/run_experiment.py --dataset pascal_voc --model bridgetower --spatial_type grid --granularity 16 --dropout_iters 7 --dropout_ratio 0.5
2026-04-27 13:53:47  INFO        [DRY-RUN] phase2 | pascal_voc | bridgetower | grid g=16 dr_iters=7 dr_ratio=0.5
2026-04-27 13:53:47  INFO                  set_slot 0 /usr/bin/python /home/ge.polymtl.ca/pahoa/random_stuff/poly_ai_project_pnp-ovss/run_experiment.py --dataset pascal_voc --model bridgetower --spatial_type grid --granularity 16 --dropout_iters 7 --dropout_ratio 0.5
2026-04-27 13:53:47  DEBUG     CMD  set_slot 0 /usr/bin/python /home/ge.polymtl.ca/pahoa/random_stuff/poly_ai_project_pnp-ovss/run_experiment.py --dataset pascal_voc --model bridgetower --spatial_type grid --granularity 32 --dropout_iters 3 --dropout_ratio 0.1
2026-04-27 13:53:47  INFO        [DRY-RUN] phase2 | pascal_voc | bridgetower | grid g=32 dr_iters=3 dr_ratio=0.1
2026-04-27 13:53:47  INFO                  set_slot 0 /usr/bin/python /home/ge.polymtl.ca/pahoa/random_stuff/poly_ai_project_pnp-ovss/run_experiment.py --dataset pascal_voc --model bridgetower --spatial_type grid --granularity 32 --dropout_iters 3 --dropout_ratio 0.1
2026-04-27 13:53:47  DEBUG     CMD  set_slot 0 /usr/bin/python /home/ge.polymtl.ca/pahoa/random_stuff/poly_ai_project_pnp-ovss/run_experiment.py --dataset pascal_voc --model bridgetower --spatial_type grid --granularity 32 --dropout_iters 3 --dropout_ratio 0.3
2026-04-27 13:53:47  INFO        [DRY-RUN] phase2 | pascal_voc | bridgetower | grid g=32 dr_iters=3 dr_ratio=0.3
2026-04-27 13:53:47  INFO                  set_slot 0 /usr/bin/python /home/ge.polymtl.ca/pahoa/random_stuff/poly_ai_project_pnp-ovss/run_experiment.py --dataset pascal_voc --model bridgetower --spatial_type grid --granularity 32 --dropout_iters 3 --dropout_ratio 0.3
2026-04-27 13:53:47  DEBUG     CMD  set_slot 0 /usr/bin/python /home/ge.polymtl.ca/pahoa/random_stuff/poly_ai_project_pnp-ovss/run_experiment.py --dataset pascal_voc --model bridgetower --spatial_type grid --granularity 32 --dropout_iters 3 --dropout_ratio 0.5
2026-04-27 13:53:47  INFO        [DRY-RUN] phase2 | pascal_voc | bridgetower | grid g=32 dr_iters=3 dr_ratio=0.5
2026-04-27 13:53:47  INFO                  set_slot 0 /usr/bin/python /home/ge.polymtl.ca/pahoa/random_stuff/poly_ai_project_pnp-ovss/run_experiment.py --dataset pascal_voc --model bridgetower --spatial_type grid --granularity 32 --dropout_iters 3 --dropout_ratio 0.5
2026-04-27 13:53:47  DEBUG     CMD  set_slot 0 /usr/bin/python /home/ge.polymtl.ca/pahoa/random_stuff/poly_ai_project_pnp-ovss/run_experiment.py --dataset pascal_voc --model bridgetower --spatial_type grid --granularity 32 --dropout_iters 5 --dropout_ratio 0.1
2026-04-27 13:53:47  INFO        [DRY-RUN] phase2 | pascal_voc | bridgetower | grid g=32 dr_iters=5 dr_ratio=0.1
2026-04-27 13:53:47  INFO                  set_slot 0 /usr/bin/python /home/ge.polymtl.ca/pahoa/random_stuff/poly_ai_project_pnp-ovss/run_experiment.py --dataset pascal_voc --model bridgetower --spatial_type grid --granularity 32 --dropout_iters 5 --dropout_ratio 0.1
2026-04-27 13:53:47  DEBUG     CMD  set_slot 0 /usr/bin/python /home/ge.polymtl.ca/pahoa/random_stuff/poly_ai_project_pnp-ovss/run_experiment.py --dataset pascal_voc --model bridgetower --spatial_type grid --granularity 32 --dropout_iters 5 --dropout_ratio 0.3
2026-04-27 13:53:47  INFO        [DRY-RUN] phase2 | pascal_voc | bridgetower | grid g=32 dr_iters=5 dr_ratio=0.3
2026-04-27 13:53:47  INFO                  set_slot 0 /usr/bin/python /home/ge.polymtl.ca/pahoa/random_stuff/poly_ai_project_pnp-ovss/run_experiment.py --dataset pascal_voc --model bridgetower --spatial_type grid --granularity 32 --dropout_iters 5 --dropout_ratio 0.3
2026-04-27 13:53:47  DEBUG     CMD  set_slot 0 /usr/bin/python /home/ge.polymtl.ca/pahoa/random_stuff/poly_ai_project_pnp-ovss/run_experiment.py --dataset pascal_voc --model bridgetower --spatial_type grid --granularity 32 --dropout_iters 5 --dropout_ratio 0.5
2026-04-27 13:53:47  INFO        [DRY-RUN] phase2 | pascal_voc | bridgetower | grid g=32 dr_iters=5 dr_ratio=0.5
2026-04-27 13:53:47  INFO                  set_slot 0 /usr/bin/python /home/ge.polymtl.ca/pahoa/random_stuff/poly_ai_project_pnp-ovss/run_experiment.py --dataset pascal_voc --model bridgetower --spatial_type grid --granularity 32 --dropout_iters 5 --dropout_ratio 0.5
2026-04-27 13:53:47  DEBUG     CMD  set_slot 0 /usr/bin/python /home/ge.polymtl.ca/pahoa/random_stuff/poly_ai_project_pnp-ovss/run_experiment.py --dataset pascal_voc --model bridgetower --spatial_type grid --granularity 32 --dropout_iters 7 --dropout_ratio 0.1
2026-04-27 13:53:47  INFO        [DRY-RUN] phase2 | pascal_voc | bridgetower | grid g=32 dr_iters=7 dr_ratio=0.1
2026-04-27 13:53:47  INFO                  set_slot 0 /usr/bin/python /home/ge.polymtl.ca/pahoa/random_stuff/poly_ai_project_pnp-ovss/run_experiment.py --dataset pascal_voc --model bridgetower --spatial_type grid --granularity 32 --dropout_iters 7 --dropout_ratio 0.1
2026-04-27 13:53:47  DEBUG     CMD  set_slot 0 /usr/bin/python /home/ge.polymtl.ca/pahoa/random_stuff/poly_ai_project_pnp-ovss/run_experiment.py --dataset pascal_voc --model bridgetower --spatial_type grid --granularity 32 --dropout_iters 7 --dropout_ratio 0.3
2026-04-27 13:53:47  INFO        [DRY-RUN] phase2 | pascal_voc | bridgetower | grid g=32 dr_iters=7 dr_ratio=0.3
2026-04-27 13:53:47  INFO                  set_slot 0 /usr/bin/python /home/ge.polymtl.ca/pahoa/random_stuff/poly_ai_project_pnp-ovss/run_experiment.py --dataset pascal_voc --model bridgetower --spatial_type grid --granularity 32 --dropout_iters 7 --dropout_ratio 0.3
2026-04-27 13:53:47  DEBUG     CMD  set_slot 0 /usr/bin/python /home/ge.polymtl.ca/pahoa/random_stuff/poly_ai_project_pnp-ovss/run_experiment.py --dataset pascal_voc --model bridgetower --spatial_type grid --granularity 32 --dropout_iters 7 --dropout_ratio 0.5
2026-04-27 13:53:47  INFO        [DRY-RUN] phase2 | pascal_voc | bridgetower | grid g=32 dr_iters=7 dr_ratio=0.5
2026-04-27 13:53:47  INFO                  set_slot 0 /usr/bin/python /home/ge.polymtl.ca/pahoa/random_stuff/poly_ai_project_pnp-ovss/run_experiment.py --dataset pascal_voc --model bridgetower --spatial_type grid --granularity 32 --dropout_iters 7 --dropout_ratio 0.5
2026-04-27 13:53:47  DEBUG     CMD  set_slot 0 /usr/bin/python /home/ge.polymtl.ca/pahoa/random_stuff/poly_ai_project_pnp-ovss/run_experiment.py --dataset pascal_voc --model bridgetower --spatial_type superpixel_slic --granularity 100 --dropout_iters 3 --dropout_ratio 0.1
2026-04-27 13:53:47  INFO        [DRY-RUN] phase2 | pascal_voc | bridgetower | superpixel_slic g=100 dr_iters=3 dr_ratio=0.1
2026-04-27 13:53:47  INFO                  set_slot 0 /usr/bin/python /home/ge.polymtl.ca/pahoa/random_stuff/poly_ai_project_pnp-ovss/run_experiment.py --dataset pascal_voc --model bridgetower --spatial_type superpixel_slic --granularity 100 --dropout_iters 3 --dropout_ratio 0.1
2026-04-27 13:53:47  DEBUG     CMD  set_slot 0 /usr/bin/python /home/ge.polymtl.ca/pahoa/random_stuff/poly_ai_project_pnp-ovss/run_experiment.py --dataset pascal_voc --model bridgetower --spatial_type superpixel_slic --granularity 100 --dropout_iters 3 --dropout_ratio 0.3
2026-04-27 13:53:47  INFO        [DRY-RUN] phase2 | pascal_voc | bridgetower | superpixel_slic g=100 dr_iters=3 dr_ratio=0.3
2026-04-27 13:53:47  INFO                  set_slot 0 /usr/bin/python /home/ge.polymtl.ca/pahoa/random_stuff/poly_ai_project_pnp-ovss/run_experiment.py --dataset pascal_voc --model bridgetower --spatial_type superpixel_slic --granularity 100 --dropout_iters 3 --dropout_ratio 0.3
2026-04-27 13:53:47  DEBUG     CMD  set_slot 0 /usr/bin/python /home/ge.polymtl.ca/pahoa/random_stuff/poly_ai_project_pnp-ovss/run_experiment.py --dataset pascal_voc --model bridgetower --spatial_type superpixel_slic --granularity 100 --dropout_iters 3 --dropout_ratio 0.5
2026-04-27 13:53:47  INFO        [DRY-RUN] phase2 | pascal_voc | bridgetower | superpixel_slic g=100 dr_iters=3 dr_ratio=0.5
2026-04-27 13:53:47  INFO                  set_slot 0 /usr/bin/python /home/ge.polymtl.ca/pahoa/random_stuff/poly_ai_project_pnp-ovss/run_experiment.py --dataset pascal_voc --model bridgetower --spatial_type superpixel_slic --granularity 100 --dropout_iters 3 --dropout_ratio 0.5
2026-04-27 13:53:47  DEBUG     CMD  set_slot 0 /usr/bin/python /home/ge.polymtl.ca/pahoa/random_stuff/poly_ai_project_pnp-ovss/run_experiment.py --dataset pascal_voc --model bridgetower --spatial_type superpixel_slic --granularity 100 --dropout_iters 5 --dropout_ratio 0.1
2026-04-27 13:53:47  INFO        [DRY-RUN] phase2 | pascal_voc | bridgetower | superpixel_slic g=100 dr_iters=5 dr_ratio=0.1
2026-04-27 13:53:47  INFO                  set_slot 0 /usr/bin/python /home/ge.polymtl.ca/pahoa/random_stuff/poly_ai_project_pnp-ovss/run_experiment.py --dataset pascal_voc --model bridgetower --spatial_type superpixel_slic --granularity 100 --dropout_iters 5 --dropout_ratio 0.1
2026-04-27 13:53:47  DEBUG     CMD  set_slot 0 /usr/bin/python /home/ge.polymtl.ca/pahoa/random_stuff/poly_ai_project_pnp-ovss/run_experiment.py --dataset pascal_voc --model bridgetower --spatial_type superpixel_slic --granularity 100 --dropout_iters 5 --dropout_ratio 0.3
2026-04-27 13:53:47  INFO        [DRY-RUN] phase2 | pascal_voc | bridgetower | superpixel_slic g=100 dr_iters=5 dr_ratio=0.3
2026-04-27 13:53:47  INFO                  set_slot 0 /usr/bin/python /home/ge.polymtl.ca/pahoa/random_stuff/poly_ai_project_pnp-ovss/run_experiment.py --dataset pascal_voc --model bridgetower --spatial_type superpixel_slic --granularity 100 --dropout_iters 5 --dropout_ratio 0.3
2026-04-27 13:53:47  DEBUG     CMD  set_slot 0 /usr/bin/python /home/ge.polymtl.ca/pahoa/random_stuff/poly_ai_project_pnp-ovss/run_experiment.py --dataset pascal_voc --model bridgetower --spatial_type superpixel_slic --granularity 100 --dropout_iters 5 --dropout_ratio 0.5
2026-04-27 13:53:47  INFO        [DRY-RUN] phase2 | pascal_voc | bridgetower | superpixel_slic g=100 dr_iters=5 dr_ratio=0.5
2026-04-27 13:53:47  INFO                  set_slot 0 /usr/bin/python /home/ge.polymtl.ca/pahoa/random_stuff/poly_ai_project_pnp-ovss/run_experiment.py --dataset pascal_voc --model bridgetower --spatial_type superpixel_slic --granularity 100 --dropout_iters 5 --dropout_ratio 0.5
2026-04-27 13:53:47  DEBUG     CMD  set_slot 0 /usr/bin/python /home/ge.polymtl.ca/pahoa/random_stuff/poly_ai_project_pnp-ovss/run_experiment.py --dataset pascal_voc --model bridgetower --spatial_type superpixel_slic --granularity 100 --dropout_iters 7 --dropout_ratio 0.1
2026-04-27 13:53:47  INFO        [DRY-RUN] phase2 | pascal_voc | bridgetower | superpixel_slic g=100 dr_iters=7 dr_ratio=0.1
2026-04-27 13:53:47  INFO                  set_slot 0 /usr/bin/python /home/ge.polymtl.ca/pahoa/random_stuff/poly_ai_project_pnp-ovss/run_experiment.py --dataset pascal_voc --model bridgetower --spatial_type superpixel_slic --granularity 100 --dropout_iters 7 --dropout_ratio 0.1
2026-04-27 13:53:47  DEBUG     CMD  set_slot 0 /usr/bin/python /home/ge.polymtl.ca/pahoa/random_stuff/poly_ai_project_pnp-ovss/run_experiment.py --dataset pascal_voc --model bridgetower --spatial_type superpixel_slic --granularity 100 --dropout_iters 7 --dropout_ratio 0.3
2026-04-27 13:53:47  INFO        [DRY-RUN] phase2 | pascal_voc | bridgetower | superpixel_slic g=100 dr_iters=7 dr_ratio=0.3
2026-04-27 13:53:47  INFO                  set_slot 0 /usr/bin/python /home/ge.polymtl.ca/pahoa/random_stuff/poly_ai_project_pnp-ovss/run_experiment.py --dataset pascal_voc --model bridgetower --spatial_type superpixel_slic --granularity 100 --dropout_iters 7 --dropout_ratio 0.3
2026-04-27 13:53:47  DEBUG     CMD  set_slot 0 /usr/bin/python /home/ge.polymtl.ca/pahoa/random_stuff/poly_ai_project_pnp-ovss/run_experiment.py --dataset pascal_voc --model bridgetower --spatial_type superpixel_slic --granularity 100 --dropout_iters 7 --dropout_ratio 0.5
2026-04-27 13:53:47  INFO        [DRY-RUN] phase2 | pascal_voc | bridgetower | superpixel_slic g=100 dr_iters=7 dr_ratio=0.5
2026-04-27 13:53:47  INFO                  set_slot 0 /usr/bin/python /home/ge.polymtl.ca/pahoa/random_stuff/poly_ai_project_pnp-ovss/run_experiment.py --dataset pascal_voc --model bridgetower --spatial_type superpixel_slic --granularity 100 --dropout_iters 7 --dropout_ratio 0.5
2026-04-27 13:53:47  DEBUG     CMD  set_slot 0 /usr/bin/python /home/ge.polymtl.ca/pahoa/random_stuff/poly_ai_project_pnp-ovss/run_experiment.py --dataset pascal_voc --model bridgetower --spatial_type superpixel_slic --granularity 200 --dropout_iters 3 --dropout_ratio 0.1
2026-04-27 13:53:47  INFO        [DRY-RUN] phase2 | pascal_voc | bridgetower | superpixel_slic g=200 dr_iters=3 dr_ratio=0.1
2026-04-27 13:53:47  INFO                  set_slot 0 /usr/bin/python /home/ge.polymtl.ca/pahoa/random_stuff/poly_ai_project_pnp-ovss/run_experiment.py --dataset pascal_voc --model bridgetower --spatial_type superpixel_slic --granularity 200 --dropout_iters 3 --dropout_ratio 0.1
2026-04-27 13:53:47  DEBUG     CMD  set_slot 0 /usr/bin/python /home/ge.polymtl.ca/pahoa/random_stuff/poly_ai_project_pnp-ovss/run_experiment.py --dataset pascal_voc --model bridgetower --spatial_type superpixel_slic --granularity 200 --dropout_iters 3 --dropout_ratio 0.3
2026-04-27 13:53:47  INFO        [DRY-RUN] phase2 | pascal_voc | bridgetower | superpixel_slic g=200 dr_iters=3 dr_ratio=0.3
2026-04-27 13:53:47  INFO                  set_slot 0 /usr/bin/python /home/ge.polymtl.ca/pahoa/random_stuff/poly_ai_project_pnp-ovss/run_experiment.py --dataset pascal_voc --model bridgetower --spatial_type superpixel_slic --granularity 200 --dropout_iters 3 --dropout_ratio 0.3
2026-04-27 13:53:47  DEBUG     CMD  set_slot 0 /usr/bin/python /home/ge.polymtl.ca/pahoa/random_stuff/poly_ai_project_pnp-ovss/run_experiment.py --dataset pascal_voc --model bridgetower --spatial_type superpixel_slic --granularity 200 --dropout_iters 3 --dropout_ratio 0.5
2026-04-27 13:53:47  INFO        [DRY-RUN] phase2 | pascal_voc | bridgetower | superpixel_slic g=200 dr_iters=3 dr_ratio=0.5
2026-04-27 13:53:47  INFO                  set_slot 0 /usr/bin/python /home/ge.polymtl.ca/pahoa/random_stuff/poly_ai_project_pnp-ovss/run_experiment.py --dataset pascal_voc --model bridgetower --spatial_type superpixel_slic --granularity 200 --dropout_iters 3 --dropout_ratio 0.5
2026-04-27 13:53:47  DEBUG     CMD  set_slot 0 /usr/bin/python /home/ge.polymtl.ca/pahoa/random_stuff/poly_ai_project_pnp-ovss/run_experiment.py --dataset pascal_voc --model bridgetower --spatial_type superpixel_slic --granularity 200 --dropout_iters 5 --dropout_ratio 0.1
2026-04-27 13:53:47  INFO        [DRY-RUN] phase2 | pascal_voc | bridgetower | superpixel_slic g=200 dr_iters=5 dr_ratio=0.1
2026-04-27 13:53:47  INFO                  set_slot 0 /usr/bin/python /home/ge.polymtl.ca/pahoa/random_stuff/poly_ai_project_pnp-ovss/run_experiment.py --dataset pascal_voc --model bridgetower --spatial_type superpixel_slic --granularity 200 --dropout_iters 5 --dropout_ratio 0.1
2026-04-27 13:53:47  DEBUG     CMD  set_slot 0 /usr/bin/python /home/ge.polymtl.ca/pahoa/random_stuff/poly_ai_project_pnp-ovss/run_experiment.py --dataset pascal_voc --model bridgetower --spatial_type superpixel_slic --granularity 200 --dropout_iters 5 --dropout_ratio 0.3
2026-04-27 13:53:47  INFO        [DRY-RUN] phase2 | pascal_voc | bridgetower | superpixel_slic g=200 dr_iters=5 dr_ratio=0.3
2026-04-27 13:53:47  INFO                  set_slot 0 /usr/bin/python /home/ge.polymtl.ca/pahoa/random_stuff/poly_ai_project_pnp-ovss/run_experiment.py --dataset pascal_voc --model bridgetower --spatial_type superpixel_slic --granularity 200 --dropout_iters 5 --dropout_ratio 0.3
2026-04-27 13:53:47  DEBUG     CMD  set_slot 0 /usr/bin/python /home/ge.polymtl.ca/pahoa/random_stuff/poly_ai_project_pnp-ovss/run_experiment.py --dataset pascal_voc --model bridgetower --spatial_type superpixel_slic --granularity 200 --dropout_iters 5 --dropout_ratio 0.5
2026-04-27 13:53:47  INFO        [DRY-RUN] phase2 | pascal_voc | bridgetower | superpixel_slic g=200 dr_iters=5 dr_ratio=0.5
2026-04-27 13:53:47  INFO                  set_slot 0 /usr/bin/python /home/ge.polymtl.ca/pahoa/random_stuff/poly_ai_project_pnp-ovss/run_experiment.py --dataset pascal_voc --model bridgetower --spatial_type superpixel_slic --granularity 200 --dropout_iters 5 --dropout_ratio 0.5
2026-04-27 13:53:47  DEBUG     CMD  set_slot 0 /usr/bin/python /home/ge.polymtl.ca/pahoa/random_stuff/poly_ai_project_pnp-ovss/run_experiment.py --dataset pascal_voc --model bridgetower --spatial_type superpixel_slic --granularity 200 --dropout_iters 7 --dropout_ratio 0.1
2026-04-27 13:53:47  INFO        [DRY-RUN] phase2 | pascal_voc | bridgetower | superpixel_slic g=200 dr_iters=7 dr_ratio=0.1
2026-04-27 13:53:47  INFO                  set_slot 0 /usr/bin/python /home/ge.polymtl.ca/pahoa/random_stuff/poly_ai_project_pnp-ovss/run_experiment.py --dataset pascal_voc --model bridgetower --spatial_type superpixel_slic --granularity 200 --dropout_iters 7 --dropout_ratio 0.1
2026-04-27 13:53:47  DEBUG     CMD  set_slot 0 /usr/bin/python /home/ge.polymtl.ca/pahoa/random_stuff/poly_ai_project_pnp-ovss/run_experiment.py --dataset pascal_voc --model bridgetower --spatial_type superpixel_slic --granularity 200 --dropout_iters 7 --dropout_ratio 0.3
2026-04-27 13:53:47  INFO        [DRY-RUN] phase2 | pascal_voc | bridgetower | superpixel_slic g=200 dr_iters=7 dr_ratio=0.3
2026-04-27 13:53:47  INFO                  set_slot 0 /usr/bin/python /home/ge.polymtl.ca/pahoa/random_stuff/poly_ai_project_pnp-ovss/run_experiment.py --dataset pascal_voc --model bridgetower --spatial_type superpixel_slic --granularity 200 --dropout_iters 7 --dropout_ratio 0.3
2026-04-27 13:53:47  DEBUG     CMD  set_slot 0 /usr/bin/python /home/ge.polymtl.ca/pahoa/random_stuff/poly_ai_project_pnp-ovss/run_experiment.py --dataset pascal_voc --model bridgetower --spatial_type superpixel_slic --granularity 200 --dropout_iters 7 --dropout_ratio 0.5
2026-04-27 13:53:47  INFO        [DRY-RUN] phase2 | pascal_voc | bridgetower | superpixel_slic g=200 dr_iters=7 dr_ratio=0.5
2026-04-27 13:53:47  INFO                  set_slot 0 /usr/bin/python /home/ge.polymtl.ca/pahoa/random_stuff/poly_ai_project_pnp-ovss/run_experiment.py --dataset pascal_voc --model bridgetower --spatial_type superpixel_slic --granularity 200 --dropout_iters 7 --dropout_ratio 0.5
2026-04-27 13:53:47  DEBUG     CMD  set_slot 0 /usr/bin/python /home/ge.polymtl.ca/pahoa/random_stuff/poly_ai_project_pnp-ovss/run_experiment.py --dataset pascal_voc --model bridgetower --spatial_type superpixel_slic --granularity 300 --dropout_iters 3 --dropout_ratio 0.1
2026-04-27 13:53:47  INFO        [DRY-RUN] phase2 | pascal_voc | bridgetower | superpixel_slic g=300 dr_iters=3 dr_ratio=0.1
2026-04-27 13:53:47  INFO                  set_slot 0 /usr/bin/python /home/ge.polymtl.ca/pahoa/random_stuff/poly_ai_project_pnp-ovss/run_experiment.py --dataset pascal_voc --model bridgetower --spatial_type superpixel_slic --granularity 300 --dropout_iters 3 --dropout_ratio 0.1
2026-04-27 13:53:47  DEBUG     CMD  set_slot 0 /usr/bin/python /home/ge.polymtl.ca/pahoa/random_stuff/poly_ai_project_pnp-ovss/run_experiment.py --dataset pascal_voc --model bridgetower --spatial_type superpixel_slic --granularity 300 --dropout_iters 3 --dropout_ratio 0.3
2026-04-27 13:53:47  INFO        [DRY-RUN] phase2 | pascal_voc | bridgetower | superpixel_slic g=300 dr_iters=3 dr_ratio=0.3
2026-04-27 13:53:47  INFO                  set_slot 0 /usr/bin/python /home/ge.polymtl.ca/pahoa/random_stuff/poly_ai_project_pnp-ovss/run_experiment.py --dataset pascal_voc --model bridgetower --spatial_type superpixel_slic --granularity 300 --dropout_iters 3 --dropout_ratio 0.3
2026-04-27 13:53:47  DEBUG     CMD  set_slot 0 /usr/bin/python /home/ge.polymtl.ca/pahoa/random_stuff/poly_ai_project_pnp-ovss/run_experiment.py --dataset pascal_voc --model bridgetower --spatial_type superpixel_slic --granularity 300 --dropout_iters 3 --dropout_ratio 0.5
2026-04-27 13:53:47  INFO        [DRY-RUN] phase2 | pascal_voc | bridgetower | superpixel_slic g=300 dr_iters=3 dr_ratio=0.5
2026-04-27 13:53:47  INFO                  set_slot 0 /usr/bin/python /home/ge.polymtl.ca/pahoa/random_stuff/poly_ai_project_pnp-ovss/run_experiment.py --dataset pascal_voc --model bridgetower --spatial_type superpixel_slic --granularity 300 --dropout_iters 3 --dropout_ratio 0.5
2026-04-27 13:53:47  DEBUG     CMD  set_slot 0 /usr/bin/python /home/ge.polymtl.ca/pahoa/random_stuff/poly_ai_project_pnp-ovss/run_experiment.py --dataset pascal_voc --model bridgetower --spatial_type superpixel_slic --granularity 300 --dropout_iters 5 --dropout_ratio 0.1
2026-04-27 13:53:47  INFO        [DRY-RUN] phase2 | pascal_voc | bridgetower | superpixel_slic g=300 dr_iters=5 dr_ratio=0.1
2026-04-27 13:53:47  INFO                  set_slot 0 /usr/bin/python /home/ge.polymtl.ca/pahoa/random_stuff/poly_ai_project_pnp-ovss/run_experiment.py --dataset pascal_voc --model bridgetower --spatial_type superpixel_slic --granularity 300 --dropout_iters 5 --dropout_ratio 0.1
2026-04-27 13:53:47  DEBUG     CMD  set_slot 0 /usr/bin/python /home/ge.polymtl.ca/pahoa/random_stuff/poly_ai_project_pnp-ovss/run_experiment.py --dataset pascal_voc --model bridgetower --spatial_type superpixel_slic --granularity 300 --dropout_iters 5 --dropout_ratio 0.3
2026-04-27 13:53:47  INFO        [DRY-RUN] phase2 | pascal_voc | bridgetower | superpixel_slic g=300 dr_iters=5 dr_ratio=0.3
2026-04-27 13:53:47  INFO                  set_slot 0 /usr/bin/python /home/ge.polymtl.ca/pahoa/random_stuff/poly_ai_project_pnp-ovss/run_experiment.py --dataset pascal_voc --model bridgetower --spatial_type superpixel_slic --granularity 300 --dropout_iters 5 --dropout_ratio 0.3
2026-04-27 13:53:47  DEBUG     CMD  set_slot 0 /usr/bin/python /home/ge.polymtl.ca/pahoa/random_stuff/poly_ai_project_pnp-ovss/run_experiment.py --dataset pascal_voc --model bridgetower --spatial_type superpixel_slic --granularity 300 --dropout_iters 5 --dropout_ratio 0.5
2026-04-27 13:53:47  INFO        [DRY-RUN] phase2 | pascal_voc | bridgetower | superpixel_slic g=300 dr_iters=5 dr_ratio=0.5
2026-04-27 13:53:47  INFO                  set_slot 0 /usr/bin/python /home/ge.polymtl.ca/pahoa/random_stuff/poly_ai_project_pnp-ovss/run_experiment.py --dataset pascal_voc --model bridgetower --spatial_type superpixel_slic --granularity 300 --dropout_iters 5 --dropout_ratio 0.5
2026-04-27 13:53:47  DEBUG     CMD  set_slot 0 /usr/bin/python /home/ge.polymtl.ca/pahoa/random_stuff/poly_ai_project_pnp-ovss/run_experiment.py --dataset pascal_voc --model bridgetower --spatial_type superpixel_slic --granularity 300 --dropout_iters 7 --dropout_ratio 0.1
2026-04-27 13:53:47  INFO        [DRY-RUN] phase2 | pascal_voc | bridgetower | superpixel_slic g=300 dr_iters=7 dr_ratio=0.1
2026-04-27 13:53:47  INFO                  set_slot 0 /usr/bin/python /home/ge.polymtl.ca/pahoa/random_stuff/poly_ai_project_pnp-ovss/run_experiment.py --dataset pascal_voc --model bridgetower --spatial_type superpixel_slic --granularity 300 --dropout_iters 7 --dropout_ratio 0.1
2026-04-27 13:53:47  DEBUG     CMD  set_slot 0 /usr/bin/python /home/ge.polymtl.ca/pahoa/random_stuff/poly_ai_project_pnp-ovss/run_experiment.py --dataset pascal_voc --model bridgetower --spatial_type superpixel_slic --granularity 300 --dropout_iters 7 --dropout_ratio 0.3
2026-04-27 13:53:47  INFO        [DRY-RUN] phase2 | pascal_voc | bridgetower | superpixel_slic g=300 dr_iters=7 dr_ratio=0.3
2026-04-27 13:53:47  INFO                  set_slot 0 /usr/bin/python /home/ge.polymtl.ca/pahoa/random_stuff/poly_ai_project_pnp-ovss/run_experiment.py --dataset pascal_voc --model bridgetower --spatial_type superpixel_slic --granularity 300 --dropout_iters 7 --dropout_ratio 0.3
2026-04-27 13:53:47  DEBUG     CMD  set_slot 0 /usr/bin/python /home/ge.polymtl.ca/pahoa/random_stuff/poly_ai_project_pnp-ovss/run_experiment.py --dataset pascal_voc --model bridgetower --spatial_type superpixel_slic --granularity 300 --dropout_iters 7 --dropout_ratio 0.5
2026-04-27 13:53:47  INFO        [DRY-RUN] phase2 | pascal_voc | bridgetower | superpixel_slic g=300 dr_iters=7 dr_ratio=0.5
2026-04-27 13:53:47  INFO                  set_slot 0 /usr/bin/python /home/ge.polymtl.ca/pahoa/random_stuff/poly_ai_project_pnp-ovss/run_experiment.py --dataset pascal_voc --model bridgetower --spatial_type superpixel_slic --granularity 300 --dropout_iters 7 --dropout_ratio 0.5
2026-04-27 13:53:47  INFO        Phase 2 done  ok=45  fail=0
2026-04-27 13:53:47  INFO        ── Phase 3 ──
2026-04-27 13:53:47  DEBUG     CMD  set_slot 0 /usr/bin/python /home/ge.polymtl.ca/pahoa/random_stuff/poly_ai_project_pnp-ovss/run_experiment.py --dataset pascal_voc --model bridgetower --tuning_metric zero_shot_heuristic
2026-04-27 13:53:47  INFO        [DRY-RUN] phase3 | pascal_voc | bridgetower | metric=zero_shot_heuristic
2026-04-27 13:53:47  INFO                  set_slot 0 /usr/bin/python /home/ge.polymtl.ca/pahoa/random_stuff/poly_ai_project_pnp-ovss/run_experiment.py --dataset pascal_voc --model bridgetower --tuning_metric zero_shot_heuristic
2026-04-27 13:53:47  DEBUG     CMD  set_slot 0 /usr/bin/python /home/ge.polymtl.ca/pahoa/random_stuff/poly_ai_project_pnp-ovss/run_experiment.py --dataset pascal_voc --model bridgetower --tuning_metric supervised_mdice
2026-04-27 13:53:47  INFO        [DRY-RUN] phase3 | pascal_voc | bridgetower | metric=supervised_mdice
2026-04-27 13:53:47  INFO                  set_slot 0 /usr/bin/python /home/ge.polymtl.ca/pahoa/random_stuff/poly_ai_project_pnp-ovss/run_experiment.py --dataset pascal_voc --model bridgetower --tuning_metric supervised_mdice
2026-04-27 13:53:47  INFO        Phase 3 done  ok=2  fail=0
2026-04-27 13:53:47  INFO        ── Phase 4 ──
2026-04-27 13:53:47  DEBUG     CMD  set_slot 0 /usr/bin/python /home/ge.polymtl.ca/pahoa/random_stuff/poly_ai_project_pnp-ovss/run_experiment.py --run_final_eval True --dataset pascal_voc --model bridgetower
2026-04-27 13:53:47  INFO        [DRY-RUN] phase4 | pascal_voc | bridgetower
2026-04-27 13:53:47  INFO                  set_slot 0 /usr/bin/python /home/ge.polymtl.ca/pahoa/random_stuff/poly_ai_project_pnp-ovss/run_experiment.py --run_final_eval True --dataset pascal_voc --model bridgetower
2026-04-27 13:53:47  INFO        Phase 4 done  ok=1  fail=0
2026-04-27 13:53:47  INFO      ━━━━━━━━━━━━━━━━━━━━━━━━━━━━━━━━━━━━━━━━━━━━━━━━━━━━━━━━━━━━━━━━━━━━━━━━
2026-04-27 13:53:47  INFO        PAIR  dataset=pascal_voc       model=albef
2026-04-27 13:53:47  INFO      ━━━━━━━━━━━━━━━━━━━━━━━━━━━━━━━━━━━━━━━━━━━━━━━━━━━━━━━━━━━━━━━━━━━━━━━━
2026-04-27 13:53:47  INFO        ── Phase 1 ──
2026-04-27 13:53:47  DEBUG     CMD  set_slot 0 /usr/bin/python /home/ge.polymtl.ca/pahoa/random_stuff/poly_ai_project_pnp-ovss/run_experiment.py --dataset pascal_voc --model albef --spatial_type grid --tuning_metric zero_shot_heuristic
2026-04-27 13:53:47  INFO        [DRY-RUN] phase1 | pascal_voc | albef
2026-04-27 13:53:47  INFO                  set_slot 0 /usr/bin/python /home/ge.polymtl.ca/pahoa/random_stuff/poly_ai_project_pnp-ovss/run_experiment.py --dataset pascal_voc --model albef --spatial_type grid --tuning_metric zero_shot_heuristic
2026-04-27 13:53:47  INFO        Phase 1 done  ok=1  fail=0
2026-04-27 13:53:47  INFO        ── Phase 2 ──
2026-04-27 13:53:47  DEBUG     CMD  set_slot 0 /usr/bin/python /home/ge.polymtl.ca/pahoa/random_stuff/poly_ai_project_pnp-ovss/run_experiment.py --dataset pascal_voc --model albef --spatial_type grid --granularity 16 --dropout_iters 3 --dropout_ratio 0.1
2026-04-27 13:53:47  INFO        [DRY-RUN] phase2 | pascal_voc | albef | grid g=16 dr_iters=3 dr_ratio=0.1
2026-04-27 13:53:47  INFO                  set_slot 0 /usr/bin/python /home/ge.polymtl.ca/pahoa/random_stuff/poly_ai_project_pnp-ovss/run_experiment.py --dataset pascal_voc --model albef --spatial_type grid --granularity 16 --dropout_iters 3 --dropout_ratio 0.1
2026-04-27 13:53:47  DEBUG     CMD  set_slot 0 /usr/bin/python /home/ge.polymtl.ca/pahoa/random_stuff/poly_ai_project_pnp-ovss/run_experiment.py --dataset pascal_voc --model albef --spatial_type grid --granularity 16 --dropout_iters 3 --dropout_ratio 0.3
2026-04-27 13:53:47  INFO        [DRY-RUN] phase2 | pascal_voc | albef | grid g=16 dr_iters=3 dr_ratio=0.3
2026-04-27 13:53:47  INFO                  set_slot 0 /usr/bin/python /home/ge.polymtl.ca/pahoa/random_stuff/poly_ai_project_pnp-ovss/run_experiment.py --dataset pascal_voc --model albef --spatial_type grid --granularity 16 --dropout_iters 3 --dropout_ratio 0.3
2026-04-27 13:53:47  DEBUG     CMD  set_slot 0 /usr/bin/python /home/ge.polymtl.ca/pahoa/random_stuff/poly_ai_project_pnp-ovss/run_experiment.py --dataset pascal_voc --model albef --spatial_type grid --granularity 16 --dropout_iters 3 --dropout_ratio 0.5
2026-04-27 13:53:47  INFO        [DRY-RUN] phase2 | pascal_voc | albef | grid g=16 dr_iters=3 dr_ratio=0.5
2026-04-27 13:53:47  INFO                  set_slot 0 /usr/bin/python /home/ge.polymtl.ca/pahoa/random_stuff/poly_ai_project_pnp-ovss/run_experiment.py --dataset pascal_voc --model albef --spatial_type grid --granularity 16 --dropout_iters 3 --dropout_ratio 0.5
2026-04-27 13:53:47  DEBUG     CMD  set_slot 0 /usr/bin/python /home/ge.polymtl.ca/pahoa/random_stuff/poly_ai_project_pnp-ovss/run_experiment.py --dataset pascal_voc --model albef --spatial_type grid --granularity 16 --dropout_iters 5 --dropout_ratio 0.1
2026-04-27 13:53:47  INFO        [DRY-RUN] phase2 | pascal_voc | albef | grid g=16 dr_iters=5 dr_ratio=0.1
2026-04-27 13:53:47  INFO                  set_slot 0 /usr/bin/python /home/ge.polymtl.ca/pahoa/random_stuff/poly_ai_project_pnp-ovss/run_experiment.py --dataset pascal_voc --model albef --spatial_type grid --granularity 16 --dropout_iters 5 --dropout_ratio 0.1
2026-04-27 13:53:47  DEBUG     CMD  set_slot 0 /usr/bin/python /home/ge.polymtl.ca/pahoa/random_stuff/poly_ai_project_pnp-ovss/run_experiment.py --dataset pascal_voc --model albef --spatial_type grid --granularity 16 --dropout_iters 5 --dropout_ratio 0.3
2026-04-27 13:53:47  INFO        [DRY-RUN] phase2 | pascal_voc | albef | grid g=16 dr_iters=5 dr_ratio=0.3
2026-04-27 13:53:47  INFO                  set_slot 0 /usr/bin/python /home/ge.polymtl.ca/pahoa/random_stuff/poly_ai_project_pnp-ovss/run_experiment.py --dataset pascal_voc --model albef --spatial_type grid --granularity 16 --dropout_iters 5 --dropout_ratio 0.3
2026-04-27 13:53:47  DEBUG     CMD  set_slot 0 /usr/bin/python /home/ge.polymtl.ca/pahoa/random_stuff/poly_ai_project_pnp-ovss/run_experiment.py --dataset pascal_voc --model albef --spatial_type grid --granularity 16 --dropout_iters 5 --dropout_ratio 0.5
2026-04-27 13:53:47  INFO        [DRY-RUN] phase2 | pascal_voc | albef | grid g=16 dr_iters=5 dr_ratio=0.5
2026-04-27 13:53:47  INFO                  set_slot 0 /usr/bin/python /home/ge.polymtl.ca/pahoa/random_stuff/poly_ai_project_pnp-ovss/run_experiment.py --dataset pascal_voc --model albef --spatial_type grid --granularity 16 --dropout_iters 5 --dropout_ratio 0.5
2026-04-27 13:53:47  DEBUG     CMD  set_slot 0 /usr/bin/python /home/ge.polymtl.ca/pahoa/random_stuff/poly_ai_project_pnp-ovss/run_experiment.py --dataset pascal_voc --model albef --spatial_type grid --granularity 16 --dropout_iters 7 --dropout_ratio 0.1
2026-04-27 13:53:47  INFO        [DRY-RUN] phase2 | pascal_voc | albef | grid g=16 dr_iters=7 dr_ratio=0.1
2026-04-27 13:53:47  INFO                  set_slot 0 /usr/bin/python /home/ge.polymtl.ca/pahoa/random_stuff/poly_ai_project_pnp-ovss/run_experiment.py --dataset pascal_voc --model albef --spatial_type grid --granularity 16 --dropout_iters 7 --dropout_ratio 0.1
2026-04-27 13:53:47  DEBUG     CMD  set_slot 0 /usr/bin/python /home/ge.polymtl.ca/pahoa/random_stuff/poly_ai_project_pnp-ovss/run_experiment.py --dataset pascal_voc --model albef --spatial_type grid --granularity 16 --dropout_iters 7 --dropout_ratio 0.3
2026-04-27 13:53:47  INFO        [DRY-RUN] phase2 | pascal_voc | albef | grid g=16 dr_iters=7 dr_ratio=0.3
2026-04-27 13:53:47  INFO                  set_slot 0 /usr/bin/python /home/ge.polymtl.ca/pahoa/random_stuff/poly_ai_project_pnp-ovss/run_experiment.py --dataset pascal_voc --model albef --spatial_type grid --granularity 16 --dropout_iters 7 --dropout_ratio 0.3
2026-04-27 13:53:47  DEBUG     CMD  set_slot 0 /usr/bin/python /home/ge.polymtl.ca/pahoa/random_stuff/poly_ai_project_pnp-ovss/run_experiment.py --dataset pascal_voc --model albef --spatial_type grid --granularity 16 --dropout_iters 7 --dropout_ratio 0.5
2026-04-27 13:53:47  INFO        [DRY-RUN] phase2 | pascal_voc | albef | grid g=16 dr_iters=7 dr_ratio=0.5
2026-04-27 13:53:47  INFO                  set_slot 0 /usr/bin/python /home/ge.polymtl.ca/pahoa/random_stuff/poly_ai_project_pnp-ovss/run_experiment.py --dataset pascal_voc --model albef --spatial_type grid --granularity 16 --dropout_iters 7 --dropout_ratio 0.5
2026-04-27 13:53:47  DEBUG     CMD  set_slot 0 /usr/bin/python /home/ge.polymtl.ca/pahoa/random_stuff/poly_ai_project_pnp-ovss/run_experiment.py --dataset pascal_voc --model albef --spatial_type grid --granularity 32 --dropout_iters 3 --dropout_ratio 0.1
2026-04-27 13:53:47  INFO        [DRY-RUN] phase2 | pascal_voc | albef | grid g=32 dr_iters=3 dr_ratio=0.1
2026-04-27 13:53:47  INFO                  set_slot 0 /usr/bin/python /home/ge.polymtl.ca/pahoa/random_stuff/poly_ai_project_pnp-ovss/run_experiment.py --dataset pascal_voc --model albef --spatial_type grid --granularity 32 --dropout_iters 3 --dropout_ratio 0.1
2026-04-27 13:53:47  DEBUG     CMD  set_slot 0 /usr/bin/python /home/ge.polymtl.ca/pahoa/random_stuff/poly_ai_project_pnp-ovss/run_experiment.py --dataset pascal_voc --model albef --spatial_type grid --granularity 32 --dropout_iters 3 --dropout_ratio 0.3
2026-04-27 13:53:47  INFO        [DRY-RUN] phase2 | pascal_voc | albef | grid g=32 dr_iters=3 dr_ratio=0.3
2026-04-27 13:53:47  INFO                  set_slot 0 /usr/bin/python /home/ge.polymtl.ca/pahoa/random_stuff/poly_ai_project_pnp-ovss/run_experiment.py --dataset pascal_voc --model albef --spatial_type grid --granularity 32 --dropout_iters 3 --dropout_ratio 0.3
2026-04-27 13:53:47  DEBUG     CMD  set_slot 0 /usr/bin/python /home/ge.polymtl.ca/pahoa/random_stuff/poly_ai_project_pnp-ovss/run_experiment.py --dataset pascal_voc --model albef --spatial_type grid --granularity 32 --dropout_iters 3 --dropout_ratio 0.5
2026-04-27 13:53:47  INFO        [DRY-RUN] phase2 | pascal_voc | albef | grid g=32 dr_iters=3 dr_ratio=0.5
2026-04-27 13:53:47  INFO                  set_slot 0 /usr/bin/python /home/ge.polymtl.ca/pahoa/random_stuff/poly_ai_project_pnp-ovss/run_experiment.py --dataset pascal_voc --model albef --spatial_type grid --granularity 32 --dropout_iters 3 --dropout_ratio 0.5
2026-04-27 13:53:47  DEBUG     CMD  set_slot 0 /usr/bin/python /home/ge.polymtl.ca/pahoa/random_stuff/poly_ai_project_pnp-ovss/run_experiment.py --dataset pascal_voc --model albef --spatial_type grid --granularity 32 --dropout_iters 5 --dropout_ratio 0.1
2026-04-27 13:53:47  INFO        [DRY-RUN] phase2 | pascal_voc | albef | grid g=32 dr_iters=5 dr_ratio=0.1
2026-04-27 13:53:47  INFO                  set_slot 0 /usr/bin/python /home/ge.polymtl.ca/pahoa/random_stuff/poly_ai_project_pnp-ovss/run_experiment.py --dataset pascal_voc --model albef --spatial_type grid --granularity 32 --dropout_iters 5 --dropout_ratio 0.1
2026-04-27 13:53:47  DEBUG     CMD  set_slot 0 /usr/bin/python /home/ge.polymtl.ca/pahoa/random_stuff/poly_ai_project_pnp-ovss/run_experiment.py --dataset pascal_voc --model albef --spatial_type grid --granularity 32 --dropout_iters 5 --dropout_ratio 0.3
2026-04-27 13:53:47  INFO        [DRY-RUN] phase2 | pascal_voc | albef | grid g=32 dr_iters=5 dr_ratio=0.3
2026-04-27 13:53:47  INFO                  set_slot 0 /usr/bin/python /home/ge.polymtl.ca/pahoa/random_stuff/poly_ai_project_pnp-ovss/run_experiment.py --dataset pascal_voc --model albef --spatial_type grid --granularity 32 --dropout_iters 5 --dropout_ratio 0.3
2026-04-27 13:53:47  DEBUG     CMD  set_slot 0 /usr/bin/python /home/ge.polymtl.ca/pahoa/random_stuff/poly_ai_project_pnp-ovss/run_experiment.py --dataset pascal_voc --model albef --spatial_type grid --granularity 32 --dropout_iters 5 --dropout_ratio 0.5
2026-04-27 13:53:47  INFO        [DRY-RUN] phase2 | pascal_voc | albef | grid g=32 dr_iters=5 dr_ratio=0.5
2026-04-27 13:53:47  INFO                  set_slot 0 /usr/bin/python /home/ge.polymtl.ca/pahoa/random_stuff/poly_ai_project_pnp-ovss/run_experiment.py --dataset pascal_voc --model albef --spatial_type grid --granularity 32 --dropout_iters 5 --dropout_ratio 0.5
2026-04-27 13:53:47  DEBUG     CMD  set_slot 0 /usr/bin/python /home/ge.polymtl.ca/pahoa/random_stuff/poly_ai_project_pnp-ovss/run_experiment.py --dataset pascal_voc --model albef --spatial_type grid --granularity 32 --dropout_iters 7 --dropout_ratio 0.1
2026-04-27 13:53:47  INFO        [DRY-RUN] phase2 | pascal_voc | albef | grid g=32 dr_iters=7 dr_ratio=0.1
2026-04-27 13:53:47  INFO                  set_slot 0 /usr/bin/python /home/ge.polymtl.ca/pahoa/random_stuff/poly_ai_project_pnp-ovss/run_experiment.py --dataset pascal_voc --model albef --spatial_type grid --granularity 32 --dropout_iters 7 --dropout_ratio 0.1
2026-04-27 13:53:47  DEBUG     CMD  set_slot 0 /usr/bin/python /home/ge.polymtl.ca/pahoa/random_stuff/poly_ai_project_pnp-ovss/run_experiment.py --dataset pascal_voc --model albef --spatial_type grid --granularity 32 --dropout_iters 7 --dropout_ratio 0.3
2026-04-27 13:53:47  INFO        [DRY-RUN] phase2 | pascal_voc | albef | grid g=32 dr_iters=7 dr_ratio=0.3
2026-04-27 13:53:47  INFO                  set_slot 0 /usr/bin/python /home/ge.polymtl.ca/pahoa/random_stuff/poly_ai_project_pnp-ovss/run_experiment.py --dataset pascal_voc --model albef --spatial_type grid --granularity 32 --dropout_iters 7 --dropout_ratio 0.3
2026-04-27 13:53:47  DEBUG     CMD  set_slot 0 /usr/bin/python /home/ge.polymtl.ca/pahoa/random_stuff/poly_ai_project_pnp-ovss/run_experiment.py --dataset pascal_voc --model albef --spatial_type grid --granularity 32 --dropout_iters 7 --dropout_ratio 0.5
2026-04-27 13:53:47  INFO        [DRY-RUN] phase2 | pascal_voc | albef | grid g=32 dr_iters=7 dr_ratio=0.5
2026-04-27 13:53:47  INFO                  set_slot 0 /usr/bin/python /home/ge.polymtl.ca/pahoa/random_stuff/poly_ai_project_pnp-ovss/run_experiment.py --dataset pascal_voc --model albef --spatial_type grid --granularity 32 --dropout_iters 7 --dropout_ratio 0.5
2026-04-27 13:53:47  DEBUG     CMD  set_slot 0 /usr/bin/python /home/ge.polymtl.ca/pahoa/random_stuff/poly_ai_project_pnp-ovss/run_experiment.py --dataset pascal_voc --model albef --spatial_type superpixel_slic --granularity 100 --dropout_iters 3 --dropout_ratio 0.1
2026-04-27 13:53:47  INFO        [DRY-RUN] phase2 | pascal_voc | albef | superpixel_slic g=100 dr_iters=3 dr_ratio=0.1
2026-04-27 13:53:47  INFO                  set_slot 0 /usr/bin/python /home/ge.polymtl.ca/pahoa/random_stuff/poly_ai_project_pnp-ovss/run_experiment.py --dataset pascal_voc --model albef --spatial_type superpixel_slic --granularity 100 --dropout_iters 3 --dropout_ratio 0.1
2026-04-27 13:53:47  DEBUG     CMD  set_slot 0 /usr/bin/python /home/ge.polymtl.ca/pahoa/random_stuff/poly_ai_project_pnp-ovss/run_experiment.py --dataset pascal_voc --model albef --spatial_type superpixel_slic --granularity 100 --dropout_iters 3 --dropout_ratio 0.3
2026-04-27 13:53:47  INFO        [DRY-RUN] phase2 | pascal_voc | albef | superpixel_slic g=100 dr_iters=3 dr_ratio=0.3
2026-04-27 13:53:47  INFO                  set_slot 0 /usr/bin/python /home/ge.polymtl.ca/pahoa/random_stuff/poly_ai_project_pnp-ovss/run_experiment.py --dataset pascal_voc --model albef --spatial_type superpixel_slic --granularity 100 --dropout_iters 3 --dropout_ratio 0.3
2026-04-27 13:53:47  DEBUG     CMD  set_slot 0 /usr/bin/python /home/ge.polymtl.ca/pahoa/random_stuff/poly_ai_project_pnp-ovss/run_experiment.py --dataset pascal_voc --model albef --spatial_type superpixel_slic --granularity 100 --dropout_iters 3 --dropout_ratio 0.5
2026-04-27 13:53:47  INFO        [DRY-RUN] phase2 | pascal_voc | albef | superpixel_slic g=100 dr_iters=3 dr_ratio=0.5
2026-04-27 13:53:47  INFO                  set_slot 0 /usr/bin/python /home/ge.polymtl.ca/pahoa/random_stuff/poly_ai_project_pnp-ovss/run_experiment.py --dataset pascal_voc --model albef --spatial_type superpixel_slic --granularity 100 --dropout_iters 3 --dropout_ratio 0.5
2026-04-27 13:53:47  DEBUG     CMD  set_slot 0 /usr/bin/python /home/ge.polymtl.ca/pahoa/random_stuff/poly_ai_project_pnp-ovss/run_experiment.py --dataset pascal_voc --model albef --spatial_type superpixel_slic --granularity 100 --dropout_iters 5 --dropout_ratio 0.1
2026-04-27 13:53:47  INFO        [DRY-RUN] phase2 | pascal_voc | albef | superpixel_slic g=100 dr_iters=5 dr_ratio=0.1
2026-04-27 13:53:47  INFO                  set_slot 0 /usr/bin/python /home/ge.polymtl.ca/pahoa/random_stuff/poly_ai_project_pnp-ovss/run_experiment.py --dataset pascal_voc --model albef --spatial_type superpixel_slic --granularity 100 --dropout_iters 5 --dropout_ratio 0.1
2026-04-27 13:53:47  DEBUG     CMD  set_slot 0 /usr/bin/python /home/ge.polymtl.ca/pahoa/random_stuff/poly_ai_project_pnp-ovss/run_experiment.py --dataset pascal_voc --model albef --spatial_type superpixel_slic --granularity 100 --dropout_iters 5 --dropout_ratio 0.3
2026-04-27 13:53:47  INFO        [DRY-RUN] phase2 | pascal_voc | albef | superpixel_slic g=100 dr_iters=5 dr_ratio=0.3
2026-04-27 13:53:47  INFO                  set_slot 0 /usr/bin/python /home/ge.polymtl.ca/pahoa/random_stuff/poly_ai_project_pnp-ovss/run_experiment.py --dataset pascal_voc --model albef --spatial_type superpixel_slic --granularity 100 --dropout_iters 5 --dropout_ratio 0.3
2026-04-27 13:53:47  DEBUG     CMD  set_slot 0 /usr/bin/python /home/ge.polymtl.ca/pahoa/random_stuff/poly_ai_project_pnp-ovss/run_experiment.py --dataset pascal_voc --model albef --spatial_type superpixel_slic --granularity 100 --dropout_iters 5 --dropout_ratio 0.5
2026-04-27 13:53:47  INFO        [DRY-RUN] phase2 | pascal_voc | albef | superpixel_slic g=100 dr_iters=5 dr_ratio=0.5
2026-04-27 13:53:47  INFO                  set_slot 0 /usr/bin/python /home/ge.polymtl.ca/pahoa/random_stuff/poly_ai_project_pnp-ovss/run_experiment.py --dataset pascal_voc --model albef --spatial_type superpixel_slic --granularity 100 --dropout_iters 5 --dropout_ratio 0.5
2026-04-27 13:53:47  DEBUG     CMD  set_slot 0 /usr/bin/python /home/ge.polymtl.ca/pahoa/random_stuff/poly_ai_project_pnp-ovss/run_experiment.py --dataset pascal_voc --model albef --spatial_type superpixel_slic --granularity 100 --dropout_iters 7 --dropout_ratio 0.1
2026-04-27 13:53:47  INFO        [DRY-RUN] phase2 | pascal_voc | albef | superpixel_slic g=100 dr_iters=7 dr_ratio=0.1
2026-04-27 13:53:47  INFO                  set_slot 0 /usr/bin/python /home/ge.polymtl.ca/pahoa/random_stuff/poly_ai_project_pnp-ovss/run_experiment.py --dataset pascal_voc --model albef --spatial_type superpixel_slic --granularity 100 --dropout_iters 7 --dropout_ratio 0.1
2026-04-27 13:53:47  DEBUG     CMD  set_slot 0 /usr/bin/python /home/ge.polymtl.ca/pahoa/random_stuff/poly_ai_project_pnp-ovss/run_experiment.py --dataset pascal_voc --model albef --spatial_type superpixel_slic --granularity 100 --dropout_iters 7 --dropout_ratio 0.3
2026-04-27 13:53:47  INFO        [DRY-RUN] phase2 | pascal_voc | albef | superpixel_slic g=100 dr_iters=7 dr_ratio=0.3
2026-04-27 13:53:47  INFO                  set_slot 0 /usr/bin/python /home/ge.polymtl.ca/pahoa/random_stuff/poly_ai_project_pnp-ovss/run_experiment.py --dataset pascal_voc --model albef --spatial_type superpixel_slic --granularity 100 --dropout_iters 7 --dropout_ratio 0.3
2026-04-27 13:53:47  DEBUG     CMD  set_slot 0 /usr/bin/python /home/ge.polymtl.ca/pahoa/random_stuff/poly_ai_project_pnp-ovss/run_experiment.py --dataset pascal_voc --model albef --spatial_type superpixel_slic --granularity 100 --dropout_iters 7 --dropout_ratio 0.5
2026-04-27 13:53:47  INFO        [DRY-RUN] phase2 | pascal_voc | albef | superpixel_slic g=100 dr_iters=7 dr_ratio=0.5
2026-04-27 13:53:47  INFO                  set_slot 0 /usr/bin/python /home/ge.polymtl.ca/pahoa/random_stuff/poly_ai_project_pnp-ovss/run_experiment.py --dataset pascal_voc --model albef --spatial_type superpixel_slic --granularity 100 --dropout_iters 7 --dropout_ratio 0.5
2026-04-27 13:53:47  DEBUG     CMD  set_slot 0 /usr/bin/python /home/ge.polymtl.ca/pahoa/random_stuff/poly_ai_project_pnp-ovss/run_experiment.py --dataset pascal_voc --model albef --spatial_type superpixel_slic --granularity 200 --dropout_iters 3 --dropout_ratio 0.1
2026-04-27 13:53:47  INFO        [DRY-RUN] phase2 | pascal_voc | albef | superpixel_slic g=200 dr_iters=3 dr_ratio=0.1
2026-04-27 13:53:47  INFO                  set_slot 0 /usr/bin/python /home/ge.polymtl.ca/pahoa/random_stuff/poly_ai_project_pnp-ovss/run_experiment.py --dataset pascal_voc --model albef --spatial_type superpixel_slic --granularity 200 --dropout_iters 3 --dropout_ratio 0.1
2026-04-27 13:53:47  DEBUG     CMD  set_slot 0 /usr/bin/python /home/ge.polymtl.ca/pahoa/random_stuff/poly_ai_project_pnp-ovss/run_experiment.py --dataset pascal_voc --model albef --spatial_type superpixel_slic --granularity 200 --dropout_iters 3 --dropout_ratio 0.3
2026-04-27 13:53:47  INFO        [DRY-RUN] phase2 | pascal_voc | albef | superpixel_slic g=200 dr_iters=3 dr_ratio=0.3
2026-04-27 13:53:47  INFO                  set_slot 0 /usr/bin/python /home/ge.polymtl.ca/pahoa/random_stuff/poly_ai_project_pnp-ovss/run_experiment.py --dataset pascal_voc --model albef --spatial_type superpixel_slic --granularity 200 --dropout_iters 3 --dropout_ratio 0.3
2026-04-27 13:53:47  DEBUG     CMD  set_slot 0 /usr/bin/python /home/ge.polymtl.ca/pahoa/random_stuff/poly_ai_project_pnp-ovss/run_experiment.py --dataset pascal_voc --model albef --spatial_type superpixel_slic --granularity 200 --dropout_iters 3 --dropout_ratio 0.5
2026-04-27 13:53:47  INFO        [DRY-RUN] phase2 | pascal_voc | albef | superpixel_slic g=200 dr_iters=3 dr_ratio=0.5
2026-04-27 13:53:47  INFO                  set_slot 0 /usr/bin/python /home/ge.polymtl.ca/pahoa/random_stuff/poly_ai_project_pnp-ovss/run_experiment.py --dataset pascal_voc --model albef --spatial_type superpixel_slic --granularity 200 --dropout_iters 3 --dropout_ratio 0.5
2026-04-27 13:53:47  DEBUG     CMD  set_slot 0 /usr/bin/python /home/ge.polymtl.ca/pahoa/random_stuff/poly_ai_project_pnp-ovss/run_experiment.py --dataset pascal_voc --model albef --spatial_type superpixel_slic --granularity 200 --dropout_iters 5 --dropout_ratio 0.1
2026-04-27 13:53:47  INFO        [DRY-RUN] phase2 | pascal_voc | albef | superpixel_slic g=200 dr_iters=5 dr_ratio=0.1
2026-04-27 13:53:47  INFO                  set_slot 0 /usr/bin/python /home/ge.polymtl.ca/pahoa/random_stuff/poly_ai_project_pnp-ovss/run_experiment.py --dataset pascal_voc --model albef --spatial_type superpixel_slic --granularity 200 --dropout_iters 5 --dropout_ratio 0.1
2026-04-27 13:53:47  DEBUG     CMD  set_slot 0 /usr/bin/python /home/ge.polymtl.ca/pahoa/random_stuff/poly_ai_project_pnp-ovss/run_experiment.py --dataset pascal_voc --model albef --spatial_type superpixel_slic --granularity 200 --dropout_iters 5 --dropout_ratio 0.3
2026-04-27 13:53:47  INFO        [DRY-RUN] phase2 | pascal_voc | albef | superpixel_slic g=200 dr_iters=5 dr_ratio=0.3
2026-04-27 13:53:47  INFO                  set_slot 0 /usr/bin/python /home/ge.polymtl.ca/pahoa/random_stuff/poly_ai_project_pnp-ovss/run_experiment.py --dataset pascal_voc --model albef --spatial_type superpixel_slic --granularity 200 --dropout_iters 5 --dropout_ratio 0.3
2026-04-27 13:53:47  DEBUG     CMD  set_slot 0 /usr/bin/python /home/ge.polymtl.ca/pahoa/random_stuff/poly_ai_project_pnp-ovss/run_experiment.py --dataset pascal_voc --model albef --spatial_type superpixel_slic --granularity 200 --dropout_iters 5 --dropout_ratio 0.5
2026-04-27 13:53:47  INFO        [DRY-RUN] phase2 | pascal_voc | albef | superpixel_slic g=200 dr_iters=5 dr_ratio=0.5
2026-04-27 13:53:47  INFO                  set_slot 0 /usr/bin/python /home/ge.polymtl.ca/pahoa/random_stuff/poly_ai_project_pnp-ovss/run_experiment.py --dataset pascal_voc --model albef --spatial_type superpixel_slic --granularity 200 --dropout_iters 5 --dropout_ratio 0.5
2026-04-27 13:53:47  DEBUG     CMD  set_slot 0 /usr/bin/python /home/ge.polymtl.ca/pahoa/random_stuff/poly_ai_project_pnp-ovss/run_experiment.py --dataset pascal_voc --model albef --spatial_type superpixel_slic --granularity 200 --dropout_iters 7 --dropout_ratio 0.1
2026-04-27 13:53:47  INFO        [DRY-RUN] phase2 | pascal_voc | albef | superpixel_slic g=200 dr_iters=7 dr_ratio=0.1
2026-04-27 13:53:47  INFO                  set_slot 0 /usr/bin/python /home/ge.polymtl.ca/pahoa/random_stuff/poly_ai_project_pnp-ovss/run_experiment.py --dataset pascal_voc --model albef --spatial_type superpixel_slic --granularity 200 --dropout_iters 7 --dropout_ratio 0.1
2026-04-27 13:53:47  DEBUG     CMD  set_slot 0 /usr/bin/python /home/ge.polymtl.ca/pahoa/random_stuff/poly_ai_project_pnp-ovss/run_experiment.py --dataset pascal_voc --model albef --spatial_type superpixel_slic --granularity 200 --dropout_iters 7 --dropout_ratio 0.3
2026-04-27 13:53:47  INFO        [DRY-RUN] phase2 | pascal_voc | albef | superpixel_slic g=200 dr_iters=7 dr_ratio=0.3
2026-04-27 13:53:47  INFO                  set_slot 0 /usr/bin/python /home/ge.polymtl.ca/pahoa/random_stuff/poly_ai_project_pnp-ovss/run_experiment.py --dataset pascal_voc --model albef --spatial_type superpixel_slic --granularity 200 --dropout_iters 7 --dropout_ratio 0.3
2026-04-27 13:53:47  DEBUG     CMD  set_slot 0 /usr/bin/python /home/ge.polymtl.ca/pahoa/random_stuff/poly_ai_project_pnp-ovss/run_experiment.py --dataset pascal_voc --model albef --spatial_type superpixel_slic --granularity 200 --dropout_iters 7 --dropout_ratio 0.5
2026-04-27 13:53:47  INFO        [DRY-RUN] phase2 | pascal_voc | albef | superpixel_slic g=200 dr_iters=7 dr_ratio=0.5
2026-04-27 13:53:47  INFO                  set_slot 0 /usr/bin/python /home/ge.polymtl.ca/pahoa/random_stuff/poly_ai_project_pnp-ovss/run_experiment.py --dataset pascal_voc --model albef --spatial_type superpixel_slic --granularity 200 --dropout_iters 7 --dropout_ratio 0.5
2026-04-27 13:53:47  DEBUG     CMD  set_slot 0 /usr/bin/python /home/ge.polymtl.ca/pahoa/random_stuff/poly_ai_project_pnp-ovss/run_experiment.py --dataset pascal_voc --model albef --spatial_type superpixel_slic --granularity 300 --dropout_iters 3 --dropout_ratio 0.1
2026-04-27 13:53:47  INFO        [DRY-RUN] phase2 | pascal_voc | albef | superpixel_slic g=300 dr_iters=3 dr_ratio=0.1
2026-04-27 13:53:47  INFO                  set_slot 0 /usr/bin/python /home/ge.polymtl.ca/pahoa/random_stuff/poly_ai_project_pnp-ovss/run_experiment.py --dataset pascal_voc --model albef --spatial_type superpixel_slic --granularity 300 --dropout_iters 3 --dropout_ratio 0.1
2026-04-27 13:53:47  DEBUG     CMD  set_slot 0 /usr/bin/python /home/ge.polymtl.ca/pahoa/random_stuff/poly_ai_project_pnp-ovss/run_experiment.py --dataset pascal_voc --model albef --spatial_type superpixel_slic --granularity 300 --dropout_iters 3 --dropout_ratio 0.3
2026-04-27 13:53:47  INFO        [DRY-RUN] phase2 | pascal_voc | albef | superpixel_slic g=300 dr_iters=3 dr_ratio=0.3
2026-04-27 13:53:47  INFO                  set_slot 0 /usr/bin/python /home/ge.polymtl.ca/pahoa/random_stuff/poly_ai_project_pnp-ovss/run_experiment.py --dataset pascal_voc --model albef --spatial_type superpixel_slic --granularity 300 --dropout_iters 3 --dropout_ratio 0.3
2026-04-27 13:53:47  DEBUG     CMD  set_slot 0 /usr/bin/python /home/ge.polymtl.ca/pahoa/random_stuff/poly_ai_project_pnp-ovss/run_experiment.py --dataset pascal_voc --model albef --spatial_type superpixel_slic --granularity 300 --dropout_iters 3 --dropout_ratio 0.5
2026-04-27 13:53:47  INFO        [DRY-RUN] phase2 | pascal_voc | albef | superpixel_slic g=300 dr_iters=3 dr_ratio=0.5
2026-04-27 13:53:47  INFO                  set_slot 0 /usr/bin/python /home/ge.polymtl.ca/pahoa/random_stuff/poly_ai_project_pnp-ovss/run_experiment.py --dataset pascal_voc --model albef --spatial_type superpixel_slic --granularity 300 --dropout_iters 3 --dropout_ratio 0.5
2026-04-27 13:53:47  DEBUG     CMD  set_slot 0 /usr/bin/python /home/ge.polymtl.ca/pahoa/random_stuff/poly_ai_project_pnp-ovss/run_experiment.py --dataset pascal_voc --model albef --spatial_type superpixel_slic --granularity 300 --dropout_iters 5 --dropout_ratio 0.1
2026-04-27 13:53:47  INFO        [DRY-RUN] phase2 | pascal_voc | albef | superpixel_slic g=300 dr_iters=5 dr_ratio=0.1
2026-04-27 13:53:47  INFO                  set_slot 0 /usr/bin/python /home/ge.polymtl.ca/pahoa/random_stuff/poly_ai_project_pnp-ovss/run_experiment.py --dataset pascal_voc --model albef --spatial_type superpixel_slic --granularity 300 --dropout_iters 5 --dropout_ratio 0.1
2026-04-27 13:53:47  DEBUG     CMD  set_slot 0 /usr/bin/python /home/ge.polymtl.ca/pahoa/random_stuff/poly_ai_project_pnp-ovss/run_experiment.py --dataset pascal_voc --model albef --spatial_type superpixel_slic --granularity 300 --dropout_iters 5 --dropout_ratio 0.3
2026-04-27 13:53:47  INFO        [DRY-RUN] phase2 | pascal_voc | albef | superpixel_slic g=300 dr_iters=5 dr_ratio=0.3
2026-04-27 13:53:47  INFO                  set_slot 0 /usr/bin/python /home/ge.polymtl.ca/pahoa/random_stuff/poly_ai_project_pnp-ovss/run_experiment.py --dataset pascal_voc --model albef --spatial_type superpixel_slic --granularity 300 --dropout_iters 5 --dropout_ratio 0.3
2026-04-27 13:53:47  DEBUG     CMD  set_slot 0 /usr/bin/python /home/ge.polymtl.ca/pahoa/random_stuff/poly_ai_project_pnp-ovss/run_experiment.py --dataset pascal_voc --model albef --spatial_type superpixel_slic --granularity 300 --dropout_iters 5 --dropout_ratio 0.5
2026-04-27 13:53:47  INFO        [DRY-RUN] phase2 | pascal_voc | albef | superpixel_slic g=300 dr_iters=5 dr_ratio=0.5
2026-04-27 13:53:47  INFO                  set_slot 0 /usr/bin/python /home/ge.polymtl.ca/pahoa/random_stuff/poly_ai_project_pnp-ovss/run_experiment.py --dataset pascal_voc --model albef --spatial_type superpixel_slic --granularity 300 --dropout_iters 5 --dropout_ratio 0.5
2026-04-27 13:53:47  DEBUG     CMD  set_slot 0 /usr/bin/python /home/ge.polymtl.ca/pahoa/random_stuff/poly_ai_project_pnp-ovss/run_experiment.py --dataset pascal_voc --model albef --spatial_type superpixel_slic --granularity 300 --dropout_iters 7 --dropout_ratio 0.1
2026-04-27 13:53:47  INFO        [DRY-RUN] phase2 | pascal_voc | albef | superpixel_slic g=300 dr_iters=7 dr_ratio=0.1
2026-04-27 13:53:47  INFO                  set_slot 0 /usr/bin/python /home/ge.polymtl.ca/pahoa/random_stuff/poly_ai_project_pnp-ovss/run_experiment.py --dataset pascal_voc --model albef --spatial_type superpixel_slic --granularity 300 --dropout_iters 7 --dropout_ratio 0.1
2026-04-27 13:53:47  DEBUG     CMD  set_slot 0 /usr/bin/python /home/ge.polymtl.ca/pahoa/random_stuff/poly_ai_project_pnp-ovss/run_experiment.py --dataset pascal_voc --model albef --spatial_type superpixel_slic --granularity 300 --dropout_iters 7 --dropout_ratio 0.3
2026-04-27 13:53:47  INFO        [DRY-RUN] phase2 | pascal_voc | albef | superpixel_slic g=300 dr_iters=7 dr_ratio=0.3
2026-04-27 13:53:47  INFO                  set_slot 0 /usr/bin/python /home/ge.polymtl.ca/pahoa/random_stuff/poly_ai_project_pnp-ovss/run_experiment.py --dataset pascal_voc --model albef --spatial_type superpixel_slic --granularity 300 --dropout_iters 7 --dropout_ratio 0.3
2026-04-27 13:53:47  DEBUG     CMD  set_slot 0 /usr/bin/python /home/ge.polymtl.ca/pahoa/random_stuff/poly_ai_project_pnp-ovss/run_experiment.py --dataset pascal_voc --model albef --spatial_type superpixel_slic --granularity 300 --dropout_iters 7 --dropout_ratio 0.5
2026-04-27 13:53:47  INFO        [DRY-RUN] phase2 | pascal_voc | albef | superpixel_slic g=300 dr_iters=7 dr_ratio=0.5
2026-04-27 13:53:47  INFO                  set_slot 0 /usr/bin/python /home/ge.polymtl.ca/pahoa/random_stuff/poly_ai_project_pnp-ovss/run_experiment.py --dataset pascal_voc --model albef --spatial_type superpixel_slic --granularity 300 --dropout_iters 7 --dropout_ratio 0.5
2026-04-27 13:53:47  INFO        Phase 2 done  ok=45  fail=0
2026-04-27 13:53:47  INFO        ── Phase 3 ──
2026-04-27 13:53:47  DEBUG     CMD  set_slot 0 /usr/bin/python /home/ge.polymtl.ca/pahoa/random_stuff/poly_ai_project_pnp-ovss/run_experiment.py --dataset pascal_voc --model albef --tuning_metric zero_shot_heuristic
2026-04-27 13:53:47  INFO        [DRY-RUN] phase3 | pascal_voc | albef | metric=zero_shot_heuristic
2026-04-27 13:53:47  INFO                  set_slot 0 /usr/bin/python /home/ge.polymtl.ca/pahoa/random_stuff/poly_ai_project_pnp-ovss/run_experiment.py --dataset pascal_voc --model albef --tuning_metric zero_shot_heuristic
2026-04-27 13:53:47  DEBUG     CMD  set_slot 0 /usr/bin/python /home/ge.polymtl.ca/pahoa/random_stuff/poly_ai_project_pnp-ovss/run_experiment.py --dataset pascal_voc --model albef --tuning_metric supervised_mdice
2026-04-27 13:53:47  INFO        [DRY-RUN] phase3 | pascal_voc | albef | metric=supervised_mdice
2026-04-27 13:53:47  INFO                  set_slot 0 /usr/bin/python /home/ge.polymtl.ca/pahoa/random_stuff/poly_ai_project_pnp-ovss/run_experiment.py --dataset pascal_voc --model albef --tuning_metric supervised_mdice
2026-04-27 13:53:47  INFO        Phase 3 done  ok=2  fail=0
2026-04-27 13:53:47  INFO        ── Phase 4 ──
2026-04-27 13:53:47  DEBUG     CMD  set_slot 0 /usr/bin/python /home/ge.polymtl.ca/pahoa/random_stuff/poly_ai_project_pnp-ovss/run_experiment.py --run_final_eval True --dataset pascal_voc --model albef
2026-04-27 13:53:47  INFO        [DRY-RUN] phase4 | pascal_voc | albef
2026-04-27 13:53:47  INFO                  set_slot 0 /usr/bin/python /home/ge.polymtl.ca/pahoa/random_stuff/poly_ai_project_pnp-ovss/run_experiment.py --run_final_eval True --dataset pascal_voc --model albef
2026-04-27 13:53:47  INFO        Phase 4 done  ok=1  fail=0
2026-04-27 13:53:47  INFO      ━━━━━━━━━━━━━━━━━━━━━━━━━━━━━━━━━━━━━━━━━━━━━━━━━━━━━━━━━━━━━━━━━━━━━━━━
2026-04-27 13:53:47  INFO        PAIR  dataset=chest_xray       model=blip
2026-04-27 13:53:47  INFO      ━━━━━━━━━━━━━━━━━━━━━━━━━━━━━━━━━━━━━━━━━━━━━━━━━━━━━━━━━━━━━━━━━━━━━━━━
2026-04-27 13:53:47  INFO        ── Phase 1 ──
2026-04-27 13:53:47  DEBUG     CMD  set_slot 0 /usr/bin/python /home/ge.polymtl.ca/pahoa/random_stuff/poly_ai_project_pnp-ovss/run_experiment.py --dataset chest_xray --model blip --spatial_type grid --tuning_metric zero_shot_heuristic
2026-04-27 13:53:47  INFO        [DRY-RUN] phase1 | chest_xray | blip
2026-04-27 13:53:47  INFO                  set_slot 0 /usr/bin/python /home/ge.polymtl.ca/pahoa/random_stuff/poly_ai_project_pnp-ovss/run_experiment.py --dataset chest_xray --model blip --spatial_type grid --tuning_metric zero_shot_heuristic
2026-04-27 13:53:47  INFO        Phase 1 done  ok=1  fail=0
2026-04-27 13:53:47  INFO        ── Phase 2 ──
2026-04-27 13:53:47  DEBUG     CMD  set_slot 0 /usr/bin/python /home/ge.polymtl.ca/pahoa/random_stuff/poly_ai_project_pnp-ovss/run_experiment.py --dataset chest_xray --model blip --spatial_type grid --granularity 16 --dropout_iters 3 --dropout_ratio 0.1
2026-04-27 13:53:47  INFO        [DRY-RUN] phase2 | chest_xray | blip | grid g=16 dr_iters=3 dr_ratio=0.1
2026-04-27 13:53:47  INFO                  set_slot 0 /usr/bin/python /home/ge.polymtl.ca/pahoa/random_stuff/poly_ai_project_pnp-ovss/run_experiment.py --dataset chest_xray --model blip --spatial_type grid --granularity 16 --dropout_iters 3 --dropout_ratio 0.1
2026-04-27 13:53:47  DEBUG     CMD  set_slot 0 /usr/bin/python /home/ge.polymtl.ca/pahoa/random_stuff/poly_ai_project_pnp-ovss/run_experiment.py --dataset chest_xray --model blip --spatial_type grid --granularity 16 --dropout_iters 3 --dropout_ratio 0.3
2026-04-27 13:53:47  INFO        [DRY-RUN] phase2 | chest_xray | blip | grid g=16 dr_iters=3 dr_ratio=0.3
2026-04-27 13:53:47  INFO                  set_slot 0 /usr/bin/python /home/ge.polymtl.ca/pahoa/random_stuff/poly_ai_project_pnp-ovss/run_experiment.py --dataset chest_xray --model blip --spatial_type grid --granularity 16 --dropout_iters 3 --dropout_ratio 0.3
2026-04-27 13:53:47  DEBUG     CMD  set_slot 0 /usr/bin/python /home/ge.polymtl.ca/pahoa/random_stuff/poly_ai_project_pnp-ovss/run_experiment.py --dataset chest_xray --model blip --spatial_type grid --granularity 16 --dropout_iters 3 --dropout_ratio 0.5
2026-04-27 13:53:47  INFO        [DRY-RUN] phase2 | chest_xray | blip | grid g=16 dr_iters=3 dr_ratio=0.5
2026-04-27 13:53:47  INFO                  set_slot 0 /usr/bin/python /home/ge.polymtl.ca/pahoa/random_stuff/poly_ai_project_pnp-ovss/run_experiment.py --dataset chest_xray --model blip --spatial_type grid --granularity 16 --dropout_iters 3 --dropout_ratio 0.5
2026-04-27 13:53:47  DEBUG     CMD  set_slot 0 /usr/bin/python /home/ge.polymtl.ca/pahoa/random_stuff/poly_ai_project_pnp-ovss/run_experiment.py --dataset chest_xray --model blip --spatial_type grid --granularity 16 --dropout_iters 5 --dropout_ratio 0.1
2026-04-27 13:53:47  INFO        [DRY-RUN] phase2 | chest_xray | blip | grid g=16 dr_iters=5 dr_ratio=0.1
2026-04-27 13:53:47  INFO                  set_slot 0 /usr/bin/python /home/ge.polymtl.ca/pahoa/random_stuff/poly_ai_project_pnp-ovss/run_experiment.py --dataset chest_xray --model blip --spatial_type grid --granularity 16 --dropout_iters 5 --dropout_ratio 0.1
2026-04-27 13:53:47  DEBUG     CMD  set_slot 0 /usr/bin/python /home/ge.polymtl.ca/pahoa/random_stuff/poly_ai_project_pnp-ovss/run_experiment.py --dataset chest_xray --model blip --spatial_type grid --granularity 16 --dropout_iters 5 --dropout_ratio 0.3
2026-04-27 13:53:47  INFO        [DRY-RUN] phase2 | chest_xray | blip | grid g=16 dr_iters=5 dr_ratio=0.3
2026-04-27 13:53:47  INFO                  set_slot 0 /usr/bin/python /home/ge.polymtl.ca/pahoa/random_stuff/poly_ai_project_pnp-ovss/run_experiment.py --dataset chest_xray --model blip --spatial_type grid --granularity 16 --dropout_iters 5 --dropout_ratio 0.3
2026-04-27 13:53:47  DEBUG     CMD  set_slot 0 /usr/bin/python /home/ge.polymtl.ca/pahoa/random_stuff/poly_ai_project_pnp-ovss/run_experiment.py --dataset chest_xray --model blip --spatial_type grid --granularity 16 --dropout_iters 5 --dropout_ratio 0.5
2026-04-27 13:53:47  INFO        [DRY-RUN] phase2 | chest_xray | blip | grid g=16 dr_iters=5 dr_ratio=0.5
2026-04-27 13:53:47  INFO                  set_slot 0 /usr/bin/python /home/ge.polymtl.ca/pahoa/random_stuff/poly_ai_project_pnp-ovss/run_experiment.py --dataset chest_xray --model blip --spatial_type grid --granularity 16 --dropout_iters 5 --dropout_ratio 0.5
2026-04-27 13:53:47  DEBUG     CMD  set_slot 0 /usr/bin/python /home/ge.polymtl.ca/pahoa/random_stuff/poly_ai_project_pnp-ovss/run_experiment.py --dataset chest_xray --model blip --spatial_type grid --granularity 16 --dropout_iters 7 --dropout_ratio 0.1
2026-04-27 13:53:47  INFO        [DRY-RUN] phase2 | chest_xray | blip | grid g=16 dr_iters=7 dr_ratio=0.1
2026-04-27 13:53:47  INFO                  set_slot 0 /usr/bin/python /home/ge.polymtl.ca/pahoa/random_stuff/poly_ai_project_pnp-ovss/run_experiment.py --dataset chest_xray --model blip --spatial_type grid --granularity 16 --dropout_iters 7 --dropout_ratio 0.1
2026-04-27 13:53:47  DEBUG     CMD  set_slot 0 /usr/bin/python /home/ge.polymtl.ca/pahoa/random_stuff/poly_ai_project_pnp-ovss/run_experiment.py --dataset chest_xray --model blip --spatial_type grid --granularity 16 --dropout_iters 7 --dropout_ratio 0.3
2026-04-27 13:53:47  INFO        [DRY-RUN] phase2 | chest_xray | blip | grid g=16 dr_iters=7 dr_ratio=0.3
2026-04-27 13:53:47  INFO                  set_slot 0 /usr/bin/python /home/ge.polymtl.ca/pahoa/random_stuff/poly_ai_project_pnp-ovss/run_experiment.py --dataset chest_xray --model blip --spatial_type grid --granularity 16 --dropout_iters 7 --dropout_ratio 0.3
2026-04-27 13:53:47  DEBUG     CMD  set_slot 0 /usr/bin/python /home/ge.polymtl.ca/pahoa/random_stuff/poly_ai_project_pnp-ovss/run_experiment.py --dataset chest_xray --model blip --spatial_type grid --granularity 16 --dropout_iters 7 --dropout_ratio 0.5
2026-04-27 13:53:47  INFO        [DRY-RUN] phase2 | chest_xray | blip | grid g=16 dr_iters=7 dr_ratio=0.5
2026-04-27 13:53:47  INFO                  set_slot 0 /usr/bin/python /home/ge.polymtl.ca/pahoa/random_stuff/poly_ai_project_pnp-ovss/run_experiment.py --dataset chest_xray --model blip --spatial_type grid --granularity 16 --dropout_iters 7 --dropout_ratio 0.5
2026-04-27 13:53:47  DEBUG     CMD  set_slot 0 /usr/bin/python /home/ge.polymtl.ca/pahoa/random_stuff/poly_ai_project_pnp-ovss/run_experiment.py --dataset chest_xray --model blip --spatial_type grid --granularity 32 --dropout_iters 3 --dropout_ratio 0.1
2026-04-27 13:53:47  INFO        [DRY-RUN] phase2 | chest_xray | blip | grid g=32 dr_iters=3 dr_ratio=0.1
2026-04-27 13:53:47  INFO                  set_slot 0 /usr/bin/python /home/ge.polymtl.ca/pahoa/random_stuff/poly_ai_project_pnp-ovss/run_experiment.py --dataset chest_xray --model blip --spatial_type grid --granularity 32 --dropout_iters 3 --dropout_ratio 0.1
2026-04-27 13:53:47  DEBUG     CMD  set_slot 0 /usr/bin/python /home/ge.polymtl.ca/pahoa/random_stuff/poly_ai_project_pnp-ovss/run_experiment.py --dataset chest_xray --model blip --spatial_type grid --granularity 32 --dropout_iters 3 --dropout_ratio 0.3
2026-04-27 13:53:47  INFO        [DRY-RUN] phase2 | chest_xray | blip | grid g=32 dr_iters=3 dr_ratio=0.3
2026-04-27 13:53:47  INFO                  set_slot 0 /usr/bin/python /home/ge.polymtl.ca/pahoa/random_stuff/poly_ai_project_pnp-ovss/run_experiment.py --dataset chest_xray --model blip --spatial_type grid --granularity 32 --dropout_iters 3 --dropout_ratio 0.3
2026-04-27 13:53:47  DEBUG     CMD  set_slot 0 /usr/bin/python /home/ge.polymtl.ca/pahoa/random_stuff/poly_ai_project_pnp-ovss/run_experiment.py --dataset chest_xray --model blip --spatial_type grid --granularity 32 --dropout_iters 3 --dropout_ratio 0.5
2026-04-27 13:53:47  INFO        [DRY-RUN] phase2 | chest_xray | blip | grid g=32 dr_iters=3 dr_ratio=0.5
2026-04-27 13:53:47  INFO                  set_slot 0 /usr/bin/python /home/ge.polymtl.ca/pahoa/random_stuff/poly_ai_project_pnp-ovss/run_experiment.py --dataset chest_xray --model blip --spatial_type grid --granularity 32 --dropout_iters 3 --dropout_ratio 0.5
2026-04-27 13:53:47  DEBUG     CMD  set_slot 0 /usr/bin/python /home/ge.polymtl.ca/pahoa/random_stuff/poly_ai_project_pnp-ovss/run_experiment.py --dataset chest_xray --model blip --spatial_type grid --granularity 32 --dropout_iters 5 --dropout_ratio 0.1
2026-04-27 13:53:47  INFO        [DRY-RUN] phase2 | chest_xray | blip | grid g=32 dr_iters=5 dr_ratio=0.1
2026-04-27 13:53:47  INFO                  set_slot 0 /usr/bin/python /home/ge.polymtl.ca/pahoa/random_stuff/poly_ai_project_pnp-ovss/run_experiment.py --dataset chest_xray --model blip --spatial_type grid --granularity 32 --dropout_iters 5 --dropout_ratio 0.1
2026-04-27 13:53:47  DEBUG     CMD  set_slot 0 /usr/bin/python /home/ge.polymtl.ca/pahoa/random_stuff/poly_ai_project_pnp-ovss/run_experiment.py --dataset chest_xray --model blip --spatial_type grid --granularity 32 --dropout_iters 5 --dropout_ratio 0.3
2026-04-27 13:53:47  INFO        [DRY-RUN] phase2 | chest_xray | blip | grid g=32 dr_iters=5 dr_ratio=0.3
2026-04-27 13:53:47  INFO                  set_slot 0 /usr/bin/python /home/ge.polymtl.ca/pahoa/random_stuff/poly_ai_project_pnp-ovss/run_experiment.py --dataset chest_xray --model blip --spatial_type grid --granularity 32 --dropout_iters 5 --dropout_ratio 0.3
2026-04-27 13:53:47  DEBUG     CMD  set_slot 0 /usr/bin/python /home/ge.polymtl.ca/pahoa/random_stuff/poly_ai_project_pnp-ovss/run_experiment.py --dataset chest_xray --model blip --spatial_type grid --granularity 32 --dropout_iters 5 --dropout_ratio 0.5
2026-04-27 13:53:47  INFO        [DRY-RUN] phase2 | chest_xray | blip | grid g=32 dr_iters=5 dr_ratio=0.5
2026-04-27 13:53:47  INFO                  set_slot 0 /usr/bin/python /home/ge.polymtl.ca/pahoa/random_stuff/poly_ai_project_pnp-ovss/run_experiment.py --dataset chest_xray --model blip --spatial_type grid --granularity 32 --dropout_iters 5 --dropout_ratio 0.5
2026-04-27 13:53:47  DEBUG     CMD  set_slot 0 /usr/bin/python /home/ge.polymtl.ca/pahoa/random_stuff/poly_ai_project_pnp-ovss/run_experiment.py --dataset chest_xray --model blip --spatial_type grid --granularity 32 --dropout_iters 7 --dropout_ratio 0.1
2026-04-27 13:53:47  INFO        [DRY-RUN] phase2 | chest_xray | blip | grid g=32 dr_iters=7 dr_ratio=0.1
2026-04-27 13:53:47  INFO                  set_slot 0 /usr/bin/python /home/ge.polymtl.ca/pahoa/random_stuff/poly_ai_project_pnp-ovss/run_experiment.py --dataset chest_xray --model blip --spatial_type grid --granularity 32 --dropout_iters 7 --dropout_ratio 0.1
2026-04-27 13:53:47  DEBUG     CMD  set_slot 0 /usr/bin/python /home/ge.polymtl.ca/pahoa/random_stuff/poly_ai_project_pnp-ovss/run_experiment.py --dataset chest_xray --model blip --spatial_type grid --granularity 32 --dropout_iters 7 --dropout_ratio 0.3
2026-04-27 13:53:47  INFO        [DRY-RUN] phase2 | chest_xray | blip | grid g=32 dr_iters=7 dr_ratio=0.3
2026-04-27 13:53:47  INFO                  set_slot 0 /usr/bin/python /home/ge.polymtl.ca/pahoa/random_stuff/poly_ai_project_pnp-ovss/run_experiment.py --dataset chest_xray --model blip --spatial_type grid --granularity 32 --dropout_iters 7 --dropout_ratio 0.3
2026-04-27 13:53:47  DEBUG     CMD  set_slot 0 /usr/bin/python /home/ge.polymtl.ca/pahoa/random_stuff/poly_ai_project_pnp-ovss/run_experiment.py --dataset chest_xray --model blip --spatial_type grid --granularity 32 --dropout_iters 7 --dropout_ratio 0.5
2026-04-27 13:53:47  INFO        [DRY-RUN] phase2 | chest_xray | blip | grid g=32 dr_iters=7 dr_ratio=0.5
2026-04-27 13:53:47  INFO                  set_slot 0 /usr/bin/python /home/ge.polymtl.ca/pahoa/random_stuff/poly_ai_project_pnp-ovss/run_experiment.py --dataset chest_xray --model blip --spatial_type grid --granularity 32 --dropout_iters 7 --dropout_ratio 0.5
2026-04-27 13:53:47  DEBUG     CMD  set_slot 0 /usr/bin/python /home/ge.polymtl.ca/pahoa/random_stuff/poly_ai_project_pnp-ovss/run_experiment.py --dataset chest_xray --model blip --spatial_type superpixel_slic --granularity 100 --dropout_iters 3 --dropout_ratio 0.1
2026-04-27 13:53:47  INFO        [DRY-RUN] phase2 | chest_xray | blip | superpixel_slic g=100 dr_iters=3 dr_ratio=0.1
2026-04-27 13:53:47  INFO                  set_slot 0 /usr/bin/python /home/ge.polymtl.ca/pahoa/random_stuff/poly_ai_project_pnp-ovss/run_experiment.py --dataset chest_xray --model blip --spatial_type superpixel_slic --granularity 100 --dropout_iters 3 --dropout_ratio 0.1
2026-04-27 13:53:47  DEBUG     CMD  set_slot 0 /usr/bin/python /home/ge.polymtl.ca/pahoa/random_stuff/poly_ai_project_pnp-ovss/run_experiment.py --dataset chest_xray --model blip --spatial_type superpixel_slic --granularity 100 --dropout_iters 3 --dropout_ratio 0.3
2026-04-27 13:53:47  INFO        [DRY-RUN] phase2 | chest_xray | blip | superpixel_slic g=100 dr_iters=3 dr_ratio=0.3
2026-04-27 13:53:47  INFO                  set_slot 0 /usr/bin/python /home/ge.polymtl.ca/pahoa/random_stuff/poly_ai_project_pnp-ovss/run_experiment.py --dataset chest_xray --model blip --spatial_type superpixel_slic --granularity 100 --dropout_iters 3 --dropout_ratio 0.3
2026-04-27 13:53:47  DEBUG     CMD  set_slot 0 /usr/bin/python /home/ge.polymtl.ca/pahoa/random_stuff/poly_ai_project_pnp-ovss/run_experiment.py --dataset chest_xray --model blip --spatial_type superpixel_slic --granularity 100 --dropout_iters 3 --dropout_ratio 0.5
2026-04-27 13:53:47  INFO        [DRY-RUN] phase2 | chest_xray | blip | superpixel_slic g=100 dr_iters=3 dr_ratio=0.5
2026-04-27 13:53:47  INFO                  set_slot 0 /usr/bin/python /home/ge.polymtl.ca/pahoa/random_stuff/poly_ai_project_pnp-ovss/run_experiment.py --dataset chest_xray --model blip --spatial_type superpixel_slic --granularity 100 --dropout_iters 3 --dropout_ratio 0.5
2026-04-27 13:53:47  DEBUG     CMD  set_slot 0 /usr/bin/python /home/ge.polymtl.ca/pahoa/random_stuff/poly_ai_project_pnp-ovss/run_experiment.py --dataset chest_xray --model blip --spatial_type superpixel_slic --granularity 100 --dropout_iters 5 --dropout_ratio 0.1
2026-04-27 13:53:47  INFO        [DRY-RUN] phase2 | chest_xray | blip | superpixel_slic g=100 dr_iters=5 dr_ratio=0.1
2026-04-27 13:53:47  INFO                  set_slot 0 /usr/bin/python /home/ge.polymtl.ca/pahoa/random_stuff/poly_ai_project_pnp-ovss/run_experiment.py --dataset chest_xray --model blip --spatial_type superpixel_slic --granularity 100 --dropout_iters 5 --dropout_ratio 0.1
2026-04-27 13:53:47  DEBUG     CMD  set_slot 0 /usr/bin/python /home/ge.polymtl.ca/pahoa/random_stuff/poly_ai_project_pnp-ovss/run_experiment.py --dataset chest_xray --model blip --spatial_type superpixel_slic --granularity 100 --dropout_iters 5 --dropout_ratio 0.3
2026-04-27 13:53:47  INFO        [DRY-RUN] phase2 | chest_xray | blip | superpixel_slic g=100 dr_iters=5 dr_ratio=0.3
2026-04-27 13:53:47  INFO                  set_slot 0 /usr/bin/python /home/ge.polymtl.ca/pahoa/random_stuff/poly_ai_project_pnp-ovss/run_experiment.py --dataset chest_xray --model blip --spatial_type superpixel_slic --granularity 100 --dropout_iters 5 --dropout_ratio 0.3
2026-04-27 13:53:47  DEBUG     CMD  set_slot 0 /usr/bin/python /home/ge.polymtl.ca/pahoa/random_stuff/poly_ai_project_pnp-ovss/run_experiment.py --dataset chest_xray --model blip --spatial_type superpixel_slic --granularity 100 --dropout_iters 5 --dropout_ratio 0.5
2026-04-27 13:53:47  INFO        [DRY-RUN] phase2 | chest_xray | blip | superpixel_slic g=100 dr_iters=5 dr_ratio=0.5
2026-04-27 13:53:47  INFO                  set_slot 0 /usr/bin/python /home/ge.polymtl.ca/pahoa/random_stuff/poly_ai_project_pnp-ovss/run_experiment.py --dataset chest_xray --model blip --spatial_type superpixel_slic --granularity 100 --dropout_iters 5 --dropout_ratio 0.5
2026-04-27 13:53:47  DEBUG     CMD  set_slot 0 /usr/bin/python /home/ge.polymtl.ca/pahoa/random_stuff/poly_ai_project_pnp-ovss/run_experiment.py --dataset chest_xray --model blip --spatial_type superpixel_slic --granularity 100 --dropout_iters 7 --dropout_ratio 0.1
2026-04-27 13:53:47  INFO        [DRY-RUN] phase2 | chest_xray | blip | superpixel_slic g=100 dr_iters=7 dr_ratio=0.1
2026-04-27 13:53:47  INFO                  set_slot 0 /usr/bin/python /home/ge.polymtl.ca/pahoa/random_stuff/poly_ai_project_pnp-ovss/run_experiment.py --dataset chest_xray --model blip --spatial_type superpixel_slic --granularity 100 --dropout_iters 7 --dropout_ratio 0.1
2026-04-27 13:53:47  DEBUG     CMD  set_slot 0 /usr/bin/python /home/ge.polymtl.ca/pahoa/random_stuff/poly_ai_project_pnp-ovss/run_experiment.py --dataset chest_xray --model blip --spatial_type superpixel_slic --granularity 100 --dropout_iters 7 --dropout_ratio 0.3
2026-04-27 13:53:47  INFO        [DRY-RUN] phase2 | chest_xray | blip | superpixel_slic g=100 dr_iters=7 dr_ratio=0.3
2026-04-27 13:53:47  INFO                  set_slot 0 /usr/bin/python /home/ge.polymtl.ca/pahoa/random_stuff/poly_ai_project_pnp-ovss/run_experiment.py --dataset chest_xray --model blip --spatial_type superpixel_slic --granularity 100 --dropout_iters 7 --dropout_ratio 0.3
2026-04-27 13:53:47  DEBUG     CMD  set_slot 0 /usr/bin/python /home/ge.polymtl.ca/pahoa/random_stuff/poly_ai_project_pnp-ovss/run_experiment.py --dataset chest_xray --model blip --spatial_type superpixel_slic --granularity 100 --dropout_iters 7 --dropout_ratio 0.5
2026-04-27 13:53:47  INFO        [DRY-RUN] phase2 | chest_xray | blip | superpixel_slic g=100 dr_iters=7 dr_ratio=0.5
2026-04-27 13:53:47  INFO                  set_slot 0 /usr/bin/python /home/ge.polymtl.ca/pahoa/random_stuff/poly_ai_project_pnp-ovss/run_experiment.py --dataset chest_xray --model blip --spatial_type superpixel_slic --granularity 100 --dropout_iters 7 --dropout_ratio 0.5
2026-04-27 13:53:47  DEBUG     CMD  set_slot 0 /usr/bin/python /home/ge.polymtl.ca/pahoa/random_stuff/poly_ai_project_pnp-ovss/run_experiment.py --dataset chest_xray --model blip --spatial_type superpixel_slic --granularity 200 --dropout_iters 3 --dropout_ratio 0.1
2026-04-27 13:53:47  INFO        [DRY-RUN] phase2 | chest_xray | blip | superpixel_slic g=200 dr_iters=3 dr_ratio=0.1
2026-04-27 13:53:47  INFO                  set_slot 0 /usr/bin/python /home/ge.polymtl.ca/pahoa/random_stuff/poly_ai_project_pnp-ovss/run_experiment.py --dataset chest_xray --model blip --spatial_type superpixel_slic --granularity 200 --dropout_iters 3 --dropout_ratio 0.1
2026-04-27 13:53:47  DEBUG     CMD  set_slot 0 /usr/bin/python /home/ge.polymtl.ca/pahoa/random_stuff/poly_ai_project_pnp-ovss/run_experiment.py --dataset chest_xray --model blip --spatial_type superpixel_slic --granularity 200 --dropout_iters 3 --dropout_ratio 0.3
2026-04-27 13:53:47  INFO        [DRY-RUN] phase2 | chest_xray | blip | superpixel_slic g=200 dr_iters=3 dr_ratio=0.3
2026-04-27 13:53:47  INFO                  set_slot 0 /usr/bin/python /home/ge.polymtl.ca/pahoa/random_stuff/poly_ai_project_pnp-ovss/run_experiment.py --dataset chest_xray --model blip --spatial_type superpixel_slic --granularity 200 --dropout_iters 3 --dropout_ratio 0.3
2026-04-27 13:53:47  DEBUG     CMD  set_slot 0 /usr/bin/python /home/ge.polymtl.ca/pahoa/random_stuff/poly_ai_project_pnp-ovss/run_experiment.py --dataset chest_xray --model blip --spatial_type superpixel_slic --granularity 200 --dropout_iters 3 --dropout_ratio 0.5
2026-04-27 13:53:47  INFO        [DRY-RUN] phase2 | chest_xray | blip | superpixel_slic g=200 dr_iters=3 dr_ratio=0.5
2026-04-27 13:53:47  INFO                  set_slot 0 /usr/bin/python /home/ge.polymtl.ca/pahoa/random_stuff/poly_ai_project_pnp-ovss/run_experiment.py --dataset chest_xray --model blip --spatial_type superpixel_slic --granularity 200 --dropout_iters 3 --dropout_ratio 0.5
2026-04-27 13:53:47  DEBUG     CMD  set_slot 0 /usr/bin/python /home/ge.polymtl.ca/pahoa/random_stuff/poly_ai_project_pnp-ovss/run_experiment.py --dataset chest_xray --model blip --spatial_type superpixel_slic --granularity 200 --dropout_iters 5 --dropout_ratio 0.1
2026-04-27 13:53:47  INFO        [DRY-RUN] phase2 | chest_xray | blip | superpixel_slic g=200 dr_iters=5 dr_ratio=0.1
2026-04-27 13:53:47  INFO                  set_slot 0 /usr/bin/python /home/ge.polymtl.ca/pahoa/random_stuff/poly_ai_project_pnp-ovss/run_experiment.py --dataset chest_xray --model blip --spatial_type superpixel_slic --granularity 200 --dropout_iters 5 --dropout_ratio 0.1
2026-04-27 13:53:47  DEBUG     CMD  set_slot 0 /usr/bin/python /home/ge.polymtl.ca/pahoa/random_stuff/poly_ai_project_pnp-ovss/run_experiment.py --dataset chest_xray --model blip --spatial_type superpixel_slic --granularity 200 --dropout_iters 5 --dropout_ratio 0.3
2026-04-27 13:53:47  INFO        [DRY-RUN] phase2 | chest_xray | blip | superpixel_slic g=200 dr_iters=5 dr_ratio=0.3
2026-04-27 13:53:47  INFO                  set_slot 0 /usr/bin/python /home/ge.polymtl.ca/pahoa/random_stuff/poly_ai_project_pnp-ovss/run_experiment.py --dataset chest_xray --model blip --spatial_type superpixel_slic --granularity 200 --dropout_iters 5 --dropout_ratio 0.3
2026-04-27 13:53:47  DEBUG     CMD  set_slot 0 /usr/bin/python /home/ge.polymtl.ca/pahoa/random_stuff/poly_ai_project_pnp-ovss/run_experiment.py --dataset chest_xray --model blip --spatial_type superpixel_slic --granularity 200 --dropout_iters 5 --dropout_ratio 0.5
2026-04-27 13:53:47  INFO        [DRY-RUN] phase2 | chest_xray | blip | superpixel_slic g=200 dr_iters=5 dr_ratio=0.5
2026-04-27 13:53:47  INFO                  set_slot 0 /usr/bin/python /home/ge.polymtl.ca/pahoa/random_stuff/poly_ai_project_pnp-ovss/run_experiment.py --dataset chest_xray --model blip --spatial_type superpixel_slic --granularity 200 --dropout_iters 5 --dropout_ratio 0.5
2026-04-27 13:53:47  DEBUG     CMD  set_slot 0 /usr/bin/python /home/ge.polymtl.ca/pahoa/random_stuff/poly_ai_project_pnp-ovss/run_experiment.py --dataset chest_xray --model blip --spatial_type superpixel_slic --granularity 200 --dropout_iters 7 --dropout_ratio 0.1
2026-04-27 13:53:47  INFO        [DRY-RUN] phase2 | chest_xray | blip | superpixel_slic g=200 dr_iters=7 dr_ratio=0.1
2026-04-27 13:53:47  INFO                  set_slot 0 /usr/bin/python /home/ge.polymtl.ca/pahoa/random_stuff/poly_ai_project_pnp-ovss/run_experiment.py --dataset chest_xray --model blip --spatial_type superpixel_slic --granularity 200 --dropout_iters 7 --dropout_ratio 0.1
2026-04-27 13:53:47  DEBUG     CMD  set_slot 0 /usr/bin/python /home/ge.polymtl.ca/pahoa/random_stuff/poly_ai_project_pnp-ovss/run_experiment.py --dataset chest_xray --model blip --spatial_type superpixel_slic --granularity 200 --dropout_iters 7 --dropout_ratio 0.3
2026-04-27 13:53:47  INFO        [DRY-RUN] phase2 | chest_xray | blip | superpixel_slic g=200 dr_iters=7 dr_ratio=0.3
2026-04-27 13:53:47  INFO                  set_slot 0 /usr/bin/python /home/ge.polymtl.ca/pahoa/random_stuff/poly_ai_project_pnp-ovss/run_experiment.py --dataset chest_xray --model blip --spatial_type superpixel_slic --granularity 200 --dropout_iters 7 --dropout_ratio 0.3
2026-04-27 13:53:47  DEBUG     CMD  set_slot 0 /usr/bin/python /home/ge.polymtl.ca/pahoa/random_stuff/poly_ai_project_pnp-ovss/run_experiment.py --dataset chest_xray --model blip --spatial_type superpixel_slic --granularity 200 --dropout_iters 7 --dropout_ratio 0.5
2026-04-27 13:53:47  INFO        [DRY-RUN] phase2 | chest_xray | blip | superpixel_slic g=200 dr_iters=7 dr_ratio=0.5
2026-04-27 13:53:47  INFO                  set_slot 0 /usr/bin/python /home/ge.polymtl.ca/pahoa/random_stuff/poly_ai_project_pnp-ovss/run_experiment.py --dataset chest_xray --model blip --spatial_type superpixel_slic --granularity 200 --dropout_iters 7 --dropout_ratio 0.5
2026-04-27 13:53:47  DEBUG     CMD  set_slot 0 /usr/bin/python /home/ge.polymtl.ca/pahoa/random_stuff/poly_ai_project_pnp-ovss/run_experiment.py --dataset chest_xray --model blip --spatial_type superpixel_slic --granularity 300 --dropout_iters 3 --dropout_ratio 0.1
2026-04-27 13:53:47  INFO        [DRY-RUN] phase2 | chest_xray | blip | superpixel_slic g=300 dr_iters=3 dr_ratio=0.1
2026-04-27 13:53:47  INFO                  set_slot 0 /usr/bin/python /home/ge.polymtl.ca/pahoa/random_stuff/poly_ai_project_pnp-ovss/run_experiment.py --dataset chest_xray --model blip --spatial_type superpixel_slic --granularity 300 --dropout_iters 3 --dropout_ratio 0.1
2026-04-27 13:53:47  DEBUG     CMD  set_slot 0 /usr/bin/python /home/ge.polymtl.ca/pahoa/random_stuff/poly_ai_project_pnp-ovss/run_experiment.py --dataset chest_xray --model blip --spatial_type superpixel_slic --granularity 300 --dropout_iters 3 --dropout_ratio 0.3
2026-04-27 13:53:47  INFO        [DRY-RUN] phase2 | chest_xray | blip | superpixel_slic g=300 dr_iters=3 dr_ratio=0.3
2026-04-27 13:53:47  INFO                  set_slot 0 /usr/bin/python /home/ge.polymtl.ca/pahoa/random_stuff/poly_ai_project_pnp-ovss/run_experiment.py --dataset chest_xray --model blip --spatial_type superpixel_slic --granularity 300 --dropout_iters 3 --dropout_ratio 0.3
2026-04-27 13:53:47  DEBUG     CMD  set_slot 0 /usr/bin/python /home/ge.polymtl.ca/pahoa/random_stuff/poly_ai_project_pnp-ovss/run_experiment.py --dataset chest_xray --model blip --spatial_type superpixel_slic --granularity 300 --dropout_iters 3 --dropout_ratio 0.5
2026-04-27 13:53:47  INFO        [DRY-RUN] phase2 | chest_xray | blip | superpixel_slic g=300 dr_iters=3 dr_ratio=0.5
2026-04-27 13:53:47  INFO                  set_slot 0 /usr/bin/python /home/ge.polymtl.ca/pahoa/random_stuff/poly_ai_project_pnp-ovss/run_experiment.py --dataset chest_xray --model blip --spatial_type superpixel_slic --granularity 300 --dropout_iters 3 --dropout_ratio 0.5
2026-04-27 13:53:47  DEBUG     CMD  set_slot 0 /usr/bin/python /home/ge.polymtl.ca/pahoa/random_stuff/poly_ai_project_pnp-ovss/run_experiment.py --dataset chest_xray --model blip --spatial_type superpixel_slic --granularity 300 --dropout_iters 5 --dropout_ratio 0.1
2026-04-27 13:53:47  INFO        [DRY-RUN] phase2 | chest_xray | blip | superpixel_slic g=300 dr_iters=5 dr_ratio=0.1
2026-04-27 13:53:47  INFO                  set_slot 0 /usr/bin/python /home/ge.polymtl.ca/pahoa/random_stuff/poly_ai_project_pnp-ovss/run_experiment.py --dataset chest_xray --model blip --spatial_type superpixel_slic --granularity 300 --dropout_iters 5 --dropout_ratio 0.1
2026-04-27 13:53:47  DEBUG     CMD  set_slot 0 /usr/bin/python /home/ge.polymtl.ca/pahoa/random_stuff/poly_ai_project_pnp-ovss/run_experiment.py --dataset chest_xray --model blip --spatial_type superpixel_slic --granularity 300 --dropout_iters 5 --dropout_ratio 0.3
2026-04-27 13:53:47  INFO        [DRY-RUN] phase2 | chest_xray | blip | superpixel_slic g=300 dr_iters=5 dr_ratio=0.3
2026-04-27 13:53:47  INFO                  set_slot 0 /usr/bin/python /home/ge.polymtl.ca/pahoa/random_stuff/poly_ai_project_pnp-ovss/run_experiment.py --dataset chest_xray --model blip --spatial_type superpixel_slic --granularity 300 --dropout_iters 5 --dropout_ratio 0.3
2026-04-27 13:53:47  DEBUG     CMD  set_slot 0 /usr/bin/python /home/ge.polymtl.ca/pahoa/random_stuff/poly_ai_project_pnp-ovss/run_experiment.py --dataset chest_xray --model blip --spatial_type superpixel_slic --granularity 300 --dropout_iters 5 --dropout_ratio 0.5
2026-04-27 13:53:47  INFO        [DRY-RUN] phase2 | chest_xray | blip | superpixel_slic g=300 dr_iters=5 dr_ratio=0.5
2026-04-27 13:53:47  INFO                  set_slot 0 /usr/bin/python /home/ge.polymtl.ca/pahoa/random_stuff/poly_ai_project_pnp-ovss/run_experiment.py --dataset chest_xray --model blip --spatial_type superpixel_slic --granularity 300 --dropout_iters 5 --dropout_ratio 0.5
2026-04-27 13:53:47  DEBUG     CMD  set_slot 0 /usr/bin/python /home/ge.polymtl.ca/pahoa/random_stuff/poly_ai_project_pnp-ovss/run_experiment.py --dataset chest_xray --model blip --spatial_type superpixel_slic --granularity 300 --dropout_iters 7 --dropout_ratio 0.1
2026-04-27 13:53:47  INFO        [DRY-RUN] phase2 | chest_xray | blip | superpixel_slic g=300 dr_iters=7 dr_ratio=0.1
2026-04-27 13:53:47  INFO                  set_slot 0 /usr/bin/python /home/ge.polymtl.ca/pahoa/random_stuff/poly_ai_project_pnp-ovss/run_experiment.py --dataset chest_xray --model blip --spatial_type superpixel_slic --granularity 300 --dropout_iters 7 --dropout_ratio 0.1
2026-04-27 13:53:47  DEBUG     CMD  set_slot 0 /usr/bin/python /home/ge.polymtl.ca/pahoa/random_stuff/poly_ai_project_pnp-ovss/run_experiment.py --dataset chest_xray --model blip --spatial_type superpixel_slic --granularity 300 --dropout_iters 7 --dropout_ratio 0.3
2026-04-27 13:53:47  INFO        [DRY-RUN] phase2 | chest_xray | blip | superpixel_slic g=300 dr_iters=7 dr_ratio=0.3
2026-04-27 13:53:47  INFO                  set_slot 0 /usr/bin/python /home/ge.polymtl.ca/pahoa/random_stuff/poly_ai_project_pnp-ovss/run_experiment.py --dataset chest_xray --model blip --spatial_type superpixel_slic --granularity 300 --dropout_iters 7 --dropout_ratio 0.3
2026-04-27 13:53:47  DEBUG     CMD  set_slot 0 /usr/bin/python /home/ge.polymtl.ca/pahoa/random_stuff/poly_ai_project_pnp-ovss/run_experiment.py --dataset chest_xray --model blip --spatial_type superpixel_slic --granularity 300 --dropout_iters 7 --dropout_ratio 0.5
2026-04-27 13:53:47  INFO        [DRY-RUN] phase2 | chest_xray | blip | superpixel_slic g=300 dr_iters=7 dr_ratio=0.5
2026-04-27 13:53:47  INFO                  set_slot 0 /usr/bin/python /home/ge.polymtl.ca/pahoa/random_stuff/poly_ai_project_pnp-ovss/run_experiment.py --dataset chest_xray --model blip --spatial_type superpixel_slic --granularity 300 --dropout_iters 7 --dropout_ratio 0.5
2026-04-27 13:53:47  INFO        Phase 2 done  ok=45  fail=0
2026-04-27 13:53:47  INFO        ── Phase 3 ──
2026-04-27 13:53:47  DEBUG     CMD  set_slot 0 /usr/bin/python /home/ge.polymtl.ca/pahoa/random_stuff/poly_ai_project_pnp-ovss/run_experiment.py --dataset chest_xray --model blip --tuning_metric zero_shot_heuristic
2026-04-27 13:53:47  INFO        [DRY-RUN] phase3 | chest_xray | blip | metric=zero_shot_heuristic
2026-04-27 13:53:47  INFO                  set_slot 0 /usr/bin/python /home/ge.polymtl.ca/pahoa/random_stuff/poly_ai_project_pnp-ovss/run_experiment.py --dataset chest_xray --model blip --tuning_metric zero_shot_heuristic
2026-04-27 13:53:47  DEBUG     CMD  set_slot 0 /usr/bin/python /home/ge.polymtl.ca/pahoa/random_stuff/poly_ai_project_pnp-ovss/run_experiment.py --dataset chest_xray --model blip --tuning_metric supervised_mdice
2026-04-27 13:53:47  INFO        [DRY-RUN] phase3 | chest_xray | blip | metric=supervised_mdice
2026-04-27 13:53:47  INFO                  set_slot 0 /usr/bin/python /home/ge.polymtl.ca/pahoa/random_stuff/poly_ai_project_pnp-ovss/run_experiment.py --dataset chest_xray --model blip --tuning_metric supervised_mdice
2026-04-27 13:53:47  INFO        Phase 3 done  ok=2  fail=0
2026-04-27 13:53:47  INFO        ── Phase 4 ──
2026-04-27 13:53:47  DEBUG     CMD  set_slot 0 /usr/bin/python /home/ge.polymtl.ca/pahoa/random_stuff/poly_ai_project_pnp-ovss/run_experiment.py --run_final_eval True --dataset chest_xray --model blip
2026-04-27 13:53:47  INFO        [DRY-RUN] phase4 | chest_xray | blip
2026-04-27 13:53:47  INFO                  set_slot 0 /usr/bin/python /home/ge.polymtl.ca/pahoa/random_stuff/poly_ai_project_pnp-ovss/run_experiment.py --run_final_eval True --dataset chest_xray --model blip
2026-04-27 13:53:47  INFO        Phase 4 done  ok=1  fail=0
2026-04-27 13:53:47  INFO      ━━━━━━━━━━━━━━━━━━━━━━━━━━━━━━━━━━━━━━━━━━━━━━━━━━━━━━━━━━━━━━━━━━━━━━━━
2026-04-27 13:53:47  INFO        PAIR  dataset=chest_xray       model=bridgetower
2026-04-27 13:53:47  INFO      ━━━━━━━━━━━━━━━━━━━━━━━━━━━━━━━━━━━━━━━━━━━━━━━━━━━━━━━━━━━━━━━━━━━━━━━━
2026-04-27 13:53:47  INFO        ── Phase 1 ──
2026-04-27 13:53:47  DEBUG     CMD  set_slot 0 /usr/bin/python /home/ge.polymtl.ca/pahoa/random_stuff/poly_ai_project_pnp-ovss/run_experiment.py --dataset chest_xray --model bridgetower --spatial_type grid --tuning_metric zero_shot_heuristic
2026-04-27 13:53:47  INFO        [DRY-RUN] phase1 | chest_xray | bridgetower
2026-04-27 13:53:47  INFO                  set_slot 0 /usr/bin/python /home/ge.polymtl.ca/pahoa/random_stuff/poly_ai_project_pnp-ovss/run_experiment.py --dataset chest_xray --model bridgetower --spatial_type grid --tuning_metric zero_shot_heuristic
2026-04-27 13:53:47  INFO        Phase 1 done  ok=1  fail=0
2026-04-27 13:53:47  INFO        ── Phase 2 ──
2026-04-27 13:53:47  DEBUG     CMD  set_slot 0 /usr/bin/python /home/ge.polymtl.ca/pahoa/random_stuff/poly_ai_project_pnp-ovss/run_experiment.py --dataset chest_xray --model bridgetower --spatial_type grid --granularity 16 --dropout_iters 3 --dropout_ratio 0.1
2026-04-27 13:53:47  INFO        [DRY-RUN] phase2 | chest_xray | bridgetower | grid g=16 dr_iters=3 dr_ratio=0.1
2026-04-27 13:53:47  INFO                  set_slot 0 /usr/bin/python /home/ge.polymtl.ca/pahoa/random_stuff/poly_ai_project_pnp-ovss/run_experiment.py --dataset chest_xray --model bridgetower --spatial_type grid --granularity 16 --dropout_iters 3 --dropout_ratio 0.1
2026-04-27 13:53:47  DEBUG     CMD  set_slot 0 /usr/bin/python /home/ge.polymtl.ca/pahoa/random_stuff/poly_ai_project_pnp-ovss/run_experiment.py --dataset chest_xray --model bridgetower --spatial_type grid --granularity 16 --dropout_iters 3 --dropout_ratio 0.3
2026-04-27 13:53:47  INFO        [DRY-RUN] phase2 | chest_xray | bridgetower | grid g=16 dr_iters=3 dr_ratio=0.3
2026-04-27 13:53:47  INFO                  set_slot 0 /usr/bin/python /home/ge.polymtl.ca/pahoa/random_stuff/poly_ai_project_pnp-ovss/run_experiment.py --dataset chest_xray --model bridgetower --spatial_type grid --granularity 16 --dropout_iters 3 --dropout_ratio 0.3
2026-04-27 13:53:47  DEBUG     CMD  set_slot 0 /usr/bin/python /home/ge.polymtl.ca/pahoa/random_stuff/poly_ai_project_pnp-ovss/run_experiment.py --dataset chest_xray --model bridgetower --spatial_type grid --granularity 16 --dropout_iters 3 --dropout_ratio 0.5
2026-04-27 13:53:47  INFO        [DRY-RUN] phase2 | chest_xray | bridgetower | grid g=16 dr_iters=3 dr_ratio=0.5
2026-04-27 13:53:47  INFO                  set_slot 0 /usr/bin/python /home/ge.polymtl.ca/pahoa/random_stuff/poly_ai_project_pnp-ovss/run_experiment.py --dataset chest_xray --model bridgetower --spatial_type grid --granularity 16 --dropout_iters 3 --dropout_ratio 0.5
2026-04-27 13:53:47  DEBUG     CMD  set_slot 0 /usr/bin/python /home/ge.polymtl.ca/pahoa/random_stuff/poly_ai_project_pnp-ovss/run_experiment.py --dataset chest_xray --model bridgetower --spatial_type grid --granularity 16 --dropout_iters 5 --dropout_ratio 0.1
2026-04-27 13:53:47  INFO        [DRY-RUN] phase2 | chest_xray | bridgetower | grid g=16 dr_iters=5 dr_ratio=0.1
2026-04-27 13:53:47  INFO                  set_slot 0 /usr/bin/python /home/ge.polymtl.ca/pahoa/random_stuff/poly_ai_project_pnp-ovss/run_experiment.py --dataset chest_xray --model bridgetower --spatial_type grid --granularity 16 --dropout_iters 5 --dropout_ratio 0.1
2026-04-27 13:53:47  DEBUG     CMD  set_slot 0 /usr/bin/python /home/ge.polymtl.ca/pahoa/random_stuff/poly_ai_project_pnp-ovss/run_experiment.py --dataset chest_xray --model bridgetower --spatial_type grid --granularity 16 --dropout_iters 5 --dropout_ratio 0.3
2026-04-27 13:53:47  INFO        [DRY-RUN] phase2 | chest_xray | bridgetower | grid g=16 dr_iters=5 dr_ratio=0.3
2026-04-27 13:53:47  INFO                  set_slot 0 /usr/bin/python /home/ge.polymtl.ca/pahoa/random_stuff/poly_ai_project_pnp-ovss/run_experiment.py --dataset chest_xray --model bridgetower --spatial_type grid --granularity 16 --dropout_iters 5 --dropout_ratio 0.3
2026-04-27 13:53:47  DEBUG     CMD  set_slot 0 /usr/bin/python /home/ge.polymtl.ca/pahoa/random_stuff/poly_ai_project_pnp-ovss/run_experiment.py --dataset chest_xray --model bridgetower --spatial_type grid --granularity 16 --dropout_iters 5 --dropout_ratio 0.5
2026-04-27 13:53:47  INFO        [DRY-RUN] phase2 | chest_xray | bridgetower | grid g=16 dr_iters=5 dr_ratio=0.5
2026-04-27 13:53:47  INFO                  set_slot 0 /usr/bin/python /home/ge.polymtl.ca/pahoa/random_stuff/poly_ai_project_pnp-ovss/run_experiment.py --dataset chest_xray --model bridgetower --spatial_type grid --granularity 16 --dropout_iters 5 --dropout_ratio 0.5
2026-04-27 13:53:47  DEBUG     CMD  set_slot 0 /usr/bin/python /home/ge.polymtl.ca/pahoa/random_stuff/poly_ai_project_pnp-ovss/run_experiment.py --dataset chest_xray --model bridgetower --spatial_type grid --granularity 16 --dropout_iters 7 --dropout_ratio 0.1
2026-04-27 13:53:47  INFO        [DRY-RUN] phase2 | chest_xray | bridgetower | grid g=16 dr_iters=7 dr_ratio=0.1
2026-04-27 13:53:47  INFO                  set_slot 0 /usr/bin/python /home/ge.polymtl.ca/pahoa/random_stuff/poly_ai_project_pnp-ovss/run_experiment.py --dataset chest_xray --model bridgetower --spatial_type grid --granularity 16 --dropout_iters 7 --dropout_ratio 0.1
2026-04-27 13:53:47  DEBUG     CMD  set_slot 0 /usr/bin/python /home/ge.polymtl.ca/pahoa/random_stuff/poly_ai_project_pnp-ovss/run_experiment.py --dataset chest_xray --model bridgetower --spatial_type grid --granularity 16 --dropout_iters 7 --dropout_ratio 0.3
2026-04-27 13:53:47  INFO        [DRY-RUN] phase2 | chest_xray | bridgetower | grid g=16 dr_iters=7 dr_ratio=0.3
2026-04-27 13:53:47  INFO                  set_slot 0 /usr/bin/python /home/ge.polymtl.ca/pahoa/random_stuff/poly_ai_project_pnp-ovss/run_experiment.py --dataset chest_xray --model bridgetower --spatial_type grid --granularity 16 --dropout_iters 7 --dropout_ratio 0.3
2026-04-27 13:53:47  DEBUG     CMD  set_slot 0 /usr/bin/python /home/ge.polymtl.ca/pahoa/random_stuff/poly_ai_project_pnp-ovss/run_experiment.py --dataset chest_xray --model bridgetower --spatial_type grid --granularity 16 --dropout_iters 7 --dropout_ratio 0.5
2026-04-27 13:53:47  INFO        [DRY-RUN] phase2 | chest_xray | bridgetower | grid g=16 dr_iters=7 dr_ratio=0.5
2026-04-27 13:53:47  INFO                  set_slot 0 /usr/bin/python /home/ge.polymtl.ca/pahoa/random_stuff/poly_ai_project_pnp-ovss/run_experiment.py --dataset chest_xray --model bridgetower --spatial_type grid --granularity 16 --dropout_iters 7 --dropout_ratio 0.5
2026-04-27 13:53:47  DEBUG     CMD  set_slot 0 /usr/bin/python /home/ge.polymtl.ca/pahoa/random_stuff/poly_ai_project_pnp-ovss/run_experiment.py --dataset chest_xray --model bridgetower --spatial_type grid --granularity 32 --dropout_iters 3 --dropout_ratio 0.1
2026-04-27 13:53:47  INFO        [DRY-RUN] phase2 | chest_xray | bridgetower | grid g=32 dr_iters=3 dr_ratio=0.1
2026-04-27 13:53:47  INFO                  set_slot 0 /usr/bin/python /home/ge.polymtl.ca/pahoa/random_stuff/poly_ai_project_pnp-ovss/run_experiment.py --dataset chest_xray --model bridgetower --spatial_type grid --granularity 32 --dropout_iters 3 --dropout_ratio 0.1
2026-04-27 13:53:47  DEBUG     CMD  set_slot 0 /usr/bin/python /home/ge.polymtl.ca/pahoa/random_stuff/poly_ai_project_pnp-ovss/run_experiment.py --dataset chest_xray --model bridgetower --spatial_type grid --granularity 32 --dropout_iters 3 --dropout_ratio 0.3
2026-04-27 13:53:47  INFO        [DRY-RUN] phase2 | chest_xray | bridgetower | grid g=32 dr_iters=3 dr_ratio=0.3
2026-04-27 13:53:47  INFO                  set_slot 0 /usr/bin/python /home/ge.polymtl.ca/pahoa/random_stuff/poly_ai_project_pnp-ovss/run_experiment.py --dataset chest_xray --model bridgetower --spatial_type grid --granularity 32 --dropout_iters 3 --dropout_ratio 0.3
2026-04-27 13:53:47  DEBUG     CMD  set_slot 0 /usr/bin/python /home/ge.polymtl.ca/pahoa/random_stuff/poly_ai_project_pnp-ovss/run_experiment.py --dataset chest_xray --model bridgetower --spatial_type grid --granularity 32 --dropout_iters 3 --dropout_ratio 0.5
2026-04-27 13:53:47  INFO        [DRY-RUN] phase2 | chest_xray | bridgetower | grid g=32 dr_iters=3 dr_ratio=0.5
2026-04-27 13:53:47  INFO                  set_slot 0 /usr/bin/python /home/ge.polymtl.ca/pahoa/random_stuff/poly_ai_project_pnp-ovss/run_experiment.py --dataset chest_xray --model bridgetower --spatial_type grid --granularity 32 --dropout_iters 3 --dropout_ratio 0.5
2026-04-27 13:53:47  DEBUG     CMD  set_slot 0 /usr/bin/python /home/ge.polymtl.ca/pahoa/random_stuff/poly_ai_project_pnp-ovss/run_experiment.py --dataset chest_xray --model bridgetower --spatial_type grid --granularity 32 --dropout_iters 5 --dropout_ratio 0.1
2026-04-27 13:53:47  INFO        [DRY-RUN] phase2 | chest_xray | bridgetower | grid g=32 dr_iters=5 dr_ratio=0.1
2026-04-27 13:53:47  INFO                  set_slot 0 /usr/bin/python /home/ge.polymtl.ca/pahoa/random_stuff/poly_ai_project_pnp-ovss/run_experiment.py --dataset chest_xray --model bridgetower --spatial_type grid --granularity 32 --dropout_iters 5 --dropout_ratio 0.1
2026-04-27 13:53:47  DEBUG     CMD  set_slot 0 /usr/bin/python /home/ge.polymtl.ca/pahoa/random_stuff/poly_ai_project_pnp-ovss/run_experiment.py --dataset chest_xray --model bridgetower --spatial_type grid --granularity 32 --dropout_iters 5 --dropout_ratio 0.3
2026-04-27 13:53:47  INFO        [DRY-RUN] phase2 | chest_xray | bridgetower | grid g=32 dr_iters=5 dr_ratio=0.3
2026-04-27 13:53:47  INFO                  set_slot 0 /usr/bin/python /home/ge.polymtl.ca/pahoa/random_stuff/poly_ai_project_pnp-ovss/run_experiment.py --dataset chest_xray --model bridgetower --spatial_type grid --granularity 32 --dropout_iters 5 --dropout_ratio 0.3
2026-04-27 13:53:47  DEBUG     CMD  set_slot 0 /usr/bin/python /home/ge.polymtl.ca/pahoa/random_stuff/poly_ai_project_pnp-ovss/run_experiment.py --dataset chest_xray --model bridgetower --spatial_type grid --granularity 32 --dropout_iters 5 --dropout_ratio 0.5
2026-04-27 13:53:47  INFO        [DRY-RUN] phase2 | chest_xray | bridgetower | grid g=32 dr_iters=5 dr_ratio=0.5
2026-04-27 13:53:47  INFO                  set_slot 0 /usr/bin/python /home/ge.polymtl.ca/pahoa/random_stuff/poly_ai_project_pnp-ovss/run_experiment.py --dataset chest_xray --model bridgetower --spatial_type grid --granularity 32 --dropout_iters 5 --dropout_ratio 0.5
2026-04-27 13:53:47  DEBUG     CMD  set_slot 0 /usr/bin/python /home/ge.polymtl.ca/pahoa/random_stuff/poly_ai_project_pnp-ovss/run_experiment.py --dataset chest_xray --model bridgetower --spatial_type grid --granularity 32 --dropout_iters 7 --dropout_ratio 0.1
2026-04-27 13:53:47  INFO        [DRY-RUN] phase2 | chest_xray | bridgetower | grid g=32 dr_iters=7 dr_ratio=0.1
2026-04-27 13:53:47  INFO                  set_slot 0 /usr/bin/python /home/ge.polymtl.ca/pahoa/random_stuff/poly_ai_project_pnp-ovss/run_experiment.py --dataset chest_xray --model bridgetower --spatial_type grid --granularity 32 --dropout_iters 7 --dropout_ratio 0.1
2026-04-27 13:53:47  DEBUG     CMD  set_slot 0 /usr/bin/python /home/ge.polymtl.ca/pahoa/random_stuff/poly_ai_project_pnp-ovss/run_experiment.py --dataset chest_xray --model bridgetower --spatial_type grid --granularity 32 --dropout_iters 7 --dropout_ratio 0.3
2026-04-27 13:53:47  INFO        [DRY-RUN] phase2 | chest_xray | bridgetower | grid g=32 dr_iters=7 dr_ratio=0.3
2026-04-27 13:53:47  INFO                  set_slot 0 /usr/bin/python /home/ge.polymtl.ca/pahoa/random_stuff/poly_ai_project_pnp-ovss/run_experiment.py --dataset chest_xray --model bridgetower --spatial_type grid --granularity 32 --dropout_iters 7 --dropout_ratio 0.3
2026-04-27 13:53:47  DEBUG     CMD  set_slot 0 /usr/bin/python /home/ge.polymtl.ca/pahoa/random_stuff/poly_ai_project_pnp-ovss/run_experiment.py --dataset chest_xray --model bridgetower --spatial_type grid --granularity 32 --dropout_iters 7 --dropout_ratio 0.5
2026-04-27 13:53:47  INFO        [DRY-RUN] phase2 | chest_xray | bridgetower | grid g=32 dr_iters=7 dr_ratio=0.5
2026-04-27 13:53:47  INFO                  set_slot 0 /usr/bin/python /home/ge.polymtl.ca/pahoa/random_stuff/poly_ai_project_pnp-ovss/run_experiment.py --dataset chest_xray --model bridgetower --spatial_type grid --granularity 32 --dropout_iters 7 --dropout_ratio 0.5
2026-04-27 13:53:47  DEBUG     CMD  set_slot 0 /usr/bin/python /home/ge.polymtl.ca/pahoa/random_stuff/poly_ai_project_pnp-ovss/run_experiment.py --dataset chest_xray --model bridgetower --spatial_type superpixel_slic --granularity 100 --dropout_iters 3 --dropout_ratio 0.1
2026-04-27 13:53:47  INFO        [DRY-RUN] phase2 | chest_xray | bridgetower | superpixel_slic g=100 dr_iters=3 dr_ratio=0.1
2026-04-27 13:53:47  INFO                  set_slot 0 /usr/bin/python /home/ge.polymtl.ca/pahoa/random_stuff/poly_ai_project_pnp-ovss/run_experiment.py --dataset chest_xray --model bridgetower --spatial_type superpixel_slic --granularity 100 --dropout_iters 3 --dropout_ratio 0.1
2026-04-27 13:53:47  DEBUG     CMD  set_slot 0 /usr/bin/python /home/ge.polymtl.ca/pahoa/random_stuff/poly_ai_project_pnp-ovss/run_experiment.py --dataset chest_xray --model bridgetower --spatial_type superpixel_slic --granularity 100 --dropout_iters 3 --dropout_ratio 0.3
2026-04-27 13:53:47  INFO        [DRY-RUN] phase2 | chest_xray | bridgetower | superpixel_slic g=100 dr_iters=3 dr_ratio=0.3
2026-04-27 13:53:47  INFO                  set_slot 0 /usr/bin/python /home/ge.polymtl.ca/pahoa/random_stuff/poly_ai_project_pnp-ovss/run_experiment.py --dataset chest_xray --model bridgetower --spatial_type superpixel_slic --granularity 100 --dropout_iters 3 --dropout_ratio 0.3
2026-04-27 13:53:47  DEBUG     CMD  set_slot 0 /usr/bin/python /home/ge.polymtl.ca/pahoa/random_stuff/poly_ai_project_pnp-ovss/run_experiment.py --dataset chest_xray --model bridgetower --spatial_type superpixel_slic --granularity 100 --dropout_iters 3 --dropout_ratio 0.5
2026-04-27 13:53:47  INFO        [DRY-RUN] phase2 | chest_xray | bridgetower | superpixel_slic g=100 dr_iters=3 dr_ratio=0.5
2026-04-27 13:53:47  INFO                  set_slot 0 /usr/bin/python /home/ge.polymtl.ca/pahoa/random_stuff/poly_ai_project_pnp-ovss/run_experiment.py --dataset chest_xray --model bridgetower --spatial_type superpixel_slic --granularity 100 --dropout_iters 3 --dropout_ratio 0.5
2026-04-27 13:53:47  DEBUG     CMD  set_slot 0 /usr/bin/python /home/ge.polymtl.ca/pahoa/random_stuff/poly_ai_project_pnp-ovss/run_experiment.py --dataset chest_xray --model bridgetower --spatial_type superpixel_slic --granularity 100 --dropout_iters 5 --dropout_ratio 0.1
2026-04-27 13:53:47  INFO        [DRY-RUN] phase2 | chest_xray | bridgetower | superpixel_slic g=100 dr_iters=5 dr_ratio=0.1
2026-04-27 13:53:47  INFO                  set_slot 0 /usr/bin/python /home/ge.polymtl.ca/pahoa/random_stuff/poly_ai_project_pnp-ovss/run_experiment.py --dataset chest_xray --model bridgetower --spatial_type superpixel_slic --granularity 100 --dropout_iters 5 --dropout_ratio 0.1
2026-04-27 13:53:47  DEBUG     CMD  set_slot 0 /usr/bin/python /home/ge.polymtl.ca/pahoa/random_stuff/poly_ai_project_pnp-ovss/run_experiment.py --dataset chest_xray --model bridgetower --spatial_type superpixel_slic --granularity 100 --dropout_iters 5 --dropout_ratio 0.3
2026-04-27 13:53:47  INFO        [DRY-RUN] phase2 | chest_xray | bridgetower | superpixel_slic g=100 dr_iters=5 dr_ratio=0.3
2026-04-27 13:53:47  INFO                  set_slot 0 /usr/bin/python /home/ge.polymtl.ca/pahoa/random_stuff/poly_ai_project_pnp-ovss/run_experiment.py --dataset chest_xray --model bridgetower --spatial_type superpixel_slic --granularity 100 --dropout_iters 5 --dropout_ratio 0.3
2026-04-27 13:53:47  DEBUG     CMD  set_slot 0 /usr/bin/python /home/ge.polymtl.ca/pahoa/random_stuff/poly_ai_project_pnp-ovss/run_experiment.py --dataset chest_xray --model bridgetower --spatial_type superpixel_slic --granularity 100 --dropout_iters 5 --dropout_ratio 0.5
2026-04-27 13:53:47  INFO        [DRY-RUN] phase2 | chest_xray | bridgetower | superpixel_slic g=100 dr_iters=5 dr_ratio=0.5
2026-04-27 13:53:47  INFO                  set_slot 0 /usr/bin/python /home/ge.polymtl.ca/pahoa/random_stuff/poly_ai_project_pnp-ovss/run_experiment.py --dataset chest_xray --model bridgetower --spatial_type superpixel_slic --granularity 100 --dropout_iters 5 --dropout_ratio 0.5
2026-04-27 13:53:47  DEBUG     CMD  set_slot 0 /usr/bin/python /home/ge.polymtl.ca/pahoa/random_stuff/poly_ai_project_pnp-ovss/run_experiment.py --dataset chest_xray --model bridgetower --spatial_type superpixel_slic --granularity 100 --dropout_iters 7 --dropout_ratio 0.1
2026-04-27 13:53:47  INFO        [DRY-RUN] phase2 | chest_xray | bridgetower | superpixel_slic g=100 dr_iters=7 dr_ratio=0.1
2026-04-27 13:53:47  INFO                  set_slot 0 /usr/bin/python /home/ge.polymtl.ca/pahoa/random_stuff/poly_ai_project_pnp-ovss/run_experiment.py --dataset chest_xray --model bridgetower --spatial_type superpixel_slic --granularity 100 --dropout_iters 7 --dropout_ratio 0.1
2026-04-27 13:53:47  DEBUG     CMD  set_slot 0 /usr/bin/python /home/ge.polymtl.ca/pahoa/random_stuff/poly_ai_project_pnp-ovss/run_experiment.py --dataset chest_xray --model bridgetower --spatial_type superpixel_slic --granularity 100 --dropout_iters 7 --dropout_ratio 0.3
2026-04-27 13:53:47  INFO        [DRY-RUN] phase2 | chest_xray | bridgetower | superpixel_slic g=100 dr_iters=7 dr_ratio=0.3
2026-04-27 13:53:47  INFO                  set_slot 0 /usr/bin/python /home/ge.polymtl.ca/pahoa/random_stuff/poly_ai_project_pnp-ovss/run_experiment.py --dataset chest_xray --model bridgetower --spatial_type superpixel_slic --granularity 100 --dropout_iters 7 --dropout_ratio 0.3
2026-04-27 13:53:47  DEBUG     CMD  set_slot 0 /usr/bin/python /home/ge.polymtl.ca/pahoa/random_stuff/poly_ai_project_pnp-ovss/run_experiment.py --dataset chest_xray --model bridgetower --spatial_type superpixel_slic --granularity 100 --dropout_iters 7 --dropout_ratio 0.5
2026-04-27 13:53:47  INFO        [DRY-RUN] phase2 | chest_xray | bridgetower | superpixel_slic g=100 dr_iters=7 dr_ratio=0.5
2026-04-27 13:53:47  INFO                  set_slot 0 /usr/bin/python /home/ge.polymtl.ca/pahoa/random_stuff/poly_ai_project_pnp-ovss/run_experiment.py --dataset chest_xray --model bridgetower --spatial_type superpixel_slic --granularity 100 --dropout_iters 7 --dropout_ratio 0.5
2026-04-27 13:53:47  DEBUG     CMD  set_slot 0 /usr/bin/python /home/ge.polymtl.ca/pahoa/random_stuff/poly_ai_project_pnp-ovss/run_experiment.py --dataset chest_xray --model bridgetower --spatial_type superpixel_slic --granularity 200 --dropout_iters 3 --dropout_ratio 0.1
2026-04-27 13:53:47  INFO        [DRY-RUN] phase2 | chest_xray | bridgetower | superpixel_slic g=200 dr_iters=3 dr_ratio=0.1
2026-04-27 13:53:47  INFO                  set_slot 0 /usr/bin/python /home/ge.polymtl.ca/pahoa/random_stuff/poly_ai_project_pnp-ovss/run_experiment.py --dataset chest_xray --model bridgetower --spatial_type superpixel_slic --granularity 200 --dropout_iters 3 --dropout_ratio 0.1
2026-04-27 13:53:47  DEBUG     CMD  set_slot 0 /usr/bin/python /home/ge.polymtl.ca/pahoa/random_stuff/poly_ai_project_pnp-ovss/run_experiment.py --dataset chest_xray --model bridgetower --spatial_type superpixel_slic --granularity 200 --dropout_iters 3 --dropout_ratio 0.3
2026-04-27 13:53:47  INFO        [DRY-RUN] phase2 | chest_xray | bridgetower | superpixel_slic g=200 dr_iters=3 dr_ratio=0.3
2026-04-27 13:53:47  INFO                  set_slot 0 /usr/bin/python /home/ge.polymtl.ca/pahoa/random_stuff/poly_ai_project_pnp-ovss/run_experiment.py --dataset chest_xray --model bridgetower --spatial_type superpixel_slic --granularity 200 --dropout_iters 3 --dropout_ratio 0.3
2026-04-27 13:53:47  DEBUG     CMD  set_slot 0 /usr/bin/python /home/ge.polymtl.ca/pahoa/random_stuff/poly_ai_project_pnp-ovss/run_experiment.py --dataset chest_xray --model bridgetower --spatial_type superpixel_slic --granularity 200 --dropout_iters 3 --dropout_ratio 0.5
2026-04-27 13:53:47  INFO        [DRY-RUN] phase2 | chest_xray | bridgetower | superpixel_slic g=200 dr_iters=3 dr_ratio=0.5
2026-04-27 13:53:47  INFO                  set_slot 0 /usr/bin/python /home/ge.polymtl.ca/pahoa/random_stuff/poly_ai_project_pnp-ovss/run_experiment.py --dataset chest_xray --model bridgetower --spatial_type superpixel_slic --granularity 200 --dropout_iters 3 --dropout_ratio 0.5
2026-04-27 13:53:47  DEBUG     CMD  set_slot 0 /usr/bin/python /home/ge.polymtl.ca/pahoa/random_stuff/poly_ai_project_pnp-ovss/run_experiment.py --dataset chest_xray --model bridgetower --spatial_type superpixel_slic --granularity 200 --dropout_iters 5 --dropout_ratio 0.1
2026-04-27 13:53:47  INFO        [DRY-RUN] phase2 | chest_xray | bridgetower | superpixel_slic g=200 dr_iters=5 dr_ratio=0.1
2026-04-27 13:53:47  INFO                  set_slot 0 /usr/bin/python /home/ge.polymtl.ca/pahoa/random_stuff/poly_ai_project_pnp-ovss/run_experiment.py --dataset chest_xray --model bridgetower --spatial_type superpixel_slic --granularity 200 --dropout_iters 5 --dropout_ratio 0.1
2026-04-27 13:53:47  DEBUG     CMD  set_slot 0 /usr/bin/python /home/ge.polymtl.ca/pahoa/random_stuff/poly_ai_project_pnp-ovss/run_experiment.py --dataset chest_xray --model bridgetower --spatial_type superpixel_slic --granularity 200 --dropout_iters 5 --dropout_ratio 0.3
2026-04-27 13:53:47  INFO        [DRY-RUN] phase2 | chest_xray | bridgetower | superpixel_slic g=200 dr_iters=5 dr_ratio=0.3
2026-04-27 13:53:47  INFO                  set_slot 0 /usr/bin/python /home/ge.polymtl.ca/pahoa/random_stuff/poly_ai_project_pnp-ovss/run_experiment.py --dataset chest_xray --model bridgetower --spatial_type superpixel_slic --granularity 200 --dropout_iters 5 --dropout_ratio 0.3
2026-04-27 13:53:47  DEBUG     CMD  set_slot 0 /usr/bin/python /home/ge.polymtl.ca/pahoa/random_stuff/poly_ai_project_pnp-ovss/run_experiment.py --dataset chest_xray --model bridgetower --spatial_type superpixel_slic --granularity 200 --dropout_iters 5 --dropout_ratio 0.5
2026-04-27 13:53:47  INFO        [DRY-RUN] phase2 | chest_xray | bridgetower | superpixel_slic g=200 dr_iters=5 dr_ratio=0.5
2026-04-27 13:53:47  INFO                  set_slot 0 /usr/bin/python /home/ge.polymtl.ca/pahoa/random_stuff/poly_ai_project_pnp-ovss/run_experiment.py --dataset chest_xray --model bridgetower --spatial_type superpixel_slic --granularity 200 --dropout_iters 5 --dropout_ratio 0.5
2026-04-27 13:53:47  DEBUG     CMD  set_slot 0 /usr/bin/python /home/ge.polymtl.ca/pahoa/random_stuff/poly_ai_project_pnp-ovss/run_experiment.py --dataset chest_xray --model bridgetower --spatial_type superpixel_slic --granularity 200 --dropout_iters 7 --dropout_ratio 0.1
2026-04-27 13:53:47  INFO        [DRY-RUN] phase2 | chest_xray | bridgetower | superpixel_slic g=200 dr_iters=7 dr_ratio=0.1
2026-04-27 13:53:47  INFO                  set_slot 0 /usr/bin/python /home/ge.polymtl.ca/pahoa/random_stuff/poly_ai_project_pnp-ovss/run_experiment.py --dataset chest_xray --model bridgetower --spatial_type superpixel_slic --granularity 200 --dropout_iters 7 --dropout_ratio 0.1
2026-04-27 13:53:47  DEBUG     CMD  set_slot 0 /usr/bin/python /home/ge.polymtl.ca/pahoa/random_stuff/poly_ai_project_pnp-ovss/run_experiment.py --dataset chest_xray --model bridgetower --spatial_type superpixel_slic --granularity 200 --dropout_iters 7 --dropout_ratio 0.3
2026-04-27 13:53:47  INFO        [DRY-RUN] phase2 | chest_xray | bridgetower | superpixel_slic g=200 dr_iters=7 dr_ratio=0.3
2026-04-27 13:53:47  INFO                  set_slot 0 /usr/bin/python /home/ge.polymtl.ca/pahoa/random_stuff/poly_ai_project_pnp-ovss/run_experiment.py --dataset chest_xray --model bridgetower --spatial_type superpixel_slic --granularity 200 --dropout_iters 7 --dropout_ratio 0.3
2026-04-27 13:53:47  DEBUG     CMD  set_slot 0 /usr/bin/python /home/ge.polymtl.ca/pahoa/random_stuff/poly_ai_project_pnp-ovss/run_experiment.py --dataset chest_xray --model bridgetower --spatial_type superpixel_slic --granularity 200 --dropout_iters 7 --dropout_ratio 0.5
2026-04-27 13:53:47  INFO        [DRY-RUN] phase2 | chest_xray | bridgetower | superpixel_slic g=200 dr_iters=7 dr_ratio=0.5
2026-04-27 13:53:47  INFO                  set_slot 0 /usr/bin/python /home/ge.polymtl.ca/pahoa/random_stuff/poly_ai_project_pnp-ovss/run_experiment.py --dataset chest_xray --model bridgetower --spatial_type superpixel_slic --granularity 200 --dropout_iters 7 --dropout_ratio 0.5
2026-04-27 13:53:47  DEBUG     CMD  set_slot 0 /usr/bin/python /home/ge.polymtl.ca/pahoa/random_stuff/poly_ai_project_pnp-ovss/run_experiment.py --dataset chest_xray --model bridgetower --spatial_type superpixel_slic --granularity 300 --dropout_iters 3 --dropout_ratio 0.1
2026-04-27 13:53:47  INFO        [DRY-RUN] phase2 | chest_xray | bridgetower | superpixel_slic g=300 dr_iters=3 dr_ratio=0.1
2026-04-27 13:53:47  INFO                  set_slot 0 /usr/bin/python /home/ge.polymtl.ca/pahoa/random_stuff/poly_ai_project_pnp-ovss/run_experiment.py --dataset chest_xray --model bridgetower --spatial_type superpixel_slic --granularity 300 --dropout_iters 3 --dropout_ratio 0.1
2026-04-27 13:53:47  DEBUG     CMD  set_slot 0 /usr/bin/python /home/ge.polymtl.ca/pahoa/random_stuff/poly_ai_project_pnp-ovss/run_experiment.py --dataset chest_xray --model bridgetower --spatial_type superpixel_slic --granularity 300 --dropout_iters 3 --dropout_ratio 0.3
2026-04-27 13:53:47  INFO        [DRY-RUN] phase2 | chest_xray | bridgetower | superpixel_slic g=300 dr_iters=3 dr_ratio=0.3
2026-04-27 13:53:47  INFO                  set_slot 0 /usr/bin/python /home/ge.polymtl.ca/pahoa/random_stuff/poly_ai_project_pnp-ovss/run_experiment.py --dataset chest_xray --model bridgetower --spatial_type superpixel_slic --granularity 300 --dropout_iters 3 --dropout_ratio 0.3
2026-04-27 13:53:47  DEBUG     CMD  set_slot 0 /usr/bin/python /home/ge.polymtl.ca/pahoa/random_stuff/poly_ai_project_pnp-ovss/run_experiment.py --dataset chest_xray --model bridgetower --spatial_type superpixel_slic --granularity 300 --dropout_iters 3 --dropout_ratio 0.5
2026-04-27 13:53:47  INFO        [DRY-RUN] phase2 | chest_xray | bridgetower | superpixel_slic g=300 dr_iters=3 dr_ratio=0.5
2026-04-27 13:53:47  INFO                  set_slot 0 /usr/bin/python /home/ge.polymtl.ca/pahoa/random_stuff/poly_ai_project_pnp-ovss/run_experiment.py --dataset chest_xray --model bridgetower --spatial_type superpixel_slic --granularity 300 --dropout_iters 3 --dropout_ratio 0.5
2026-04-27 13:53:47  DEBUG     CMD  set_slot 0 /usr/bin/python /home/ge.polymtl.ca/pahoa/random_stuff/poly_ai_project_pnp-ovss/run_experiment.py --dataset chest_xray --model bridgetower --spatial_type superpixel_slic --granularity 300 --dropout_iters 5 --dropout_ratio 0.1
2026-04-27 13:53:47  INFO        [DRY-RUN] phase2 | chest_xray | bridgetower | superpixel_slic g=300 dr_iters=5 dr_ratio=0.1
2026-04-27 13:53:47  INFO                  set_slot 0 /usr/bin/python /home/ge.polymtl.ca/pahoa/random_stuff/poly_ai_project_pnp-ovss/run_experiment.py --dataset chest_xray --model bridgetower --spatial_type superpixel_slic --granularity 300 --dropout_iters 5 --dropout_ratio 0.1
2026-04-27 13:53:47  DEBUG     CMD  set_slot 0 /usr/bin/python /home/ge.polymtl.ca/pahoa/random_stuff/poly_ai_project_pnp-ovss/run_experiment.py --dataset chest_xray --model bridgetower --spatial_type superpixel_slic --granularity 300 --dropout_iters 5 --dropout_ratio 0.3
2026-04-27 13:53:47  INFO        [DRY-RUN] phase2 | chest_xray | bridgetower | superpixel_slic g=300 dr_iters=5 dr_ratio=0.3
2026-04-27 13:53:47  INFO                  set_slot 0 /usr/bin/python /home/ge.polymtl.ca/pahoa/random_stuff/poly_ai_project_pnp-ovss/run_experiment.py --dataset chest_xray --model bridgetower --spatial_type superpixel_slic --granularity 300 --dropout_iters 5 --dropout_ratio 0.3
2026-04-27 13:53:47  DEBUG     CMD  set_slot 0 /usr/bin/python /home/ge.polymtl.ca/pahoa/random_stuff/poly_ai_project_pnp-ovss/run_experiment.py --dataset chest_xray --model bridgetower --spatial_type superpixel_slic --granularity 300 --dropout_iters 5 --dropout_ratio 0.5
2026-04-27 13:53:47  INFO        [DRY-RUN] phase2 | chest_xray | bridgetower | superpixel_slic g=300 dr_iters=5 dr_ratio=0.5
2026-04-27 13:53:47  INFO                  set_slot 0 /usr/bin/python /home/ge.polymtl.ca/pahoa/random_stuff/poly_ai_project_pnp-ovss/run_experiment.py --dataset chest_xray --model bridgetower --spatial_type superpixel_slic --granularity 300 --dropout_iters 5 --dropout_ratio 0.5
2026-04-27 13:53:47  DEBUG     CMD  set_slot 0 /usr/bin/python /home/ge.polymtl.ca/pahoa/random_stuff/poly_ai_project_pnp-ovss/run_experiment.py --dataset chest_xray --model bridgetower --spatial_type superpixel_slic --granularity 300 --dropout_iters 7 --dropout_ratio 0.1
2026-04-27 13:53:47  INFO        [DRY-RUN] phase2 | chest_xray | bridgetower | superpixel_slic g=300 dr_iters=7 dr_ratio=0.1
2026-04-27 13:53:47  INFO                  set_slot 0 /usr/bin/python /home/ge.polymtl.ca/pahoa/random_stuff/poly_ai_project_pnp-ovss/run_experiment.py --dataset chest_xray --model bridgetower --spatial_type superpixel_slic --granularity 300 --dropout_iters 7 --dropout_ratio 0.1
2026-04-27 13:53:47  DEBUG     CMD  set_slot 0 /usr/bin/python /home/ge.polymtl.ca/pahoa/random_stuff/poly_ai_project_pnp-ovss/run_experiment.py --dataset chest_xray --model bridgetower --spatial_type superpixel_slic --granularity 300 --dropout_iters 7 --dropout_ratio 0.3
2026-04-27 13:53:47  INFO        [DRY-RUN] phase2 | chest_xray | bridgetower | superpixel_slic g=300 dr_iters=7 dr_ratio=0.3
2026-04-27 13:53:47  INFO                  set_slot 0 /usr/bin/python /home/ge.polymtl.ca/pahoa/random_stuff/poly_ai_project_pnp-ovss/run_experiment.py --dataset chest_xray --model bridgetower --spatial_type superpixel_slic --granularity 300 --dropout_iters 7 --dropout_ratio 0.3
2026-04-27 13:53:47  DEBUG     CMD  set_slot 0 /usr/bin/python /home/ge.polymtl.ca/pahoa/random_stuff/poly_ai_project_pnp-ovss/run_experiment.py --dataset chest_xray --model bridgetower --spatial_type superpixel_slic --granularity 300 --dropout_iters 7 --dropout_ratio 0.5
2026-04-27 13:53:47  INFO        [DRY-RUN] phase2 | chest_xray | bridgetower | superpixel_slic g=300 dr_iters=7 dr_ratio=0.5
2026-04-27 13:53:47  INFO                  set_slot 0 /usr/bin/python /home/ge.polymtl.ca/pahoa/random_stuff/poly_ai_project_pnp-ovss/run_experiment.py --dataset chest_xray --model bridgetower --spatial_type superpixel_slic --granularity 300 --dropout_iters 7 --dropout_ratio 0.5
2026-04-27 13:53:47  INFO        Phase 2 done  ok=45  fail=0
2026-04-27 13:53:47  INFO        ── Phase 3 ──
2026-04-27 13:53:47  DEBUG     CMD  set_slot 0 /usr/bin/python /home/ge.polymtl.ca/pahoa/random_stuff/poly_ai_project_pnp-ovss/run_experiment.py --dataset chest_xray --model bridgetower --tuning_metric zero_shot_heuristic
2026-04-27 13:53:47  INFO        [DRY-RUN] phase3 | chest_xray | bridgetower | metric=zero_shot_heuristic
2026-04-27 13:53:47  INFO                  set_slot 0 /usr/bin/python /home/ge.polymtl.ca/pahoa/random_stuff/poly_ai_project_pnp-ovss/run_experiment.py --dataset chest_xray --model bridgetower --tuning_metric zero_shot_heuristic
2026-04-27 13:53:47  DEBUG     CMD  set_slot 0 /usr/bin/python /home/ge.polymtl.ca/pahoa/random_stuff/poly_ai_project_pnp-ovss/run_experiment.py --dataset chest_xray --model bridgetower --tuning_metric supervised_mdice
2026-04-27 13:53:47  INFO        [DRY-RUN] phase3 | chest_xray | bridgetower | metric=supervised_mdice
2026-04-27 13:53:47  INFO                  set_slot 0 /usr/bin/python /home/ge.polymtl.ca/pahoa/random_stuff/poly_ai_project_pnp-ovss/run_experiment.py --dataset chest_xray --model bridgetower --tuning_metric supervised_mdice
2026-04-27 13:53:47  INFO        Phase 3 done  ok=2  fail=0
2026-04-27 13:53:47  INFO        ── Phase 4 ──
2026-04-27 13:53:47  DEBUG     CMD  set_slot 0 /usr/bin/python /home/ge.polymtl.ca/pahoa/random_stuff/poly_ai_project_pnp-ovss/run_experiment.py --run_final_eval True --dataset chest_xray --model bridgetower
2026-04-27 13:53:47  INFO        [DRY-RUN] phase4 | chest_xray | bridgetower
2026-04-27 13:53:47  INFO                  set_slot 0 /usr/bin/python /home/ge.polymtl.ca/pahoa/random_stuff/poly_ai_project_pnp-ovss/run_experiment.py --run_final_eval True --dataset chest_xray --model bridgetower
2026-04-27 13:53:47  INFO        Phase 4 done  ok=1  fail=0
2026-04-27 13:53:47  INFO      ━━━━━━━━━━━━━━━━━━━━━━━━━━━━━━━━━━━━━━━━━━━━━━━━━━━━━━━━━━━━━━━━━━━━━━━━
2026-04-27 13:53:47  INFO        PAIR  dataset=chest_xray       model=albef
2026-04-27 13:53:47  INFO      ━━━━━━━━━━━━━━━━━━━━━━━━━━━━━━━━━━━━━━━━━━━━━━━━━━━━━━━━━━━━━━━━━━━━━━━━
2026-04-27 13:53:47  INFO        ── Phase 1 ──
2026-04-27 13:53:47  DEBUG     CMD  set_slot 0 /usr/bin/python /home/ge.polymtl.ca/pahoa/random_stuff/poly_ai_project_pnp-ovss/run_experiment.py --dataset chest_xray --model albef --spatial_type grid --tuning_metric zero_shot_heuristic
2026-04-27 13:53:47  INFO        [DRY-RUN] phase1 | chest_xray | albef
2026-04-27 13:53:47  INFO                  set_slot 0 /usr/bin/python /home/ge.polymtl.ca/pahoa/random_stuff/poly_ai_project_pnp-ovss/run_experiment.py --dataset chest_xray --model albef --spatial_type grid --tuning_metric zero_shot_heuristic
2026-04-27 13:53:47  INFO        Phase 1 done  ok=1  fail=0
2026-04-27 13:53:47  INFO        ── Phase 2 ──
2026-04-27 13:53:47  DEBUG     CMD  set_slot 0 /usr/bin/python /home/ge.polymtl.ca/pahoa/random_stuff/poly_ai_project_pnp-ovss/run_experiment.py --dataset chest_xray --model albef --spatial_type grid --granularity 16 --dropout_iters 3 --dropout_ratio 0.1
2026-04-27 13:53:47  INFO        [DRY-RUN] phase2 | chest_xray | albef | grid g=16 dr_iters=3 dr_ratio=0.1
2026-04-27 13:53:47  INFO                  set_slot 0 /usr/bin/python /home/ge.polymtl.ca/pahoa/random_stuff/poly_ai_project_pnp-ovss/run_experiment.py --dataset chest_xray --model albef --spatial_type grid --granularity 16 --dropout_iters 3 --dropout_ratio 0.1
2026-04-27 13:53:47  DEBUG     CMD  set_slot 0 /usr/bin/python /home/ge.polymtl.ca/pahoa/random_stuff/poly_ai_project_pnp-ovss/run_experiment.py --dataset chest_xray --model albef --spatial_type grid --granularity 16 --dropout_iters 3 --dropout_ratio 0.3
2026-04-27 13:53:47  INFO        [DRY-RUN] phase2 | chest_xray | albef | grid g=16 dr_iters=3 dr_ratio=0.3
2026-04-27 13:53:47  INFO                  set_slot 0 /usr/bin/python /home/ge.polymtl.ca/pahoa/random_stuff/poly_ai_project_pnp-ovss/run_experiment.py --dataset chest_xray --model albef --spatial_type grid --granularity 16 --dropout_iters 3 --dropout_ratio 0.3
2026-04-27 13:53:47  DEBUG     CMD  set_slot 0 /usr/bin/python /home/ge.polymtl.ca/pahoa/random_stuff/poly_ai_project_pnp-ovss/run_experiment.py --dataset chest_xray --model albef --spatial_type grid --granularity 16 --dropout_iters 3 --dropout_ratio 0.5
2026-04-27 13:53:47  INFO        [DRY-RUN] phase2 | chest_xray | albef | grid g=16 dr_iters=3 dr_ratio=0.5
2026-04-27 13:53:47  INFO                  set_slot 0 /usr/bin/python /home/ge.polymtl.ca/pahoa/random_stuff/poly_ai_project_pnp-ovss/run_experiment.py --dataset chest_xray --model albef --spatial_type grid --granularity 16 --dropout_iters 3 --dropout_ratio 0.5
2026-04-27 13:53:47  DEBUG     CMD  set_slot 0 /usr/bin/python /home/ge.polymtl.ca/pahoa/random_stuff/poly_ai_project_pnp-ovss/run_experiment.py --dataset chest_xray --model albef --spatial_type grid --granularity 16 --dropout_iters 5 --dropout_ratio 0.1
2026-04-27 13:53:47  INFO        [DRY-RUN] phase2 | chest_xray | albef | grid g=16 dr_iters=5 dr_ratio=0.1
2026-04-27 13:53:47  INFO                  set_slot 0 /usr/bin/python /home/ge.polymtl.ca/pahoa/random_stuff/poly_ai_project_pnp-ovss/run_experiment.py --dataset chest_xray --model albef --spatial_type grid --granularity 16 --dropout_iters 5 --dropout_ratio 0.1
2026-04-27 13:53:47  DEBUG     CMD  set_slot 0 /usr/bin/python /home/ge.polymtl.ca/pahoa/random_stuff/poly_ai_project_pnp-ovss/run_experiment.py --dataset chest_xray --model albef --spatial_type grid --granularity 16 --dropout_iters 5 --dropout_ratio 0.3
2026-04-27 13:53:47  INFO        [DRY-RUN] phase2 | chest_xray | albef | grid g=16 dr_iters=5 dr_ratio=0.3
2026-04-27 13:53:47  INFO                  set_slot 0 /usr/bin/python /home/ge.polymtl.ca/pahoa/random_stuff/poly_ai_project_pnp-ovss/run_experiment.py --dataset chest_xray --model albef --spatial_type grid --granularity 16 --dropout_iters 5 --dropout_ratio 0.3
2026-04-27 13:53:47  DEBUG     CMD  set_slot 0 /usr/bin/python /home/ge.polymtl.ca/pahoa/random_stuff/poly_ai_project_pnp-ovss/run_experiment.py --dataset chest_xray --model albef --spatial_type grid --granularity 16 --dropout_iters 5 --dropout_ratio 0.5
2026-04-27 13:53:47  INFO        [DRY-RUN] phase2 | chest_xray | albef | grid g=16 dr_iters=5 dr_ratio=0.5
2026-04-27 13:53:47  INFO                  set_slot 0 /usr/bin/python /home/ge.polymtl.ca/pahoa/random_stuff/poly_ai_project_pnp-ovss/run_experiment.py --dataset chest_xray --model albef --spatial_type grid --granularity 16 --dropout_iters 5 --dropout_ratio 0.5
2026-04-27 13:53:47  DEBUG     CMD  set_slot 0 /usr/bin/python /home/ge.polymtl.ca/pahoa/random_stuff/poly_ai_project_pnp-ovss/run_experiment.py --dataset chest_xray --model albef --spatial_type grid --granularity 16 --dropout_iters 7 --dropout_ratio 0.1
2026-04-27 13:53:47  INFO        [DRY-RUN] phase2 | chest_xray | albef | grid g=16 dr_iters=7 dr_ratio=0.1
2026-04-27 13:53:47  INFO                  set_slot 0 /usr/bin/python /home/ge.polymtl.ca/pahoa/random_stuff/poly_ai_project_pnp-ovss/run_experiment.py --dataset chest_xray --model albef --spatial_type grid --granularity 16 --dropout_iters 7 --dropout_ratio 0.1
2026-04-27 13:53:47  DEBUG     CMD  set_slot 0 /usr/bin/python /home/ge.polymtl.ca/pahoa/random_stuff/poly_ai_project_pnp-ovss/run_experiment.py --dataset chest_xray --model albef --spatial_type grid --granularity 16 --dropout_iters 7 --dropout_ratio 0.3
2026-04-27 13:53:47  INFO        [DRY-RUN] phase2 | chest_xray | albef | grid g=16 dr_iters=7 dr_ratio=0.3
2026-04-27 13:53:47  INFO                  set_slot 0 /usr/bin/python /home/ge.polymtl.ca/pahoa/random_stuff/poly_ai_project_pnp-ovss/run_experiment.py --dataset chest_xray --model albef --spatial_type grid --granularity 16 --dropout_iters 7 --dropout_ratio 0.3
2026-04-27 13:53:47  DEBUG     CMD  set_slot 0 /usr/bin/python /home/ge.polymtl.ca/pahoa/random_stuff/poly_ai_project_pnp-ovss/run_experiment.py --dataset chest_xray --model albef --spatial_type grid --granularity 16 --dropout_iters 7 --dropout_ratio 0.5
2026-04-27 13:53:47  INFO        [DRY-RUN] phase2 | chest_xray | albef | grid g=16 dr_iters=7 dr_ratio=0.5
2026-04-27 13:53:47  INFO                  set_slot 0 /usr/bin/python /home/ge.polymtl.ca/pahoa/random_stuff/poly_ai_project_pnp-ovss/run_experiment.py --dataset chest_xray --model albef --spatial_type grid --granularity 16 --dropout_iters 7 --dropout_ratio 0.5
2026-04-27 13:53:47  DEBUG     CMD  set_slot 0 /usr/bin/python /home/ge.polymtl.ca/pahoa/random_stuff/poly_ai_project_pnp-ovss/run_experiment.py --dataset chest_xray --model albef --spatial_type grid --granularity 32 --dropout_iters 3 --dropout_ratio 0.1
2026-04-27 13:53:47  INFO        [DRY-RUN] phase2 | chest_xray | albef | grid g=32 dr_iters=3 dr_ratio=0.1
2026-04-27 13:53:47  INFO                  set_slot 0 /usr/bin/python /home/ge.polymtl.ca/pahoa/random_stuff/poly_ai_project_pnp-ovss/run_experiment.py --dataset chest_xray --model albef --spatial_type grid --granularity 32 --dropout_iters 3 --dropout_ratio 0.1
2026-04-27 13:53:47  DEBUG     CMD  set_slot 0 /usr/bin/python /home/ge.polymtl.ca/pahoa/random_stuff/poly_ai_project_pnp-ovss/run_experiment.py --dataset chest_xray --model albef --spatial_type grid --granularity 32 --dropout_iters 3 --dropout_ratio 0.3
2026-04-27 13:53:47  INFO        [DRY-RUN] phase2 | chest_xray | albef | grid g=32 dr_iters=3 dr_ratio=0.3
2026-04-27 13:53:47  INFO                  set_slot 0 /usr/bin/python /home/ge.polymtl.ca/pahoa/random_stuff/poly_ai_project_pnp-ovss/run_experiment.py --dataset chest_xray --model albef --spatial_type grid --granularity 32 --dropout_iters 3 --dropout_ratio 0.3
2026-04-27 13:53:47  DEBUG     CMD  set_slot 0 /usr/bin/python /home/ge.polymtl.ca/pahoa/random_stuff/poly_ai_project_pnp-ovss/run_experiment.py --dataset chest_xray --model albef --spatial_type grid --granularity 32 --dropout_iters 3 --dropout_ratio 0.5
2026-04-27 13:53:47  INFO        [DRY-RUN] phase2 | chest_xray | albef | grid g=32 dr_iters=3 dr_ratio=0.5
2026-04-27 13:53:47  INFO                  set_slot 0 /usr/bin/python /home/ge.polymtl.ca/pahoa/random_stuff/poly_ai_project_pnp-ovss/run_experiment.py --dataset chest_xray --model albef --spatial_type grid --granularity 32 --dropout_iters 3 --dropout_ratio 0.5
2026-04-27 13:53:47  DEBUG     CMD  set_slot 0 /usr/bin/python /home/ge.polymtl.ca/pahoa/random_stuff/poly_ai_project_pnp-ovss/run_experiment.py --dataset chest_xray --model albef --spatial_type grid --granularity 32 --dropout_iters 5 --dropout_ratio 0.1
2026-04-27 13:53:47  INFO        [DRY-RUN] phase2 | chest_xray | albef | grid g=32 dr_iters=5 dr_ratio=0.1
2026-04-27 13:53:47  INFO                  set_slot 0 /usr/bin/python /home/ge.polymtl.ca/pahoa/random_stuff/poly_ai_project_pnp-ovss/run_experiment.py --dataset chest_xray --model albef --spatial_type grid --granularity 32 --dropout_iters 5 --dropout_ratio 0.1
2026-04-27 13:53:47  DEBUG     CMD  set_slot 0 /usr/bin/python /home/ge.polymtl.ca/pahoa/random_stuff/poly_ai_project_pnp-ovss/run_experiment.py --dataset chest_xray --model albef --spatial_type grid --granularity 32 --dropout_iters 5 --dropout_ratio 0.3
2026-04-27 13:53:47  INFO        [DRY-RUN] phase2 | chest_xray | albef | grid g=32 dr_iters=5 dr_ratio=0.3
2026-04-27 13:53:47  INFO                  set_slot 0 /usr/bin/python /home/ge.polymtl.ca/pahoa/random_stuff/poly_ai_project_pnp-ovss/run_experiment.py --dataset chest_xray --model albef --spatial_type grid --granularity 32 --dropout_iters 5 --dropout_ratio 0.3
2026-04-27 13:53:47  DEBUG     CMD  set_slot 0 /usr/bin/python /home/ge.polymtl.ca/pahoa/random_stuff/poly_ai_project_pnp-ovss/run_experiment.py --dataset chest_xray --model albef --spatial_type grid --granularity 32 --dropout_iters 5 --dropout_ratio 0.5
2026-04-27 13:53:47  INFO        [DRY-RUN] phase2 | chest_xray | albef | grid g=32 dr_iters=5 dr_ratio=0.5
2026-04-27 13:53:47  INFO                  set_slot 0 /usr/bin/python /home/ge.polymtl.ca/pahoa/random_stuff/poly_ai_project_pnp-ovss/run_experiment.py --dataset chest_xray --model albef --spatial_type grid --granularity 32 --dropout_iters 5 --dropout_ratio 0.5
2026-04-27 13:53:47  DEBUG     CMD  set_slot 0 /usr/bin/python /home/ge.polymtl.ca/pahoa/random_stuff/poly_ai_project_pnp-ovss/run_experiment.py --dataset chest_xray --model albef --spatial_type grid --granularity 32 --dropout_iters 7 --dropout_ratio 0.1
2026-04-27 13:53:47  INFO        [DRY-RUN] phase2 | chest_xray | albef | grid g=32 dr_iters=7 dr_ratio=0.1
2026-04-27 13:53:47  INFO                  set_slot 0 /usr/bin/python /home/ge.polymtl.ca/pahoa/random_stuff/poly_ai_project_pnp-ovss/run_experiment.py --dataset chest_xray --model albef --spatial_type grid --granularity 32 --dropout_iters 7 --dropout_ratio 0.1
2026-04-27 13:53:47  DEBUG     CMD  set_slot 0 /usr/bin/python /home/ge.polymtl.ca/pahoa/random_stuff/poly_ai_project_pnp-ovss/run_experiment.py --dataset chest_xray --model albef --spatial_type grid --granularity 32 --dropout_iters 7 --dropout_ratio 0.3
2026-04-27 13:53:47  INFO        [DRY-RUN] phase2 | chest_xray | albef | grid g=32 dr_iters=7 dr_ratio=0.3
2026-04-27 13:53:47  INFO                  set_slot 0 /usr/bin/python /home/ge.polymtl.ca/pahoa/random_stuff/poly_ai_project_pnp-ovss/run_experiment.py --dataset chest_xray --model albef --spatial_type grid --granularity 32 --dropout_iters 7 --dropout_ratio 0.3
2026-04-27 13:53:47  DEBUG     CMD  set_slot 0 /usr/bin/python /home/ge.polymtl.ca/pahoa/random_stuff/poly_ai_project_pnp-ovss/run_experiment.py --dataset chest_xray --model albef --spatial_type grid --granularity 32 --dropout_iters 7 --dropout_ratio 0.5
2026-04-27 13:53:47  INFO        [DRY-RUN] phase2 | chest_xray | albef | grid g=32 dr_iters=7 dr_ratio=0.5
2026-04-27 13:53:47  INFO                  set_slot 0 /usr/bin/python /home/ge.polymtl.ca/pahoa/random_stuff/poly_ai_project_pnp-ovss/run_experiment.py --dataset chest_xray --model albef --spatial_type grid --granularity 32 --dropout_iters 7 --dropout_ratio 0.5
2026-04-27 13:53:47  DEBUG     CMD  set_slot 0 /usr/bin/python /home/ge.polymtl.ca/pahoa/random_stuff/poly_ai_project_pnp-ovss/run_experiment.py --dataset chest_xray --model albef --spatial_type superpixel_slic --granularity 100 --dropout_iters 3 --dropout_ratio 0.1
2026-04-27 13:53:47  INFO        [DRY-RUN] phase2 | chest_xray | albef | superpixel_slic g=100 dr_iters=3 dr_ratio=0.1
2026-04-27 13:53:47  INFO                  set_slot 0 /usr/bin/python /home/ge.polymtl.ca/pahoa/random_stuff/poly_ai_project_pnp-ovss/run_experiment.py --dataset chest_xray --model albef --spatial_type superpixel_slic --granularity 100 --dropout_iters 3 --dropout_ratio 0.1
2026-04-27 13:53:47  DEBUG     CMD  set_slot 0 /usr/bin/python /home/ge.polymtl.ca/pahoa/random_stuff/poly_ai_project_pnp-ovss/run_experiment.py --dataset chest_xray --model albef --spatial_type superpixel_slic --granularity 100 --dropout_iters 3 --dropout_ratio 0.3
2026-04-27 13:53:47  INFO        [DRY-RUN] phase2 | chest_xray | albef | superpixel_slic g=100 dr_iters=3 dr_ratio=0.3
2026-04-27 13:53:47  INFO                  set_slot 0 /usr/bin/python /home/ge.polymtl.ca/pahoa/random_stuff/poly_ai_project_pnp-ovss/run_experiment.py --dataset chest_xray --model albef --spatial_type superpixel_slic --granularity 100 --dropout_iters 3 --dropout_ratio 0.3
2026-04-27 13:53:47  DEBUG     CMD  set_slot 0 /usr/bin/python /home/ge.polymtl.ca/pahoa/random_stuff/poly_ai_project_pnp-ovss/run_experiment.py --dataset chest_xray --model albef --spatial_type superpixel_slic --granularity 100 --dropout_iters 3 --dropout_ratio 0.5
2026-04-27 13:53:47  INFO        [DRY-RUN] phase2 | chest_xray | albef | superpixel_slic g=100 dr_iters=3 dr_ratio=0.5
2026-04-27 13:53:47  INFO                  set_slot 0 /usr/bin/python /home/ge.polymtl.ca/pahoa/random_stuff/poly_ai_project_pnp-ovss/run_experiment.py --dataset chest_xray --model albef --spatial_type superpixel_slic --granularity 100 --dropout_iters 3 --dropout_ratio 0.5
2026-04-27 13:53:47  DEBUG     CMD  set_slot 0 /usr/bin/python /home/ge.polymtl.ca/pahoa/random_stuff/poly_ai_project_pnp-ovss/run_experiment.py --dataset chest_xray --model albef --spatial_type superpixel_slic --granularity 100 --dropout_iters 5 --dropout_ratio 0.1
2026-04-27 13:53:47  INFO        [DRY-RUN] phase2 | chest_xray | albef | superpixel_slic g=100 dr_iters=5 dr_ratio=0.1
2026-04-27 13:53:47  INFO                  set_slot 0 /usr/bin/python /home/ge.polymtl.ca/pahoa/random_stuff/poly_ai_project_pnp-ovss/run_experiment.py --dataset chest_xray --model albef --spatial_type superpixel_slic --granularity 100 --dropout_iters 5 --dropout_ratio 0.1
2026-04-27 13:53:47  DEBUG     CMD  set_slot 0 /usr/bin/python /home/ge.polymtl.ca/pahoa/random_stuff/poly_ai_project_pnp-ovss/run_experiment.py --dataset chest_xray --model albef --spatial_type superpixel_slic --granularity 100 --dropout_iters 5 --dropout_ratio 0.3
2026-04-27 13:53:47  INFO        [DRY-RUN] phase2 | chest_xray | albef | superpixel_slic g=100 dr_iters=5 dr_ratio=0.3
2026-04-27 13:53:47  INFO                  set_slot 0 /usr/bin/python /home/ge.polymtl.ca/pahoa/random_stuff/poly_ai_project_pnp-ovss/run_experiment.py --dataset chest_xray --model albef --spatial_type superpixel_slic --granularity 100 --dropout_iters 5 --dropout_ratio 0.3
2026-04-27 13:53:47  DEBUG     CMD  set_slot 0 /usr/bin/python /home/ge.polymtl.ca/pahoa/random_stuff/poly_ai_project_pnp-ovss/run_experiment.py --dataset chest_xray --model albef --spatial_type superpixel_slic --granularity 100 --dropout_iters 5 --dropout_ratio 0.5
2026-04-27 13:53:47  INFO        [DRY-RUN] phase2 | chest_xray | albef | superpixel_slic g=100 dr_iters=5 dr_ratio=0.5
2026-04-27 13:53:47  INFO                  set_slot 0 /usr/bin/python /home/ge.polymtl.ca/pahoa/random_stuff/poly_ai_project_pnp-ovss/run_experiment.py --dataset chest_xray --model albef --spatial_type superpixel_slic --granularity 100 --dropout_iters 5 --dropout_ratio 0.5
2026-04-27 13:53:47  DEBUG     CMD  set_slot 0 /usr/bin/python /home/ge.polymtl.ca/pahoa/random_stuff/poly_ai_project_pnp-ovss/run_experiment.py --dataset chest_xray --model albef --spatial_type superpixel_slic --granularity 100 --dropout_iters 7 --dropout_ratio 0.1
2026-04-27 13:53:47  INFO        [DRY-RUN] phase2 | chest_xray | albef | superpixel_slic g=100 dr_iters=7 dr_ratio=0.1
2026-04-27 13:53:47  INFO                  set_slot 0 /usr/bin/python /home/ge.polymtl.ca/pahoa/random_stuff/poly_ai_project_pnp-ovss/run_experiment.py --dataset chest_xray --model albef --spatial_type superpixel_slic --granularity 100 --dropout_iters 7 --dropout_ratio 0.1
2026-04-27 13:53:47  DEBUG     CMD  set_slot 0 /usr/bin/python /home/ge.polymtl.ca/pahoa/random_stuff/poly_ai_project_pnp-ovss/run_experiment.py --dataset chest_xray --model albef --spatial_type superpixel_slic --granularity 100 --dropout_iters 7 --dropout_ratio 0.3
2026-04-27 13:53:47  INFO        [DRY-RUN] phase2 | chest_xray | albef | superpixel_slic g=100 dr_iters=7 dr_ratio=0.3
2026-04-27 13:53:47  INFO                  set_slot 0 /usr/bin/python /home/ge.polymtl.ca/pahoa/random_stuff/poly_ai_project_pnp-ovss/run_experiment.py --dataset chest_xray --model albef --spatial_type superpixel_slic --granularity 100 --dropout_iters 7 --dropout_ratio 0.3
2026-04-27 13:53:47  DEBUG     CMD  set_slot 0 /usr/bin/python /home/ge.polymtl.ca/pahoa/random_stuff/poly_ai_project_pnp-ovss/run_experiment.py --dataset chest_xray --model albef --spatial_type superpixel_slic --granularity 100 --dropout_iters 7 --dropout_ratio 0.5
2026-04-27 13:53:47  INFO        [DRY-RUN] phase2 | chest_xray | albef | superpixel_slic g=100 dr_iters=7 dr_ratio=0.5
2026-04-27 13:53:47  INFO                  set_slot 0 /usr/bin/python /home/ge.polymtl.ca/pahoa/random_stuff/poly_ai_project_pnp-ovss/run_experiment.py --dataset chest_xray --model albef --spatial_type superpixel_slic --granularity 100 --dropout_iters 7 --dropout_ratio 0.5
2026-04-27 13:53:47  DEBUG     CMD  set_slot 0 /usr/bin/python /home/ge.polymtl.ca/pahoa/random_stuff/poly_ai_project_pnp-ovss/run_experiment.py --dataset chest_xray --model albef --spatial_type superpixel_slic --granularity 200 --dropout_iters 3 --dropout_ratio 0.1
2026-04-27 13:53:47  INFO        [DRY-RUN] phase2 | chest_xray | albef | superpixel_slic g=200 dr_iters=3 dr_ratio=0.1
2026-04-27 13:53:47  INFO                  set_slot 0 /usr/bin/python /home/ge.polymtl.ca/pahoa/random_stuff/poly_ai_project_pnp-ovss/run_experiment.py --dataset chest_xray --model albef --spatial_type superpixel_slic --granularity 200 --dropout_iters 3 --dropout_ratio 0.1
2026-04-27 13:53:47  DEBUG     CMD  set_slot 0 /usr/bin/python /home/ge.polymtl.ca/pahoa/random_stuff/poly_ai_project_pnp-ovss/run_experiment.py --dataset chest_xray --model albef --spatial_type superpixel_slic --granularity 200 --dropout_iters 3 --dropout_ratio 0.3
2026-04-27 13:53:47  INFO        [DRY-RUN] phase2 | chest_xray | albef | superpixel_slic g=200 dr_iters=3 dr_ratio=0.3
2026-04-27 13:53:47  INFO                  set_slot 0 /usr/bin/python /home/ge.polymtl.ca/pahoa/random_stuff/poly_ai_project_pnp-ovss/run_experiment.py --dataset chest_xray --model albef --spatial_type superpixel_slic --granularity 200 --dropout_iters 3 --dropout_ratio 0.3
2026-04-27 13:53:47  DEBUG     CMD  set_slot 0 /usr/bin/python /home/ge.polymtl.ca/pahoa/random_stuff/poly_ai_project_pnp-ovss/run_experiment.py --dataset chest_xray --model albef --spatial_type superpixel_slic --granularity 200 --dropout_iters 3 --dropout_ratio 0.5
2026-04-27 13:53:47  INFO        [DRY-RUN] phase2 | chest_xray | albef | superpixel_slic g=200 dr_iters=3 dr_ratio=0.5
2026-04-27 13:53:47  INFO                  set_slot 0 /usr/bin/python /home/ge.polymtl.ca/pahoa/random_stuff/poly_ai_project_pnp-ovss/run_experiment.py --dataset chest_xray --model albef --spatial_type superpixel_slic --granularity 200 --dropout_iters 3 --dropout_ratio 0.5
2026-04-27 13:53:47  DEBUG     CMD  set_slot 0 /usr/bin/python /home/ge.polymtl.ca/pahoa/random_stuff/poly_ai_project_pnp-ovss/run_experiment.py --dataset chest_xray --model albef --spatial_type superpixel_slic --granularity 200 --dropout_iters 5 --dropout_ratio 0.1
2026-04-27 13:53:47  INFO        [DRY-RUN] phase2 | chest_xray | albef | superpixel_slic g=200 dr_iters=5 dr_ratio=0.1
2026-04-27 13:53:47  INFO                  set_slot 0 /usr/bin/python /home/ge.polymtl.ca/pahoa/random_stuff/poly_ai_project_pnp-ovss/run_experiment.py --dataset chest_xray --model albef --spatial_type superpixel_slic --granularity 200 --dropout_iters 5 --dropout_ratio 0.1
2026-04-27 13:53:47  DEBUG     CMD  set_slot 0 /usr/bin/python /home/ge.polymtl.ca/pahoa/random_stuff/poly_ai_project_pnp-ovss/run_experiment.py --dataset chest_xray --model albef --spatial_type superpixel_slic --granularity 200 --dropout_iters 5 --dropout_ratio 0.3
2026-04-27 13:53:47  INFO        [DRY-RUN] phase2 | chest_xray | albef | superpixel_slic g=200 dr_iters=5 dr_ratio=0.3
2026-04-27 13:53:47  INFO                  set_slot 0 /usr/bin/python /home/ge.polymtl.ca/pahoa/random_stuff/poly_ai_project_pnp-ovss/run_experiment.py --dataset chest_xray --model albef --spatial_type superpixel_slic --granularity 200 --dropout_iters 5 --dropout_ratio 0.3
2026-04-27 13:53:47  DEBUG     CMD  set_slot 0 /usr/bin/python /home/ge.polymtl.ca/pahoa/random_stuff/poly_ai_project_pnp-ovss/run_experiment.py --dataset chest_xray --model albef --spatial_type superpixel_slic --granularity 200 --dropout_iters 5 --dropout_ratio 0.5
2026-04-27 13:53:47  INFO        [DRY-RUN] phase2 | chest_xray | albef | superpixel_slic g=200 dr_iters=5 dr_ratio=0.5
2026-04-27 13:53:47  INFO                  set_slot 0 /usr/bin/python /home/ge.polymtl.ca/pahoa/random_stuff/poly_ai_project_pnp-ovss/run_experiment.py --dataset chest_xray --model albef --spatial_type superpixel_slic --granularity 200 --dropout_iters 5 --dropout_ratio 0.5
2026-04-27 13:53:47  DEBUG     CMD  set_slot 0 /usr/bin/python /home/ge.polymtl.ca/pahoa/random_stuff/poly_ai_project_pnp-ovss/run_experiment.py --dataset chest_xray --model albef --spatial_type superpixel_slic --granularity 200 --dropout_iters 7 --dropout_ratio 0.1
2026-04-27 13:53:47  INFO        [DRY-RUN] phase2 | chest_xray | albef | superpixel_slic g=200 dr_iters=7 dr_ratio=0.1
2026-04-27 13:53:47  INFO                  set_slot 0 /usr/bin/python /home/ge.polymtl.ca/pahoa/random_stuff/poly_ai_project_pnp-ovss/run_experiment.py --dataset chest_xray --model albef --spatial_type superpixel_slic --granularity 200 --dropout_iters 7 --dropout_ratio 0.1
2026-04-27 13:53:47  DEBUG     CMD  set_slot 0 /usr/bin/python /home/ge.polymtl.ca/pahoa/random_stuff/poly_ai_project_pnp-ovss/run_experiment.py --dataset chest_xray --model albef --spatial_type superpixel_slic --granularity 200 --dropout_iters 7 --dropout_ratio 0.3
2026-04-27 13:53:47  INFO        [DRY-RUN] phase2 | chest_xray | albef | superpixel_slic g=200 dr_iters=7 dr_ratio=0.3
2026-04-27 13:53:47  INFO                  set_slot 0 /usr/bin/python /home/ge.polymtl.ca/pahoa/random_stuff/poly_ai_project_pnp-ovss/run_experiment.py --dataset chest_xray --model albef --spatial_type superpixel_slic --granularity 200 --dropout_iters 7 --dropout_ratio 0.3
2026-04-27 13:53:47  DEBUG     CMD  set_slot 0 /usr/bin/python /home/ge.polymtl.ca/pahoa/random_stuff/poly_ai_project_pnp-ovss/run_experiment.py --dataset chest_xray --model albef --spatial_type superpixel_slic --granularity 200 --dropout_iters 7 --dropout_ratio 0.5
2026-04-27 13:53:47  INFO        [DRY-RUN] phase2 | chest_xray | albef | superpixel_slic g=200 dr_iters=7 dr_ratio=0.5
2026-04-27 13:53:47  INFO                  set_slot 0 /usr/bin/python /home/ge.polymtl.ca/pahoa/random_stuff/poly_ai_project_pnp-ovss/run_experiment.py --dataset chest_xray --model albef --spatial_type superpixel_slic --granularity 200 --dropout_iters 7 --dropout_ratio 0.5
2026-04-27 13:53:47  DEBUG     CMD  set_slot 0 /usr/bin/python /home/ge.polymtl.ca/pahoa/random_stuff/poly_ai_project_pnp-ovss/run_experiment.py --dataset chest_xray --model albef --spatial_type superpixel_slic --granularity 300 --dropout_iters 3 --dropout_ratio 0.1
2026-04-27 13:53:47  INFO        [DRY-RUN] phase2 | chest_xray | albef | superpixel_slic g=300 dr_iters=3 dr_ratio=0.1
2026-04-27 13:53:47  INFO                  set_slot 0 /usr/bin/python /home/ge.polymtl.ca/pahoa/random_stuff/poly_ai_project_pnp-ovss/run_experiment.py --dataset chest_xray --model albef --spatial_type superpixel_slic --granularity 300 --dropout_iters 3 --dropout_ratio 0.1
2026-04-27 13:53:47  DEBUG     CMD  set_slot 0 /usr/bin/python /home/ge.polymtl.ca/pahoa/random_stuff/poly_ai_project_pnp-ovss/run_experiment.py --dataset chest_xray --model albef --spatial_type superpixel_slic --granularity 300 --dropout_iters 3 --dropout_ratio 0.3
2026-04-27 13:53:47  INFO        [DRY-RUN] phase2 | chest_xray | albef | superpixel_slic g=300 dr_iters=3 dr_ratio=0.3
2026-04-27 13:53:47  INFO                  set_slot 0 /usr/bin/python /home/ge.polymtl.ca/pahoa/random_stuff/poly_ai_project_pnp-ovss/run_experiment.py --dataset chest_xray --model albef --spatial_type superpixel_slic --granularity 300 --dropout_iters 3 --dropout_ratio 0.3
2026-04-27 13:53:47  DEBUG     CMD  set_slot 0 /usr/bin/python /home/ge.polymtl.ca/pahoa/random_stuff/poly_ai_project_pnp-ovss/run_experiment.py --dataset chest_xray --model albef --spatial_type superpixel_slic --granularity 300 --dropout_iters 3 --dropout_ratio 0.5
2026-04-27 13:53:47  INFO        [DRY-RUN] phase2 | chest_xray | albef | superpixel_slic g=300 dr_iters=3 dr_ratio=0.5
2026-04-27 13:53:47  INFO                  set_slot 0 /usr/bin/python /home/ge.polymtl.ca/pahoa/random_stuff/poly_ai_project_pnp-ovss/run_experiment.py --dataset chest_xray --model albef --spatial_type superpixel_slic --granularity 300 --dropout_iters 3 --dropout_ratio 0.5
2026-04-27 13:53:47  DEBUG     CMD  set_slot 0 /usr/bin/python /home/ge.polymtl.ca/pahoa/random_stuff/poly_ai_project_pnp-ovss/run_experiment.py --dataset chest_xray --model albef --spatial_type superpixel_slic --granularity 300 --dropout_iters 5 --dropout_ratio 0.1
2026-04-27 13:53:47  INFO        [DRY-RUN] phase2 | chest_xray | albef | superpixel_slic g=300 dr_iters=5 dr_ratio=0.1
2026-04-27 13:53:47  INFO                  set_slot 0 /usr/bin/python /home/ge.polymtl.ca/pahoa/random_stuff/poly_ai_project_pnp-ovss/run_experiment.py --dataset chest_xray --model albef --spatial_type superpixel_slic --granularity 300 --dropout_iters 5 --dropout_ratio 0.1
2026-04-27 13:53:47  DEBUG     CMD  set_slot 0 /usr/bin/python /home/ge.polymtl.ca/pahoa/random_stuff/poly_ai_project_pnp-ovss/run_experiment.py --dataset chest_xray --model albef --spatial_type superpixel_slic --granularity 300 --dropout_iters 5 --dropout_ratio 0.3
2026-04-27 13:53:47  INFO        [DRY-RUN] phase2 | chest_xray | albef | superpixel_slic g=300 dr_iters=5 dr_ratio=0.3
2026-04-27 13:53:47  INFO                  set_slot 0 /usr/bin/python /home/ge.polymtl.ca/pahoa/random_stuff/poly_ai_project_pnp-ovss/run_experiment.py --dataset chest_xray --model albef --spatial_type superpixel_slic --granularity 300 --dropout_iters 5 --dropout_ratio 0.3
2026-04-27 13:53:47  DEBUG     CMD  set_slot 0 /usr/bin/python /home/ge.polymtl.ca/pahoa/random_stuff/poly_ai_project_pnp-ovss/run_experiment.py --dataset chest_xray --model albef --spatial_type superpixel_slic --granularity 300 --dropout_iters 5 --dropout_ratio 0.5
2026-04-27 13:53:47  INFO        [DRY-RUN] phase2 | chest_xray | albef | superpixel_slic g=300 dr_iters=5 dr_ratio=0.5
2026-04-27 13:53:47  INFO                  set_slot 0 /usr/bin/python /home/ge.polymtl.ca/pahoa/random_stuff/poly_ai_project_pnp-ovss/run_experiment.py --dataset chest_xray --model albef --spatial_type superpixel_slic --granularity 300 --dropout_iters 5 --dropout_ratio 0.5
2026-04-27 13:53:47  DEBUG     CMD  set_slot 0 /usr/bin/python /home/ge.polymtl.ca/pahoa/random_stuff/poly_ai_project_pnp-ovss/run_experiment.py --dataset chest_xray --model albef --spatial_type superpixel_slic --granularity 300 --dropout_iters 7 --dropout_ratio 0.1
2026-04-27 13:53:47  INFO        [DRY-RUN] phase2 | chest_xray | albef | superpixel_slic g=300 dr_iters=7 dr_ratio=0.1
2026-04-27 13:53:47  INFO                  set_slot 0 /usr/bin/python /home/ge.polymtl.ca/pahoa/random_stuff/poly_ai_project_pnp-ovss/run_experiment.py --dataset chest_xray --model albef --spatial_type superpixel_slic --granularity 300 --dropout_iters 7 --dropout_ratio 0.1
2026-04-27 13:53:47  DEBUG     CMD  set_slot 0 /usr/bin/python /home/ge.polymtl.ca/pahoa/random_stuff/poly_ai_project_pnp-ovss/run_experiment.py --dataset chest_xray --model albef --spatial_type superpixel_slic --granularity 300 --dropout_iters 7 --dropout_ratio 0.3
2026-04-27 13:53:47  INFO        [DRY-RUN] phase2 | chest_xray | albef | superpixel_slic g=300 dr_iters=7 dr_ratio=0.3
2026-04-27 13:53:47  INFO                  set_slot 0 /usr/bin/python /home/ge.polymtl.ca/pahoa/random_stuff/poly_ai_project_pnp-ovss/run_experiment.py --dataset chest_xray --model albef --spatial_type superpixel_slic --granularity 300 --dropout_iters 7 --dropout_ratio 0.3
2026-04-27 13:53:47  DEBUG     CMD  set_slot 0 /usr/bin/python /home/ge.polymtl.ca/pahoa/random_stuff/poly_ai_project_pnp-ovss/run_experiment.py --dataset chest_xray --model albef --spatial_type superpixel_slic --granularity 300 --dropout_iters 7 --dropout_ratio 0.5
2026-04-27 13:53:47  INFO        [DRY-RUN] phase2 | chest_xray | albef | superpixel_slic g=300 dr_iters=7 dr_ratio=0.5
2026-04-27 13:53:47  INFO                  set_slot 0 /usr/bin/python /home/ge.polymtl.ca/pahoa/random_stuff/poly_ai_project_pnp-ovss/run_experiment.py --dataset chest_xray --model albef --spatial_type superpixel_slic --granularity 300 --dropout_iters 7 --dropout_ratio 0.5
2026-04-27 13:53:47  INFO        Phase 2 done  ok=45  fail=0
2026-04-27 13:53:47  INFO        ── Phase 3 ──
2026-04-27 13:53:47  DEBUG     CMD  set_slot 0 /usr/bin/python /home/ge.polymtl.ca/pahoa/random_stuff/poly_ai_project_pnp-ovss/run_experiment.py --dataset chest_xray --model albef --tuning_metric zero_shot_heuristic
2026-04-27 13:53:47  INFO        [DRY-RUN] phase3 | chest_xray | albef | metric=zero_shot_heuristic
2026-04-27 13:53:47  INFO                  set_slot 0 /usr/bin/python /home/ge.polymtl.ca/pahoa/random_stuff/poly_ai_project_pnp-ovss/run_experiment.py --dataset chest_xray --model albef --tuning_metric zero_shot_heuristic
2026-04-27 13:53:47  DEBUG     CMD  set_slot 0 /usr/bin/python /home/ge.polymtl.ca/pahoa/random_stuff/poly_ai_project_pnp-ovss/run_experiment.py --dataset chest_xray --model albef --tuning_metric supervised_mdice
2026-04-27 13:53:47  INFO        [DRY-RUN] phase3 | chest_xray | albef | metric=supervised_mdice
2026-04-27 13:53:47  INFO                  set_slot 0 /usr/bin/python /home/ge.polymtl.ca/pahoa/random_stuff/poly_ai_project_pnp-ovss/run_experiment.py --dataset chest_xray --model albef --tuning_metric supervised_mdice
2026-04-27 13:53:47  INFO        Phase 3 done  ok=2  fail=0
2026-04-27 13:53:47  INFO        ── Phase 4 ──
2026-04-27 13:53:47  DEBUG     CMD  set_slot 0 /usr/bin/python /home/ge.polymtl.ca/pahoa/random_stuff/poly_ai_project_pnp-ovss/run_experiment.py --run_final_eval True --dataset chest_xray --model albef
2026-04-27 13:53:47  INFO        [DRY-RUN] phase4 | chest_xray | albef
2026-04-27 13:53:47  INFO                  set_slot 0 /usr/bin/python /home/ge.polymtl.ca/pahoa/random_stuff/poly_ai_project_pnp-ovss/run_experiment.py --run_final_eval True --dataset chest_xray --model albef
2026-04-27 13:53:47  INFO        Phase 4 done  ok=1  fail=0
2026-04-27 13:53:47  INFO      
2026-04-27 13:53:47  INFO      Total wall time: 0.0s (0.0 min)
2026-04-27 13:53:47  INFO      
2026-04-27 13:53:47  INFO      ========================================================================
2026-04-27 13:53:47  INFO        MACRO-MACRO RUN — FINAL SUMMARY
2026-04-27 13:53:47  INFO      ========================================================================
2026-04-27 13:53:47  INFO        ✓  Phase 1 | pascal_voc      | blip          ok=1  fail=0
2026-04-27 13:53:47  INFO        ✓  Phase 2 | pascal_voc      | blip          ok=45  fail=0
2026-04-27 13:53:47  INFO        ✓  Phase 3 | pascal_voc      | blip          ok=2  fail=0
2026-04-27 13:53:47  INFO        ✓  Phase 4 | pascal_voc      | blip          ok=1  fail=0
2026-04-27 13:53:47  INFO        ✓  Phase 1 | pascal_voc      | bridgetower   ok=1  fail=0
2026-04-27 13:53:47  INFO        ✓  Phase 2 | pascal_voc      | bridgetower   ok=45  fail=0
2026-04-27 13:53:47  INFO        ✓  Phase 3 | pascal_voc      | bridgetower   ok=2  fail=0
2026-04-27 13:53:47  INFO        ✓  Phase 4 | pascal_voc      | bridgetower   ok=1  fail=0
2026-04-27 13:53:47  INFO        ✓  Phase 1 | pascal_voc      | albef         ok=1  fail=0
2026-04-27 13:53:47  INFO        ✓  Phase 2 | pascal_voc      | albef         ok=45  fail=0
2026-04-27 13:53:47  INFO        ✓  Phase 3 | pascal_voc      | albef         ok=2  fail=0
2026-04-27 13:53:47  INFO        ✓  Phase 4 | pascal_voc      | albef         ok=1  fail=0
2026-04-27 13:53:47  INFO        ✓  Phase 1 | chest_xray      | blip          ok=1  fail=0
2026-04-27 13:53:47  INFO        ✓  Phase 2 | chest_xray      | blip          ok=45  fail=0
2026-04-27 13:53:47  INFO        ✓  Phase 3 | chest_xray      | blip          ok=2  fail=0
2026-04-27 13:53:47  INFO        ✓  Phase 4 | chest_xray      | blip          ok=1  fail=0
2026-04-27 13:53:47  INFO        ✓  Phase 1 | chest_xray      | bridgetower   ok=1  fail=0
2026-04-27 13:53:47  INFO        ✓  Phase 2 | chest_xray      | bridgetower   ok=45  fail=0
2026-04-27 13:53:47  INFO        ✓  Phase 3 | chest_xray      | bridgetower   ok=2  fail=0
2026-04-27 13:53:47  INFO        ✓  Phase 4 | chest_xray      | bridgetower   ok=1  fail=0
2026-04-27 13:53:47  INFO        ✓  Phase 1 | chest_xray      | albef         ok=1  fail=0
2026-04-27 13:53:47  INFO        ✓  Phase 2 | chest_xray      | albef         ok=45  fail=0
2026-04-27 13:53:47  INFO        ✓  Phase 3 | chest_xray      | albef         ok=2  fail=0
2026-04-27 13:53:47  INFO        ✓  Phase 4 | chest_xray      | albef         ok=1  fail=0
2026-04-27 13:53:47  INFO      ------------------------------------------------------------------------
2026-04-27 13:53:47  INFO        Total runs: 294   succeeded: 294   failed: 0
2026-04-27 13:53:47  INFO      ========================================================================
2026-04-27 13:54:46  INFO      ========================================================================
2026-04-27 13:54:46  INFO        MACRO-MACRO RUNNER  START
2026-04-27 13:54:46  INFO        datasets  : ['pascal_voc', 'chest_xray']
2026-04-27 13:54:46  INFO        models    : ['blip', 'bridgetower', 'albef']
2026-04-27 13:54:46  INFO        phases    : [1, 2, 3, 4]
2026-04-27 13:54:46  INFO        dry-run   : False
2026-04-27 13:54:46  INFO      ========================================================================
2026-04-27 13:54:46  INFO        Expected runs: Phase2 has 45 combos × 6 pairs = 270 Phase2 calls total
2026-04-27 13:54:46  INFO      
2026-04-27 13:54:46  INFO      ━━━━━━━━━━━━━━━━━━━━━━━━━━━━━━━━━━━━━━━━━━━━━━━━━━━━━━━━━━━━━━━━━━━━━━━━
2026-04-27 13:54:46  INFO        PAIR  dataset=pascal_voc       model=blip
2026-04-27 13:54:46  INFO      ━━━━━━━━━━━━━━━━━━━━━━━━━━━━━━━━━━━━━━━━━━━━━━━━━━━━━━━━━━━━━━━━━━━━━━━━
2026-04-27 13:54:46  INFO        ── Phase 1 ──
2026-04-27 13:54:46  DEBUG     CMD  set_slot 0 /home/ge.polymtl.ca/pahoa/random_stuff/poly_ai_project_pnp-ovss/.venv/bin/python /home/ge.polymtl.ca/pahoa/random_stuff/poly_ai_project_pnp-ovss/run_experiment.py --dataset pascal_voc --model blip --spatial_type grid --tuning_metric zero_shot_heuristic
2026-04-27 13:54:46  INFO        ▶ phase1 | pascal_voc | blip
2026-04-27 13:54:46  ERROR       ✗ phase1 | pascal_voc | blip  exit=2  (0.1s)
2026-04-27 13:54:46  INFO        Phase 1 done  ok=0  fail=1
2026-04-27 13:54:46  INFO        ── Phase 2 ──
2026-04-27 13:54:46  DEBUG     CMD  set_slot 0 /home/ge.polymtl.ca/pahoa/random_stuff/poly_ai_project_pnp-ovss/.venv/bin/python /home/ge.polymtl.ca/pahoa/random_stuff/poly_ai_project_pnp-ovss/run_experiment.py --dataset pascal_voc --model blip --spatial_type grid --granularity 16 --dropout_iters 3 --dropout_ratio 0.1
2026-04-27 13:54:46  INFO        ▶ phase2 | pascal_voc | blip | grid g=16 dr_iters=3 dr_ratio=0.1
2026-04-27 13:54:46  ERROR       ✗ phase2 | pascal_voc | blip | grid g=16 dr_iters=3 dr_ratio=0.1  exit=2  (0.1s)
2026-04-27 13:54:46  DEBUG     CMD  set_slot 0 /home/ge.polymtl.ca/pahoa/random_stuff/poly_ai_project_pnp-ovss/.venv/bin/python /home/ge.polymtl.ca/pahoa/random_stuff/poly_ai_project_pnp-ovss/run_experiment.py --dataset pascal_voc --model blip --spatial_type grid --granularity 16 --dropout_iters 3 --dropout_ratio 0.3
2026-04-27 13:54:46  INFO        ▶ phase2 | pascal_voc | blip | grid g=16 dr_iters=3 dr_ratio=0.3
2026-04-27 13:54:46  ERROR       ✗ phase2 | pascal_voc | blip | grid g=16 dr_iters=3 dr_ratio=0.3  exit=2  (0.1s)
2026-04-27 13:54:46  DEBUG     CMD  set_slot 0 /home/ge.polymtl.ca/pahoa/random_stuff/poly_ai_project_pnp-ovss/.venv/bin/python /home/ge.polymtl.ca/pahoa/random_stuff/poly_ai_project_pnp-ovss/run_experiment.py --dataset pascal_voc --model blip --spatial_type grid --granularity 16 --dropout_iters 3 --dropout_ratio 0.5
2026-04-27 13:54:46  INFO        ▶ phase2 | pascal_voc | blip | grid g=16 dr_iters=3 dr_ratio=0.5
2026-04-27 13:54:46  ERROR       ✗ phase2 | pascal_voc | blip | grid g=16 dr_iters=3 dr_ratio=0.5  exit=2  (0.1s)
2026-04-27 13:54:46  DEBUG     CMD  set_slot 0 /home/ge.polymtl.ca/pahoa/random_stuff/poly_ai_project_pnp-ovss/.venv/bin/python /home/ge.polymtl.ca/pahoa/random_stuff/poly_ai_project_pnp-ovss/run_experiment.py --dataset pascal_voc --model blip --spatial_type grid --granularity 16 --dropout_iters 5 --dropout_ratio 0.1
2026-04-27 13:54:46  INFO        ▶ phase2 | pascal_voc | blip | grid g=16 dr_iters=5 dr_ratio=0.1
2026-04-27 13:54:46  ERROR       ✗ phase2 | pascal_voc | blip | grid g=16 dr_iters=5 dr_ratio=0.1  exit=2  (0.1s)
2026-04-27 13:54:46  DEBUG     CMD  set_slot 0 /home/ge.polymtl.ca/pahoa/random_stuff/poly_ai_project_pnp-ovss/.venv/bin/python /home/ge.polymtl.ca/pahoa/random_stuff/poly_ai_project_pnp-ovss/run_experiment.py --dataset pascal_voc --model blip --spatial_type grid --granularity 16 --dropout_iters 5 --dropout_ratio 0.3
2026-04-27 13:54:46  INFO        ▶ phase2 | pascal_voc | blip | grid g=16 dr_iters=5 dr_ratio=0.3
2026-04-27 13:54:46  ERROR       ✗ phase2 | pascal_voc | blip | grid g=16 dr_iters=5 dr_ratio=0.3  exit=2  (0.1s)
2026-04-27 13:54:46  DEBUG     CMD  set_slot 0 /home/ge.polymtl.ca/pahoa/random_stuff/poly_ai_project_pnp-ovss/.venv/bin/python /home/ge.polymtl.ca/pahoa/random_stuff/poly_ai_project_pnp-ovss/run_experiment.py --dataset pascal_voc --model blip --spatial_type grid --granularity 16 --dropout_iters 5 --dropout_ratio 0.5
2026-04-27 13:54:46  INFO        ▶ phase2 | pascal_voc | blip | grid g=16 dr_iters=5 dr_ratio=0.5
2026-04-27 13:54:46  ERROR       ✗ phase2 | pascal_voc | blip | grid g=16 dr_iters=5 dr_ratio=0.5  exit=2  (0.1s)
2026-04-27 13:54:46  DEBUG     CMD  set_slot 0 /home/ge.polymtl.ca/pahoa/random_stuff/poly_ai_project_pnp-ovss/.venv/bin/python /home/ge.polymtl.ca/pahoa/random_stuff/poly_ai_project_pnp-ovss/run_experiment.py --dataset pascal_voc --model blip --spatial_type grid --granularity 16 --dropout_iters 7 --dropout_ratio 0.1
2026-04-27 13:54:46  INFO        ▶ phase2 | pascal_voc | blip | grid g=16 dr_iters=7 dr_ratio=0.1
2026-04-27 13:54:46  ERROR       ✗ phase2 | pascal_voc | blip | grid g=16 dr_iters=7 dr_ratio=0.1  exit=2  (0.1s)
2026-04-27 13:54:46  DEBUG     CMD  set_slot 0 /home/ge.polymtl.ca/pahoa/random_stuff/poly_ai_project_pnp-ovss/.venv/bin/python /home/ge.polymtl.ca/pahoa/random_stuff/poly_ai_project_pnp-ovss/run_experiment.py --dataset pascal_voc --model blip --spatial_type grid --granularity 16 --dropout_iters 7 --dropout_ratio 0.3
2026-04-27 13:54:46  INFO        ▶ phase2 | pascal_voc | blip | grid g=16 dr_iters=7 dr_ratio=0.3
2026-04-27 13:54:47  ERROR       ✗ phase2 | pascal_voc | blip | grid g=16 dr_iters=7 dr_ratio=0.3  exit=2  (0.1s)
2026-04-27 13:54:47  DEBUG     CMD  set_slot 0 /home/ge.polymtl.ca/pahoa/random_stuff/poly_ai_project_pnp-ovss/.venv/bin/python /home/ge.polymtl.ca/pahoa/random_stuff/poly_ai_project_pnp-ovss/run_experiment.py --dataset pascal_voc --model blip --spatial_type grid --granularity 16 --dropout_iters 7 --dropout_ratio 0.5
2026-04-27 13:54:47  INFO        ▶ phase2 | pascal_voc | blip | grid g=16 dr_iters=7 dr_ratio=0.5
2026-04-27 13:54:47  ERROR       ✗ phase2 | pascal_voc | blip | grid g=16 dr_iters=7 dr_ratio=0.5  exit=2  (0.1s)
2026-04-27 13:54:47  DEBUG     CMD  set_slot 0 /home/ge.polymtl.ca/pahoa/random_stuff/poly_ai_project_pnp-ovss/.venv/bin/python /home/ge.polymtl.ca/pahoa/random_stuff/poly_ai_project_pnp-ovss/run_experiment.py --dataset pascal_voc --model blip --spatial_type grid --granularity 32 --dropout_iters 3 --dropout_ratio 0.1
2026-04-27 13:54:47  INFO        ▶ phase2 | pascal_voc | blip | grid g=32 dr_iters=3 dr_ratio=0.1
2026-04-27 13:54:47  ERROR       ✗ phase2 | pascal_voc | blip | grid g=32 dr_iters=3 dr_ratio=0.1  exit=2  (0.1s)
2026-04-27 13:54:47  DEBUG     CMD  set_slot 0 /home/ge.polymtl.ca/pahoa/random_stuff/poly_ai_project_pnp-ovss/.venv/bin/python /home/ge.polymtl.ca/pahoa/random_stuff/poly_ai_project_pnp-ovss/run_experiment.py --dataset pascal_voc --model blip --spatial_type grid --granularity 32 --dropout_iters 3 --dropout_ratio 0.3
2026-04-27 13:54:47  INFO        ▶ phase2 | pascal_voc | blip | grid g=32 dr_iters=3 dr_ratio=0.3
2026-04-27 13:54:47  ERROR       ✗ phase2 | pascal_voc | blip | grid g=32 dr_iters=3 dr_ratio=0.3  exit=2  (0.1s)
2026-04-27 13:54:47  DEBUG     CMD  set_slot 0 /home/ge.polymtl.ca/pahoa/random_stuff/poly_ai_project_pnp-ovss/.venv/bin/python /home/ge.polymtl.ca/pahoa/random_stuff/poly_ai_project_pnp-ovss/run_experiment.py --dataset pascal_voc --model blip --spatial_type grid --granularity 32 --dropout_iters 3 --dropout_ratio 0.5
2026-04-27 13:54:47  INFO        ▶ phase2 | pascal_voc | blip | grid g=32 dr_iters=3 dr_ratio=0.5
2026-04-27 13:54:47  ERROR       ✗ phase2 | pascal_voc | blip | grid g=32 dr_iters=3 dr_ratio=0.5  exit=2  (0.1s)
2026-04-27 13:54:47  DEBUG     CMD  set_slot 0 /home/ge.polymtl.ca/pahoa/random_stuff/poly_ai_project_pnp-ovss/.venv/bin/python /home/ge.polymtl.ca/pahoa/random_stuff/poly_ai_project_pnp-ovss/run_experiment.py --dataset pascal_voc --model blip --spatial_type grid --granularity 32 --dropout_iters 5 --dropout_ratio 0.1
2026-04-27 13:54:47  INFO        ▶ phase2 | pascal_voc | blip | grid g=32 dr_iters=5 dr_ratio=0.1
2026-04-27 13:54:47  ERROR       ✗ phase2 | pascal_voc | blip | grid g=32 dr_iters=5 dr_ratio=0.1  exit=2  (0.1s)
2026-04-27 13:54:47  DEBUG     CMD  set_slot 0 /home/ge.polymtl.ca/pahoa/random_stuff/poly_ai_project_pnp-ovss/.venv/bin/python /home/ge.polymtl.ca/pahoa/random_stuff/poly_ai_project_pnp-ovss/run_experiment.py --dataset pascal_voc --model blip --spatial_type grid --granularity 32 --dropout_iters 5 --dropout_ratio 0.3
2026-04-27 13:54:47  INFO        ▶ phase2 | pascal_voc | blip | grid g=32 dr_iters=5 dr_ratio=0.3
2026-04-27 13:54:47  ERROR       ✗ phase2 | pascal_voc | blip | grid g=32 dr_iters=5 dr_ratio=0.3  exit=2  (0.1s)
2026-04-27 13:54:47  DEBUG     CMD  set_slot 0 /home/ge.polymtl.ca/pahoa/random_stuff/poly_ai_project_pnp-ovss/.venv/bin/python /home/ge.polymtl.ca/pahoa/random_stuff/poly_ai_project_pnp-ovss/run_experiment.py --dataset pascal_voc --model blip --spatial_type grid --granularity 32 --dropout_iters 5 --dropout_ratio 0.5
2026-04-27 13:54:47  INFO        ▶ phase2 | pascal_voc | blip | grid g=32 dr_iters=5 dr_ratio=0.5
2026-04-27 13:54:47  ERROR       ✗ phase2 | pascal_voc | blip | grid g=32 dr_iters=5 dr_ratio=0.5  exit=2  (0.1s)
2026-04-27 13:54:47  DEBUG     CMD  set_slot 0 /home/ge.polymtl.ca/pahoa/random_stuff/poly_ai_project_pnp-ovss/.venv/bin/python /home/ge.polymtl.ca/pahoa/random_stuff/poly_ai_project_pnp-ovss/run_experiment.py --dataset pascal_voc --model blip --spatial_type grid --granularity 32 --dropout_iters 7 --dropout_ratio 0.1
2026-04-27 13:54:47  INFO        ▶ phase2 | pascal_voc | blip | grid g=32 dr_iters=7 dr_ratio=0.1
2026-04-27 13:54:47  ERROR       ✗ phase2 | pascal_voc | blip | grid g=32 dr_iters=7 dr_ratio=0.1  exit=2  (0.1s)
2026-04-27 13:54:47  DEBUG     CMD  set_slot 0 /home/ge.polymtl.ca/pahoa/random_stuff/poly_ai_project_pnp-ovss/.venv/bin/python /home/ge.polymtl.ca/pahoa/random_stuff/poly_ai_project_pnp-ovss/run_experiment.py --dataset pascal_voc --model blip --spatial_type grid --granularity 32 --dropout_iters 7 --dropout_ratio 0.3
2026-04-27 13:54:47  INFO        ▶ phase2 | pascal_voc | blip | grid g=32 dr_iters=7 dr_ratio=0.3
2026-04-27 13:54:47  ERROR       ✗ phase2 | pascal_voc | blip | grid g=32 dr_iters=7 dr_ratio=0.3  exit=2  (0.1s)
2026-04-27 13:54:47  DEBUG     CMD  set_slot 0 /home/ge.polymtl.ca/pahoa/random_stuff/poly_ai_project_pnp-ovss/.venv/bin/python /home/ge.polymtl.ca/pahoa/random_stuff/poly_ai_project_pnp-ovss/run_experiment.py --dataset pascal_voc --model blip --spatial_type grid --granularity 32 --dropout_iters 7 --dropout_ratio 0.5
2026-04-27 13:54:47  INFO        ▶ phase2 | pascal_voc | blip | grid g=32 dr_iters=7 dr_ratio=0.5
2026-04-27 13:54:48  ERROR       ✗ phase2 | pascal_voc | blip | grid g=32 dr_iters=7 dr_ratio=0.5  exit=2  (0.1s)
2026-04-27 13:54:48  DEBUG     CMD  set_slot 0 /home/ge.polymtl.ca/pahoa/random_stuff/poly_ai_project_pnp-ovss/.venv/bin/python /home/ge.polymtl.ca/pahoa/random_stuff/poly_ai_project_pnp-ovss/run_experiment.py --dataset pascal_voc --model blip --spatial_type superpixel_slic --granularity 100 --dropout_iters 3 --dropout_ratio 0.1
2026-04-27 13:54:48  INFO        ▶ phase2 | pascal_voc | blip | superpixel_slic g=100 dr_iters=3 dr_ratio=0.1
2026-04-27 13:54:48  ERROR       ✗ phase2 | pascal_voc | blip | superpixel_slic g=100 dr_iters=3 dr_ratio=0.1  exit=2  (0.1s)
2026-04-27 13:54:48  DEBUG     CMD  set_slot 0 /home/ge.polymtl.ca/pahoa/random_stuff/poly_ai_project_pnp-ovss/.venv/bin/python /home/ge.polymtl.ca/pahoa/random_stuff/poly_ai_project_pnp-ovss/run_experiment.py --dataset pascal_voc --model blip --spatial_type superpixel_slic --granularity 100 --dropout_iters 3 --dropout_ratio 0.3
2026-04-27 13:54:48  INFO        ▶ phase2 | pascal_voc | blip | superpixel_slic g=100 dr_iters=3 dr_ratio=0.3
2026-04-27 13:54:48  ERROR       ✗ phase2 | pascal_voc | blip | superpixel_slic g=100 dr_iters=3 dr_ratio=0.3  exit=2  (0.1s)
2026-04-27 13:54:48  DEBUG     CMD  set_slot 0 /home/ge.polymtl.ca/pahoa/random_stuff/poly_ai_project_pnp-ovss/.venv/bin/python /home/ge.polymtl.ca/pahoa/random_stuff/poly_ai_project_pnp-ovss/run_experiment.py --dataset pascal_voc --model blip --spatial_type superpixel_slic --granularity 100 --dropout_iters 3 --dropout_ratio 0.5
2026-04-27 13:54:48  INFO        ▶ phase2 | pascal_voc | blip | superpixel_slic g=100 dr_iters=3 dr_ratio=0.5
2026-04-27 13:54:48  ERROR       ✗ phase2 | pascal_voc | blip | superpixel_slic g=100 dr_iters=3 dr_ratio=0.5  exit=2  (0.1s)
2026-04-27 13:54:48  DEBUG     CMD  set_slot 0 /home/ge.polymtl.ca/pahoa/random_stuff/poly_ai_project_pnp-ovss/.venv/bin/python /home/ge.polymtl.ca/pahoa/random_stuff/poly_ai_project_pnp-ovss/run_experiment.py --dataset pascal_voc --model blip --spatial_type superpixel_slic --granularity 100 --dropout_iters 5 --dropout_ratio 0.1
2026-04-27 13:54:48  INFO        ▶ phase2 | pascal_voc | blip | superpixel_slic g=100 dr_iters=5 dr_ratio=0.1
2026-04-27 13:54:48  ERROR       ✗ phase2 | pascal_voc | blip | superpixel_slic g=100 dr_iters=5 dr_ratio=0.1  exit=2  (0.1s)
2026-04-27 13:54:48  DEBUG     CMD  set_slot 0 /home/ge.polymtl.ca/pahoa/random_stuff/poly_ai_project_pnp-ovss/.venv/bin/python /home/ge.polymtl.ca/pahoa/random_stuff/poly_ai_project_pnp-ovss/run_experiment.py --dataset pascal_voc --model blip --spatial_type superpixel_slic --granularity 100 --dropout_iters 5 --dropout_ratio 0.3
2026-04-27 13:54:48  INFO        ▶ phase2 | pascal_voc | blip | superpixel_slic g=100 dr_iters=5 dr_ratio=0.3
2026-04-27 13:54:48  ERROR       ✗ phase2 | pascal_voc | blip | superpixel_slic g=100 dr_iters=5 dr_ratio=0.3  exit=2  (0.1s)
2026-04-27 13:54:48  DEBUG     CMD  set_slot 0 /home/ge.polymtl.ca/pahoa/random_stuff/poly_ai_project_pnp-ovss/.venv/bin/python /home/ge.polymtl.ca/pahoa/random_stuff/poly_ai_project_pnp-ovss/run_experiment.py --dataset pascal_voc --model blip --spatial_type superpixel_slic --granularity 100 --dropout_iters 5 --dropout_ratio 0.5
2026-04-27 13:54:48  INFO        ▶ phase2 | pascal_voc | blip | superpixel_slic g=100 dr_iters=5 dr_ratio=0.5
2026-04-27 13:54:48  ERROR       ✗ phase2 | pascal_voc | blip | superpixel_slic g=100 dr_iters=5 dr_ratio=0.5  exit=2  (0.1s)
2026-04-27 13:54:48  DEBUG     CMD  set_slot 0 /home/ge.polymtl.ca/pahoa/random_stuff/poly_ai_project_pnp-ovss/.venv/bin/python /home/ge.polymtl.ca/pahoa/random_stuff/poly_ai_project_pnp-ovss/run_experiment.py --dataset pascal_voc --model blip --spatial_type superpixel_slic --granularity 100 --dropout_iters 7 --dropout_ratio 0.1
2026-04-27 13:54:48  INFO        ▶ phase2 | pascal_voc | blip | superpixel_slic g=100 dr_iters=7 dr_ratio=0.1
2026-04-27 13:54:48  ERROR       ✗ phase2 | pascal_voc | blip | superpixel_slic g=100 dr_iters=7 dr_ratio=0.1  exit=2  (0.1s)
2026-04-27 13:54:48  DEBUG     CMD  set_slot 0 /home/ge.polymtl.ca/pahoa/random_stuff/poly_ai_project_pnp-ovss/.venv/bin/python /home/ge.polymtl.ca/pahoa/random_stuff/poly_ai_project_pnp-ovss/run_experiment.py --dataset pascal_voc --model blip --spatial_type superpixel_slic --granularity 100 --dropout_iters 7 --dropout_ratio 0.3
2026-04-27 13:54:48  INFO        ▶ phase2 | pascal_voc | blip | superpixel_slic g=100 dr_iters=7 dr_ratio=0.3
2026-04-27 13:54:48  ERROR       ✗ phase2 | pascal_voc | blip | superpixel_slic g=100 dr_iters=7 dr_ratio=0.3  exit=2  (0.1s)
2026-04-27 13:54:48  DEBUG     CMD  set_slot 0 /home/ge.polymtl.ca/pahoa/random_stuff/poly_ai_project_pnp-ovss/.venv/bin/python /home/ge.polymtl.ca/pahoa/random_stuff/poly_ai_project_pnp-ovss/run_experiment.py --dataset pascal_voc --model blip --spatial_type superpixel_slic --granularity 100 --dropout_iters 7 --dropout_ratio 0.5
2026-04-27 13:54:48  INFO        ▶ phase2 | pascal_voc | blip | superpixel_slic g=100 dr_iters=7 dr_ratio=0.5
2026-04-27 13:54:48  ERROR       ✗ phase2 | pascal_voc | blip | superpixel_slic g=100 dr_iters=7 dr_ratio=0.5  exit=2  (0.1s)
2026-04-27 13:54:48  DEBUG     CMD  set_slot 0 /home/ge.polymtl.ca/pahoa/random_stuff/poly_ai_project_pnp-ovss/.venv/bin/python /home/ge.polymtl.ca/pahoa/random_stuff/poly_ai_project_pnp-ovss/run_experiment.py --dataset pascal_voc --model blip --spatial_type superpixel_slic --granularity 200 --dropout_iters 3 --dropout_ratio 0.1
2026-04-27 13:54:48  INFO        ▶ phase2 | pascal_voc | blip | superpixel_slic g=200 dr_iters=3 dr_ratio=0.1
2026-04-27 13:54:49  ERROR       ✗ phase2 | pascal_voc | blip | superpixel_slic g=200 dr_iters=3 dr_ratio=0.1  exit=2  (0.1s)
2026-04-27 13:54:49  DEBUG     CMD  set_slot 0 /home/ge.polymtl.ca/pahoa/random_stuff/poly_ai_project_pnp-ovss/.venv/bin/python /home/ge.polymtl.ca/pahoa/random_stuff/poly_ai_project_pnp-ovss/run_experiment.py --dataset pascal_voc --model blip --spatial_type superpixel_slic --granularity 200 --dropout_iters 3 --dropout_ratio 0.3
2026-04-27 13:54:49  INFO        ▶ phase2 | pascal_voc | blip | superpixel_slic g=200 dr_iters=3 dr_ratio=0.3
2026-04-27 13:54:49  ERROR       ✗ phase2 | pascal_voc | blip | superpixel_slic g=200 dr_iters=3 dr_ratio=0.3  exit=2  (0.1s)
2026-04-27 13:54:49  DEBUG     CMD  set_slot 0 /home/ge.polymtl.ca/pahoa/random_stuff/poly_ai_project_pnp-ovss/.venv/bin/python /home/ge.polymtl.ca/pahoa/random_stuff/poly_ai_project_pnp-ovss/run_experiment.py --dataset pascal_voc --model blip --spatial_type superpixel_slic --granularity 200 --dropout_iters 3 --dropout_ratio 0.5
2026-04-27 13:54:49  INFO        ▶ phase2 | pascal_voc | blip | superpixel_slic g=200 dr_iters=3 dr_ratio=0.5
2026-04-27 13:54:49  ERROR       ✗ phase2 | pascal_voc | blip | superpixel_slic g=200 dr_iters=3 dr_ratio=0.5  exit=2  (0.1s)
2026-04-27 13:54:49  DEBUG     CMD  set_slot 0 /home/ge.polymtl.ca/pahoa/random_stuff/poly_ai_project_pnp-ovss/.venv/bin/python /home/ge.polymtl.ca/pahoa/random_stuff/poly_ai_project_pnp-ovss/run_experiment.py --dataset pascal_voc --model blip --spatial_type superpixel_slic --granularity 200 --dropout_iters 5 --dropout_ratio 0.1
2026-04-27 13:54:49  INFO        ▶ phase2 | pascal_voc | blip | superpixel_slic g=200 dr_iters=5 dr_ratio=0.1
2026-04-27 13:54:49  ERROR       ✗ phase2 | pascal_voc | blip | superpixel_slic g=200 dr_iters=5 dr_ratio=0.1  exit=2  (0.1s)
2026-04-27 13:54:49  DEBUG     CMD  set_slot 0 /home/ge.polymtl.ca/pahoa/random_stuff/poly_ai_project_pnp-ovss/.venv/bin/python /home/ge.polymtl.ca/pahoa/random_stuff/poly_ai_project_pnp-ovss/run_experiment.py --dataset pascal_voc --model blip --spatial_type superpixel_slic --granularity 200 --dropout_iters 5 --dropout_ratio 0.3
2026-04-27 13:54:49  INFO        ▶ phase2 | pascal_voc | blip | superpixel_slic g=200 dr_iters=5 dr_ratio=0.3
2026-04-27 13:54:49  ERROR       ✗ phase2 | pascal_voc | blip | superpixel_slic g=200 dr_iters=5 dr_ratio=0.3  exit=2  (0.1s)
2026-04-27 13:54:49  DEBUG     CMD  set_slot 0 /home/ge.polymtl.ca/pahoa/random_stuff/poly_ai_project_pnp-ovss/.venv/bin/python /home/ge.polymtl.ca/pahoa/random_stuff/poly_ai_project_pnp-ovss/run_experiment.py --dataset pascal_voc --model blip --spatial_type superpixel_slic --granularity 200 --dropout_iters 5 --dropout_ratio 0.5
2026-04-27 13:54:49  INFO        ▶ phase2 | pascal_voc | blip | superpixel_slic g=200 dr_iters=5 dr_ratio=0.5
2026-04-27 13:54:49  ERROR       ✗ phase2 | pascal_voc | blip | superpixel_slic g=200 dr_iters=5 dr_ratio=0.5  exit=2  (0.1s)
2026-04-27 13:54:49  DEBUG     CMD  set_slot 0 /home/ge.polymtl.ca/pahoa/random_stuff/poly_ai_project_pnp-ovss/.venv/bin/python /home/ge.polymtl.ca/pahoa/random_stuff/poly_ai_project_pnp-ovss/run_experiment.py --dataset pascal_voc --model blip --spatial_type superpixel_slic --granularity 200 --dropout_iters 7 --dropout_ratio 0.1
2026-04-27 13:54:49  INFO        ▶ phase2 | pascal_voc | blip | superpixel_slic g=200 dr_iters=7 dr_ratio=0.1
2026-04-27 13:54:49  ERROR       ✗ phase2 | pascal_voc | blip | superpixel_slic g=200 dr_iters=7 dr_ratio=0.1  exit=2  (0.1s)
2026-04-27 13:54:49  DEBUG     CMD  set_slot 0 /home/ge.polymtl.ca/pahoa/random_stuff/poly_ai_project_pnp-ovss/.venv/bin/python /home/ge.polymtl.ca/pahoa/random_stuff/poly_ai_project_pnp-ovss/run_experiment.py --dataset pascal_voc --model blip --spatial_type superpixel_slic --granularity 200 --dropout_iters 7 --dropout_ratio 0.3
2026-04-27 13:54:49  INFO        ▶ phase2 | pascal_voc | blip | superpixel_slic g=200 dr_iters=7 dr_ratio=0.3
2026-04-27 13:54:49  ERROR       ✗ phase2 | pascal_voc | blip | superpixel_slic g=200 dr_iters=7 dr_ratio=0.3  exit=2  (0.1s)
2026-04-27 13:54:49  DEBUG     CMD  set_slot 0 /home/ge.polymtl.ca/pahoa/random_stuff/poly_ai_project_pnp-ovss/.venv/bin/python /home/ge.polymtl.ca/pahoa/random_stuff/poly_ai_project_pnp-ovss/run_experiment.py --dataset pascal_voc --model blip --spatial_type superpixel_slic --granularity 200 --dropout_iters 7 --dropout_ratio 0.5
2026-04-27 13:54:49  INFO        ▶ phase2 | pascal_voc | blip | superpixel_slic g=200 dr_iters=7 dr_ratio=0.5
2026-04-27 13:54:49  ERROR       ✗ phase2 | pascal_voc | blip | superpixel_slic g=200 dr_iters=7 dr_ratio=0.5  exit=2  (0.1s)
2026-04-27 13:54:49  DEBUG     CMD  set_slot 0 /home/ge.polymtl.ca/pahoa/random_stuff/poly_ai_project_pnp-ovss/.venv/bin/python /home/ge.polymtl.ca/pahoa/random_stuff/poly_ai_project_pnp-ovss/run_experiment.py --dataset pascal_voc --model blip --spatial_type superpixel_slic --granularity 300 --dropout_iters 3 --dropout_ratio 0.1
2026-04-27 13:54:49  INFO        ▶ phase2 | pascal_voc | blip | superpixel_slic g=300 dr_iters=3 dr_ratio=0.1
2026-04-27 13:54:49  ERROR       ✗ phase2 | pascal_voc | blip | superpixel_slic g=300 dr_iters=3 dr_ratio=0.1  exit=2  (0.1s)
2026-04-27 13:54:49  DEBUG     CMD  set_slot 0 /home/ge.polymtl.ca/pahoa/random_stuff/poly_ai_project_pnp-ovss/.venv/bin/python /home/ge.polymtl.ca/pahoa/random_stuff/poly_ai_project_pnp-ovss/run_experiment.py --dataset pascal_voc --model blip --spatial_type superpixel_slic --granularity 300 --dropout_iters 3 --dropout_ratio 0.3
2026-04-27 13:54:49  INFO        ▶ phase2 | pascal_voc | blip | superpixel_slic g=300 dr_iters=3 dr_ratio=0.3
2026-04-27 13:54:50  ERROR       ✗ phase2 | pascal_voc | blip | superpixel_slic g=300 dr_iters=3 dr_ratio=0.3  exit=2  (0.1s)
2026-04-27 13:54:50  DEBUG     CMD  set_slot 0 /home/ge.polymtl.ca/pahoa/random_stuff/poly_ai_project_pnp-ovss/.venv/bin/python /home/ge.polymtl.ca/pahoa/random_stuff/poly_ai_project_pnp-ovss/run_experiment.py --dataset pascal_voc --model blip --spatial_type superpixel_slic --granularity 300 --dropout_iters 3 --dropout_ratio 0.5
2026-04-27 13:54:50  INFO        ▶ phase2 | pascal_voc | blip | superpixel_slic g=300 dr_iters=3 dr_ratio=0.5
2026-04-27 13:54:50  ERROR       ✗ phase2 | pascal_voc | blip | superpixel_slic g=300 dr_iters=3 dr_ratio=0.5  exit=2  (0.1s)
2026-04-27 13:54:50  DEBUG     CMD  set_slot 0 /home/ge.polymtl.ca/pahoa/random_stuff/poly_ai_project_pnp-ovss/.venv/bin/python /home/ge.polymtl.ca/pahoa/random_stuff/poly_ai_project_pnp-ovss/run_experiment.py --dataset pascal_voc --model blip --spatial_type superpixel_slic --granularity 300 --dropout_iters 5 --dropout_ratio 0.1
2026-04-27 13:54:50  INFO        ▶ phase2 | pascal_voc | blip | superpixel_slic g=300 dr_iters=5 dr_ratio=0.1
2026-04-27 13:54:50  ERROR       ✗ phase2 | pascal_voc | blip | superpixel_slic g=300 dr_iters=5 dr_ratio=0.1  exit=2  (0.1s)
2026-04-27 13:54:50  DEBUG     CMD  set_slot 0 /home/ge.polymtl.ca/pahoa/random_stuff/poly_ai_project_pnp-ovss/.venv/bin/python /home/ge.polymtl.ca/pahoa/random_stuff/poly_ai_project_pnp-ovss/run_experiment.py --dataset pascal_voc --model blip --spatial_type superpixel_slic --granularity 300 --dropout_iters 5 --dropout_ratio 0.3
2026-04-27 13:54:50  INFO        ▶ phase2 | pascal_voc | blip | superpixel_slic g=300 dr_iters=5 dr_ratio=0.3
2026-04-27 13:54:50  ERROR       ✗ phase2 | pascal_voc | blip | superpixel_slic g=300 dr_iters=5 dr_ratio=0.3  exit=2  (0.1s)
2026-04-27 13:54:50  DEBUG     CMD  set_slot 0 /home/ge.polymtl.ca/pahoa/random_stuff/poly_ai_project_pnp-ovss/.venv/bin/python /home/ge.polymtl.ca/pahoa/random_stuff/poly_ai_project_pnp-ovss/run_experiment.py --dataset pascal_voc --model blip --spatial_type superpixel_slic --granularity 300 --dropout_iters 5 --dropout_ratio 0.5
2026-04-27 13:54:50  INFO        ▶ phase2 | pascal_voc | blip | superpixel_slic g=300 dr_iters=5 dr_ratio=0.5
2026-04-27 13:54:50  ERROR       ✗ phase2 | pascal_voc | blip | superpixel_slic g=300 dr_iters=5 dr_ratio=0.5  exit=2  (0.1s)
2026-04-27 13:54:50  DEBUG     CMD  set_slot 0 /home/ge.polymtl.ca/pahoa/random_stuff/poly_ai_project_pnp-ovss/.venv/bin/python /home/ge.polymtl.ca/pahoa/random_stuff/poly_ai_project_pnp-ovss/run_experiment.py --dataset pascal_voc --model blip --spatial_type superpixel_slic --granularity 300 --dropout_iters 7 --dropout_ratio 0.1
2026-04-27 13:54:50  INFO        ▶ phase2 | pascal_voc | blip | superpixel_slic g=300 dr_iters=7 dr_ratio=0.1
2026-04-27 13:54:50  ERROR       ✗ phase2 | pascal_voc | blip | superpixel_slic g=300 dr_iters=7 dr_ratio=0.1  exit=2  (0.1s)
2026-04-27 13:54:50  DEBUG     CMD  set_slot 0 /home/ge.polymtl.ca/pahoa/random_stuff/poly_ai_project_pnp-ovss/.venv/bin/python /home/ge.polymtl.ca/pahoa/random_stuff/poly_ai_project_pnp-ovss/run_experiment.py --dataset pascal_voc --model blip --spatial_type superpixel_slic --granularity 300 --dropout_iters 7 --dropout_ratio 0.3
2026-04-27 13:54:50  INFO        ▶ phase2 | pascal_voc | blip | superpixel_slic g=300 dr_iters=7 dr_ratio=0.3
2026-04-27 13:54:50  ERROR       ✗ phase2 | pascal_voc | blip | superpixel_slic g=300 dr_iters=7 dr_ratio=0.3  exit=2  (0.1s)
2026-04-27 13:54:50  DEBUG     CMD  set_slot 0 /home/ge.polymtl.ca/pahoa/random_stuff/poly_ai_project_pnp-ovss/.venv/bin/python /home/ge.polymtl.ca/pahoa/random_stuff/poly_ai_project_pnp-ovss/run_experiment.py --dataset pascal_voc --model blip --spatial_type superpixel_slic --granularity 300 --dropout_iters 7 --dropout_ratio 0.5
2026-04-27 13:54:50  INFO        ▶ phase2 | pascal_voc | blip | superpixel_slic g=300 dr_iters=7 dr_ratio=0.5
2026-04-27 13:54:50  ERROR       ✗ phase2 | pascal_voc | blip | superpixel_slic g=300 dr_iters=7 dr_ratio=0.5  exit=2  (0.1s)
2026-04-27 13:54:50  INFO        Phase 2 done  ok=0  fail=45
2026-04-27 13:54:50  INFO        ── Phase 3 ──
2026-04-27 13:54:50  DEBUG     CMD  set_slot 0 /home/ge.polymtl.ca/pahoa/random_stuff/poly_ai_project_pnp-ovss/.venv/bin/python /home/ge.polymtl.ca/pahoa/random_stuff/poly_ai_project_pnp-ovss/run_experiment.py --dataset pascal_voc --model blip --tuning_metric zero_shot_heuristic
2026-04-27 13:54:50  INFO        ▶ phase3 | pascal_voc | blip | metric=zero_shot_heuristic
2026-04-27 13:54:50  ERROR       ✗ phase3 | pascal_voc | blip | metric=zero_shot_heuristic  exit=2  (0.1s)
2026-04-27 13:54:50  DEBUG     CMD  set_slot 0 /home/ge.polymtl.ca/pahoa/random_stuff/poly_ai_project_pnp-ovss/.venv/bin/python /home/ge.polymtl.ca/pahoa/random_stuff/poly_ai_project_pnp-ovss/run_experiment.py --dataset pascal_voc --model blip --tuning_metric supervised_mdice
2026-04-27 13:54:50  INFO        ▶ phase3 | pascal_voc | blip | metric=supervised_mdice
2026-04-27 13:54:50  ERROR       ✗ phase3 | pascal_voc | blip | metric=supervised_mdice  exit=2  (0.1s)
2026-04-27 13:54:50  INFO        Phase 3 done  ok=0  fail=2
2026-04-27 13:54:50  INFO        ── Phase 4 ──
2026-04-27 13:54:50  DEBUG     CMD  set_slot 0 /home/ge.polymtl.ca/pahoa/random_stuff/poly_ai_project_pnp-ovss/.venv/bin/python /home/ge.polymtl.ca/pahoa/random_stuff/poly_ai_project_pnp-ovss/run_experiment.py --run_final_eval True --dataset pascal_voc --model blip
2026-04-27 13:54:50  INFO        ▶ phase4 | pascal_voc | blip
2026-04-27 13:54:50  ERROR       ✗ phase4 | pascal_voc | blip  exit=2  (0.1s)
2026-04-27 13:54:50  INFO        Phase 4 done  ok=0  fail=1
2026-04-27 13:54:50  INFO      ━━━━━━━━━━━━━━━━━━━━━━━━━━━━━━━━━━━━━━━━━━━━━━━━━━━━━━━━━━━━━━━━━━━━━━━━
2026-04-27 13:54:50  INFO        PAIR  dataset=pascal_voc       model=bridgetower
2026-04-27 13:54:50  INFO      ━━━━━━━━━━━━━━━━━━━━━━━━━━━━━━━━━━━━━━━━━━━━━━━━━━━━━━━━━━━━━━━━━━━━━━━━
2026-04-27 13:54:50  INFO        ── Phase 1 ──
2026-04-27 13:54:50  DEBUG     CMD  set_slot 0 /home/ge.polymtl.ca/pahoa/random_stuff/poly_ai_project_pnp-ovss/.venv/bin/python /home/ge.polymtl.ca/pahoa/random_stuff/poly_ai_project_pnp-ovss/run_experiment.py --dataset pascal_voc --model bridgetower --spatial_type grid --tuning_metric zero_shot_heuristic
2026-04-27 13:54:50  INFO        ▶ phase1 | pascal_voc | bridgetower
2026-04-27 13:54:51  ERROR       ✗ phase1 | pascal_voc | bridgetower  exit=2  (0.1s)
2026-04-27 13:54:51  INFO        Phase 1 done  ok=0  fail=1
2026-04-27 13:54:51  INFO        ── Phase 2 ──
2026-04-27 13:54:51  DEBUG     CMD  set_slot 0 /home/ge.polymtl.ca/pahoa/random_stuff/poly_ai_project_pnp-ovss/.venv/bin/python /home/ge.polymtl.ca/pahoa/random_stuff/poly_ai_project_pnp-ovss/run_experiment.py --dataset pascal_voc --model bridgetower --spatial_type grid --granularity 16 --dropout_iters 3 --dropout_ratio 0.1
2026-04-27 13:54:51  INFO        ▶ phase2 | pascal_voc | bridgetower | grid g=16 dr_iters=3 dr_ratio=0.1
2026-04-27 13:54:51  ERROR       ✗ phase2 | pascal_voc | bridgetower | grid g=16 dr_iters=3 dr_ratio=0.1  exit=2  (0.1s)
2026-04-27 13:54:51  DEBUG     CMD  set_slot 0 /home/ge.polymtl.ca/pahoa/random_stuff/poly_ai_project_pnp-ovss/.venv/bin/python /home/ge.polymtl.ca/pahoa/random_stuff/poly_ai_project_pnp-ovss/run_experiment.py --dataset pascal_voc --model bridgetower --spatial_type grid --granularity 16 --dropout_iters 3 --dropout_ratio 0.3
2026-04-27 13:54:51  INFO        ▶ phase2 | pascal_voc | bridgetower | grid g=16 dr_iters=3 dr_ratio=0.3
2026-04-27 13:54:51  ERROR       ✗ phase2 | pascal_voc | bridgetower | grid g=16 dr_iters=3 dr_ratio=0.3  exit=2  (0.1s)
2026-04-27 13:54:51  DEBUG     CMD  set_slot 0 /home/ge.polymtl.ca/pahoa/random_stuff/poly_ai_project_pnp-ovss/.venv/bin/python /home/ge.polymtl.ca/pahoa/random_stuff/poly_ai_project_pnp-ovss/run_experiment.py --dataset pascal_voc --model bridgetower --spatial_type grid --granularity 16 --dropout_iters 3 --dropout_ratio 0.5
2026-04-27 13:54:51  INFO        ▶ phase2 | pascal_voc | bridgetower | grid g=16 dr_iters=3 dr_ratio=0.5
2026-04-27 13:54:51  ERROR       ✗ phase2 | pascal_voc | bridgetower | grid g=16 dr_iters=3 dr_ratio=0.5  exit=2  (0.1s)
2026-04-27 13:54:51  DEBUG     CMD  set_slot 0 /home/ge.polymtl.ca/pahoa/random_stuff/poly_ai_project_pnp-ovss/.venv/bin/python /home/ge.polymtl.ca/pahoa/random_stuff/poly_ai_project_pnp-ovss/run_experiment.py --dataset pascal_voc --model bridgetower --spatial_type grid --granularity 16 --dropout_iters 5 --dropout_ratio 0.1
2026-04-27 13:54:51  INFO        ▶ phase2 | pascal_voc | bridgetower | grid g=16 dr_iters=5 dr_ratio=0.1
2026-04-27 13:54:51  ERROR       ✗ phase2 | pascal_voc | bridgetower | grid g=16 dr_iters=5 dr_ratio=0.1  exit=2  (0.1s)
2026-04-27 13:54:51  DEBUG     CMD  set_slot 0 /home/ge.polymtl.ca/pahoa/random_stuff/poly_ai_project_pnp-ovss/.venv/bin/python /home/ge.polymtl.ca/pahoa/random_stuff/poly_ai_project_pnp-ovss/run_experiment.py --dataset pascal_voc --model bridgetower --spatial_type grid --granularity 16 --dropout_iters 5 --dropout_ratio 0.3
2026-04-27 13:54:51  INFO        ▶ phase2 | pascal_voc | bridgetower | grid g=16 dr_iters=5 dr_ratio=0.3
2026-04-27 13:54:51  ERROR       ✗ phase2 | pascal_voc | bridgetower | grid g=16 dr_iters=5 dr_ratio=0.3  exit=2  (0.1s)
2026-04-27 13:54:51  DEBUG     CMD  set_slot 0 /home/ge.polymtl.ca/pahoa/random_stuff/poly_ai_project_pnp-ovss/.venv/bin/python /home/ge.polymtl.ca/pahoa/random_stuff/poly_ai_project_pnp-ovss/run_experiment.py --dataset pascal_voc --model bridgetower --spatial_type grid --granularity 16 --dropout_iters 5 --dropout_ratio 0.5
2026-04-27 13:54:51  INFO        ▶ phase2 | pascal_voc | bridgetower | grid g=16 dr_iters=5 dr_ratio=0.5
2026-04-27 13:54:51  ERROR       ✗ phase2 | pascal_voc | bridgetower | grid g=16 dr_iters=5 dr_ratio=0.5  exit=2  (0.1s)
2026-04-27 13:54:51  DEBUG     CMD  set_slot 0 /home/ge.polymtl.ca/pahoa/random_stuff/poly_ai_project_pnp-ovss/.venv/bin/python /home/ge.polymtl.ca/pahoa/random_stuff/poly_ai_project_pnp-ovss/run_experiment.py --dataset pascal_voc --model bridgetower --spatial_type grid --granularity 16 --dropout_iters 7 --dropout_ratio 0.1
2026-04-27 13:54:51  INFO        ▶ phase2 | pascal_voc | bridgetower | grid g=16 dr_iters=7 dr_ratio=0.1
2026-04-27 13:54:51  ERROR       ✗ phase2 | pascal_voc | bridgetower | grid g=16 dr_iters=7 dr_ratio=0.1  exit=2  (0.1s)
2026-04-27 13:54:51  DEBUG     CMD  set_slot 0 /home/ge.polymtl.ca/pahoa/random_stuff/poly_ai_project_pnp-ovss/.venv/bin/python /home/ge.polymtl.ca/pahoa/random_stuff/poly_ai_project_pnp-ovss/run_experiment.py --dataset pascal_voc --model bridgetower --spatial_type grid --granularity 16 --dropout_iters 7 --dropout_ratio 0.3
2026-04-27 13:54:51  INFO        ▶ phase2 | pascal_voc | bridgetower | grid g=16 dr_iters=7 dr_ratio=0.3
2026-04-27 13:54:51  ERROR       ✗ phase2 | pascal_voc | bridgetower | grid g=16 dr_iters=7 dr_ratio=0.3  exit=2  (0.1s)
2026-04-27 13:54:51  DEBUG     CMD  set_slot 0 /home/ge.polymtl.ca/pahoa/random_stuff/poly_ai_project_pnp-ovss/.venv/bin/python /home/ge.polymtl.ca/pahoa/random_stuff/poly_ai_project_pnp-ovss/run_experiment.py --dataset pascal_voc --model bridgetower --spatial_type grid --granularity 16 --dropout_iters 7 --dropout_ratio 0.5
2026-04-27 13:54:51  INFO        ▶ phase2 | pascal_voc | bridgetower | grid g=16 dr_iters=7 dr_ratio=0.5
2026-04-27 13:54:52  ERROR       ✗ phase2 | pascal_voc | bridgetower | grid g=16 dr_iters=7 dr_ratio=0.5  exit=2  (0.1s)
2026-04-27 13:54:52  DEBUG     CMD  set_slot 0 /home/ge.polymtl.ca/pahoa/random_stuff/poly_ai_project_pnp-ovss/.venv/bin/python /home/ge.polymtl.ca/pahoa/random_stuff/poly_ai_project_pnp-ovss/run_experiment.py --dataset pascal_voc --model bridgetower --spatial_type grid --granularity 32 --dropout_iters 3 --dropout_ratio 0.1
2026-04-27 13:54:52  INFO        ▶ phase2 | pascal_voc | bridgetower | grid g=32 dr_iters=3 dr_ratio=0.1
2026-04-27 13:54:52  ERROR       ✗ phase2 | pascal_voc | bridgetower | grid g=32 dr_iters=3 dr_ratio=0.1  exit=2  (0.1s)
2026-04-27 13:54:52  DEBUG     CMD  set_slot 0 /home/ge.polymtl.ca/pahoa/random_stuff/poly_ai_project_pnp-ovss/.venv/bin/python /home/ge.polymtl.ca/pahoa/random_stuff/poly_ai_project_pnp-ovss/run_experiment.py --dataset pascal_voc --model bridgetower --spatial_type grid --granularity 32 --dropout_iters 3 --dropout_ratio 0.3
2026-04-27 13:54:52  INFO        ▶ phase2 | pascal_voc | bridgetower | grid g=32 dr_iters=3 dr_ratio=0.3
2026-04-27 13:54:52  ERROR       ✗ phase2 | pascal_voc | bridgetower | grid g=32 dr_iters=3 dr_ratio=0.3  exit=2  (0.1s)
2026-04-27 13:54:52  DEBUG     CMD  set_slot 0 /home/ge.polymtl.ca/pahoa/random_stuff/poly_ai_project_pnp-ovss/.venv/bin/python /home/ge.polymtl.ca/pahoa/random_stuff/poly_ai_project_pnp-ovss/run_experiment.py --dataset pascal_voc --model bridgetower --spatial_type grid --granularity 32 --dropout_iters 3 --dropout_ratio 0.5
2026-04-27 13:54:52  INFO        ▶ phase2 | pascal_voc | bridgetower | grid g=32 dr_iters=3 dr_ratio=0.5
2026-04-27 13:54:52  ERROR       ✗ phase2 | pascal_voc | bridgetower | grid g=32 dr_iters=3 dr_ratio=0.5  exit=2  (0.1s)
2026-04-27 13:54:52  DEBUG     CMD  set_slot 0 /home/ge.polymtl.ca/pahoa/random_stuff/poly_ai_project_pnp-ovss/.venv/bin/python /home/ge.polymtl.ca/pahoa/random_stuff/poly_ai_project_pnp-ovss/run_experiment.py --dataset pascal_voc --model bridgetower --spatial_type grid --granularity 32 --dropout_iters 5 --dropout_ratio 0.1
2026-04-27 13:54:52  INFO        ▶ phase2 | pascal_voc | bridgetower | grid g=32 dr_iters=5 dr_ratio=0.1
2026-04-27 13:54:52  ERROR       ✗ phase2 | pascal_voc | bridgetower | grid g=32 dr_iters=5 dr_ratio=0.1  exit=2  (0.1s)
2026-04-27 13:54:52  DEBUG     CMD  set_slot 0 /home/ge.polymtl.ca/pahoa/random_stuff/poly_ai_project_pnp-ovss/.venv/bin/python /home/ge.polymtl.ca/pahoa/random_stuff/poly_ai_project_pnp-ovss/run_experiment.py --dataset pascal_voc --model bridgetower --spatial_type grid --granularity 32 --dropout_iters 5 --dropout_ratio 0.3
2026-04-27 13:54:52  INFO        ▶ phase2 | pascal_voc | bridgetower | grid g=32 dr_iters=5 dr_ratio=0.3
2026-04-27 13:54:52  ERROR       ✗ phase2 | pascal_voc | bridgetower | grid g=32 dr_iters=5 dr_ratio=0.3  exit=2  (0.1s)
2026-04-27 13:54:52  DEBUG     CMD  set_slot 0 /home/ge.polymtl.ca/pahoa/random_stuff/poly_ai_project_pnp-ovss/.venv/bin/python /home/ge.polymtl.ca/pahoa/random_stuff/poly_ai_project_pnp-ovss/run_experiment.py --dataset pascal_voc --model bridgetower --spatial_type grid --granularity 32 --dropout_iters 5 --dropout_ratio 0.5
2026-04-27 13:54:52  INFO        ▶ phase2 | pascal_voc | bridgetower | grid g=32 dr_iters=5 dr_ratio=0.5
2026-04-27 13:54:52  ERROR       ✗ phase2 | pascal_voc | bridgetower | grid g=32 dr_iters=5 dr_ratio=0.5  exit=2  (0.1s)
2026-04-27 13:54:52  DEBUG     CMD  set_slot 0 /home/ge.polymtl.ca/pahoa/random_stuff/poly_ai_project_pnp-ovss/.venv/bin/python /home/ge.polymtl.ca/pahoa/random_stuff/poly_ai_project_pnp-ovss/run_experiment.py --dataset pascal_voc --model bridgetower --spatial_type grid --granularity 32 --dropout_iters 7 --dropout_ratio 0.1
2026-04-27 13:54:52  INFO        ▶ phase2 | pascal_voc | bridgetower | grid g=32 dr_iters=7 dr_ratio=0.1
2026-04-27 13:54:52  ERROR       ✗ phase2 | pascal_voc | bridgetower | grid g=32 dr_iters=7 dr_ratio=0.1  exit=2  (0.1s)
2026-04-27 13:54:52  DEBUG     CMD  set_slot 0 /home/ge.polymtl.ca/pahoa/random_stuff/poly_ai_project_pnp-ovss/.venv/bin/python /home/ge.polymtl.ca/pahoa/random_stuff/poly_ai_project_pnp-ovss/run_experiment.py --dataset pascal_voc --model bridgetower --spatial_type grid --granularity 32 --dropout_iters 7 --dropout_ratio 0.3
2026-04-27 13:54:52  INFO        ▶ phase2 | pascal_voc | bridgetower | grid g=32 dr_iters=7 dr_ratio=0.3
2026-04-27 13:54:52  ERROR       ✗ phase2 | pascal_voc | bridgetower | grid g=32 dr_iters=7 dr_ratio=0.3  exit=2  (0.1s)
2026-04-27 13:54:52  DEBUG     CMD  set_slot 0 /home/ge.polymtl.ca/pahoa/random_stuff/poly_ai_project_pnp-ovss/.venv/bin/python /home/ge.polymtl.ca/pahoa/random_stuff/poly_ai_project_pnp-ovss/run_experiment.py --dataset pascal_voc --model bridgetower --spatial_type grid --granularity 32 --dropout_iters 7 --dropout_ratio 0.5
2026-04-27 13:54:52  INFO        ▶ phase2 | pascal_voc | bridgetower | grid g=32 dr_iters=7 dr_ratio=0.5
2026-04-27 13:54:52  ERROR       ✗ phase2 | pascal_voc | bridgetower | grid g=32 dr_iters=7 dr_ratio=0.5  exit=2  (0.1s)
2026-04-27 13:54:52  DEBUG     CMD  set_slot 0 /home/ge.polymtl.ca/pahoa/random_stuff/poly_ai_project_pnp-ovss/.venv/bin/python /home/ge.polymtl.ca/pahoa/random_stuff/poly_ai_project_pnp-ovss/run_experiment.py --dataset pascal_voc --model bridgetower --spatial_type superpixel_slic --granularity 100 --dropout_iters 3 --dropout_ratio 0.1
2026-04-27 13:54:52  INFO        ▶ phase2 | pascal_voc | bridgetower | superpixel_slic g=100 dr_iters=3 dr_ratio=0.1
2026-04-27 13:54:53  ERROR       ✗ phase2 | pascal_voc | bridgetower | superpixel_slic g=100 dr_iters=3 dr_ratio=0.1  exit=2  (0.1s)
2026-04-27 13:54:53  DEBUG     CMD  set_slot 0 /home/ge.polymtl.ca/pahoa/random_stuff/poly_ai_project_pnp-ovss/.venv/bin/python /home/ge.polymtl.ca/pahoa/random_stuff/poly_ai_project_pnp-ovss/run_experiment.py --dataset pascal_voc --model bridgetower --spatial_type superpixel_slic --granularity 100 --dropout_iters 3 --dropout_ratio 0.3
2026-04-27 13:54:53  INFO        ▶ phase2 | pascal_voc | bridgetower | superpixel_slic g=100 dr_iters=3 dr_ratio=0.3
2026-04-27 13:54:53  ERROR       ✗ phase2 | pascal_voc | bridgetower | superpixel_slic g=100 dr_iters=3 dr_ratio=0.3  exit=2  (0.1s)
2026-04-27 13:54:53  DEBUG     CMD  set_slot 0 /home/ge.polymtl.ca/pahoa/random_stuff/poly_ai_project_pnp-ovss/.venv/bin/python /home/ge.polymtl.ca/pahoa/random_stuff/poly_ai_project_pnp-ovss/run_experiment.py --dataset pascal_voc --model bridgetower --spatial_type superpixel_slic --granularity 100 --dropout_iters 3 --dropout_ratio 0.5
2026-04-27 13:54:53  INFO        ▶ phase2 | pascal_voc | bridgetower | superpixel_slic g=100 dr_iters=3 dr_ratio=0.5
2026-04-27 13:54:53  ERROR       ✗ phase2 | pascal_voc | bridgetower | superpixel_slic g=100 dr_iters=3 dr_ratio=0.5  exit=2  (0.1s)
2026-04-27 13:54:53  DEBUG     CMD  set_slot 0 /home/ge.polymtl.ca/pahoa/random_stuff/poly_ai_project_pnp-ovss/.venv/bin/python /home/ge.polymtl.ca/pahoa/random_stuff/poly_ai_project_pnp-ovss/run_experiment.py --dataset pascal_voc --model bridgetower --spatial_type superpixel_slic --granularity 100 --dropout_iters 5 --dropout_ratio 0.1
2026-04-27 13:54:53  INFO        ▶ phase2 | pascal_voc | bridgetower | superpixel_slic g=100 dr_iters=5 dr_ratio=0.1
2026-04-27 13:54:53  ERROR       ✗ phase2 | pascal_voc | bridgetower | superpixel_slic g=100 dr_iters=5 dr_ratio=0.1  exit=2  (0.1s)
2026-04-27 13:54:53  DEBUG     CMD  set_slot 0 /home/ge.polymtl.ca/pahoa/random_stuff/poly_ai_project_pnp-ovss/.venv/bin/python /home/ge.polymtl.ca/pahoa/random_stuff/poly_ai_project_pnp-ovss/run_experiment.py --dataset pascal_voc --model bridgetower --spatial_type superpixel_slic --granularity 100 --dropout_iters 5 --dropout_ratio 0.3
2026-04-27 13:54:53  INFO        ▶ phase2 | pascal_voc | bridgetower | superpixel_slic g=100 dr_iters=5 dr_ratio=0.3
2026-04-27 13:54:53  ERROR       ✗ phase2 | pascal_voc | bridgetower | superpixel_slic g=100 dr_iters=5 dr_ratio=0.3  exit=2  (0.1s)
2026-04-27 13:54:53  DEBUG     CMD  set_slot 0 /home/ge.polymtl.ca/pahoa/random_stuff/poly_ai_project_pnp-ovss/.venv/bin/python /home/ge.polymtl.ca/pahoa/random_stuff/poly_ai_project_pnp-ovss/run_experiment.py --dataset pascal_voc --model bridgetower --spatial_type superpixel_slic --granularity 100 --dropout_iters 5 --dropout_ratio 0.5
2026-04-27 13:54:53  INFO        ▶ phase2 | pascal_voc | bridgetower | superpixel_slic g=100 dr_iters=5 dr_ratio=0.5
2026-04-27 13:54:53  ERROR       ✗ phase2 | pascal_voc | bridgetower | superpixel_slic g=100 dr_iters=5 dr_ratio=0.5  exit=2  (0.1s)
2026-04-27 13:54:53  DEBUG     CMD  set_slot 0 /home/ge.polymtl.ca/pahoa/random_stuff/poly_ai_project_pnp-ovss/.venv/bin/python /home/ge.polymtl.ca/pahoa/random_stuff/poly_ai_project_pnp-ovss/run_experiment.py --dataset pascal_voc --model bridgetower --spatial_type superpixel_slic --granularity 100 --dropout_iters 7 --dropout_ratio 0.1
2026-04-27 13:54:53  INFO        ▶ phase2 | pascal_voc | bridgetower | superpixel_slic g=100 dr_iters=7 dr_ratio=0.1
2026-04-27 13:54:53  ERROR       ✗ phase2 | pascal_voc | bridgetower | superpixel_slic g=100 dr_iters=7 dr_ratio=0.1  exit=2  (0.1s)
2026-04-27 13:54:53  DEBUG     CMD  set_slot 0 /home/ge.polymtl.ca/pahoa/random_stuff/poly_ai_project_pnp-ovss/.venv/bin/python /home/ge.polymtl.ca/pahoa/random_stuff/poly_ai_project_pnp-ovss/run_experiment.py --dataset pascal_voc --model bridgetower --spatial_type superpixel_slic --granularity 100 --dropout_iters 7 --dropout_ratio 0.3
2026-04-27 13:54:53  INFO        ▶ phase2 | pascal_voc | bridgetower | superpixel_slic g=100 dr_iters=7 dr_ratio=0.3
2026-04-27 13:54:53  ERROR       ✗ phase2 | pascal_voc | bridgetower | superpixel_slic g=100 dr_iters=7 dr_ratio=0.3  exit=2  (0.1s)
2026-04-27 13:54:53  DEBUG     CMD  set_slot 0 /home/ge.polymtl.ca/pahoa/random_stuff/poly_ai_project_pnp-ovss/.venv/bin/python /home/ge.polymtl.ca/pahoa/random_stuff/poly_ai_project_pnp-ovss/run_experiment.py --dataset pascal_voc --model bridgetower --spatial_type superpixel_slic --granularity 100 --dropout_iters 7 --dropout_ratio 0.5
2026-04-27 13:54:53  INFO        ▶ phase2 | pascal_voc | bridgetower | superpixel_slic g=100 dr_iters=7 dr_ratio=0.5
2026-04-27 13:54:53  ERROR       ✗ phase2 | pascal_voc | bridgetower | superpixel_slic g=100 dr_iters=7 dr_ratio=0.5  exit=2  (0.1s)
2026-04-27 13:54:53  DEBUG     CMD  set_slot 0 /home/ge.polymtl.ca/pahoa/random_stuff/poly_ai_project_pnp-ovss/.venv/bin/python /home/ge.polymtl.ca/pahoa/random_stuff/poly_ai_project_pnp-ovss/run_experiment.py --dataset pascal_voc --model bridgetower --spatial_type superpixel_slic --granularity 200 --dropout_iters 3 --dropout_ratio 0.1
2026-04-27 13:54:53  INFO        ▶ phase2 | pascal_voc | bridgetower | superpixel_slic g=200 dr_iters=3 dr_ratio=0.1
2026-04-27 13:54:53  ERROR       ✗ phase2 | pascal_voc | bridgetower | superpixel_slic g=200 dr_iters=3 dr_ratio=0.1  exit=2  (0.1s)
2026-04-27 13:54:53  DEBUG     CMD  set_slot 0 /home/ge.polymtl.ca/pahoa/random_stuff/poly_ai_project_pnp-ovss/.venv/bin/python /home/ge.polymtl.ca/pahoa/random_stuff/poly_ai_project_pnp-ovss/run_experiment.py --dataset pascal_voc --model bridgetower --spatial_type superpixel_slic --granularity 200 --dropout_iters 3 --dropout_ratio 0.3
2026-04-27 13:54:53  INFO        ▶ phase2 | pascal_voc | bridgetower | superpixel_slic g=200 dr_iters=3 dr_ratio=0.3
2026-04-27 13:54:54  ERROR       ✗ phase2 | pascal_voc | bridgetower | superpixel_slic g=200 dr_iters=3 dr_ratio=0.3  exit=2  (0.1s)
2026-04-27 13:54:54  DEBUG     CMD  set_slot 0 /home/ge.polymtl.ca/pahoa/random_stuff/poly_ai_project_pnp-ovss/.venv/bin/python /home/ge.polymtl.ca/pahoa/random_stuff/poly_ai_project_pnp-ovss/run_experiment.py --dataset pascal_voc --model bridgetower --spatial_type superpixel_slic --granularity 200 --dropout_iters 3 --dropout_ratio 0.5
2026-04-27 13:54:54  INFO        ▶ phase2 | pascal_voc | bridgetower | superpixel_slic g=200 dr_iters=3 dr_ratio=0.5
2026-04-27 13:54:54  ERROR       ✗ phase2 | pascal_voc | bridgetower | superpixel_slic g=200 dr_iters=3 dr_ratio=0.5  exit=2  (0.1s)
2026-04-27 13:54:54  DEBUG     CMD  set_slot 0 /home/ge.polymtl.ca/pahoa/random_stuff/poly_ai_project_pnp-ovss/.venv/bin/python /home/ge.polymtl.ca/pahoa/random_stuff/poly_ai_project_pnp-ovss/run_experiment.py --dataset pascal_voc --model bridgetower --spatial_type superpixel_slic --granularity 200 --dropout_iters 5 --dropout_ratio 0.1
2026-04-27 13:54:54  INFO        ▶ phase2 | pascal_voc | bridgetower | superpixel_slic g=200 dr_iters=5 dr_ratio=0.1
2026-04-27 13:54:54  ERROR       ✗ phase2 | pascal_voc | bridgetower | superpixel_slic g=200 dr_iters=5 dr_ratio=0.1  exit=2  (0.1s)
2026-04-27 13:54:54  DEBUG     CMD  set_slot 0 /home/ge.polymtl.ca/pahoa/random_stuff/poly_ai_project_pnp-ovss/.venv/bin/python /home/ge.polymtl.ca/pahoa/random_stuff/poly_ai_project_pnp-ovss/run_experiment.py --dataset pascal_voc --model bridgetower --spatial_type superpixel_slic --granularity 200 --dropout_iters 5 --dropout_ratio 0.3
2026-04-27 13:54:54  INFO        ▶ phase2 | pascal_voc | bridgetower | superpixel_slic g=200 dr_iters=5 dr_ratio=0.3
2026-04-27 13:54:54  ERROR       ✗ phase2 | pascal_voc | bridgetower | superpixel_slic g=200 dr_iters=5 dr_ratio=0.3  exit=2  (0.1s)
2026-04-27 13:54:54  DEBUG     CMD  set_slot 0 /home/ge.polymtl.ca/pahoa/random_stuff/poly_ai_project_pnp-ovss/.venv/bin/python /home/ge.polymtl.ca/pahoa/random_stuff/poly_ai_project_pnp-ovss/run_experiment.py --dataset pascal_voc --model bridgetower --spatial_type superpixel_slic --granularity 200 --dropout_iters 5 --dropout_ratio 0.5
2026-04-27 13:54:54  INFO        ▶ phase2 | pascal_voc | bridgetower | superpixel_slic g=200 dr_iters=5 dr_ratio=0.5
2026-04-27 13:54:54  ERROR       ✗ phase2 | pascal_voc | bridgetower | superpixel_slic g=200 dr_iters=5 dr_ratio=0.5  exit=2  (0.1s)
2026-04-27 13:54:54  DEBUG     CMD  set_slot 0 /home/ge.polymtl.ca/pahoa/random_stuff/poly_ai_project_pnp-ovss/.venv/bin/python /home/ge.polymtl.ca/pahoa/random_stuff/poly_ai_project_pnp-ovss/run_experiment.py --dataset pascal_voc --model bridgetower --spatial_type superpixel_slic --granularity 200 --dropout_iters 7 --dropout_ratio 0.1
2026-04-27 13:54:54  INFO        ▶ phase2 | pascal_voc | bridgetower | superpixel_slic g=200 dr_iters=7 dr_ratio=0.1
2026-04-27 13:54:54  ERROR       ✗ phase2 | pascal_voc | bridgetower | superpixel_slic g=200 dr_iters=7 dr_ratio=0.1  exit=2  (0.1s)
2026-04-27 13:54:54  DEBUG     CMD  set_slot 0 /home/ge.polymtl.ca/pahoa/random_stuff/poly_ai_project_pnp-ovss/.venv/bin/python /home/ge.polymtl.ca/pahoa/random_stuff/poly_ai_project_pnp-ovss/run_experiment.py --dataset pascal_voc --model bridgetower --spatial_type superpixel_slic --granularity 200 --dropout_iters 7 --dropout_ratio 0.3
2026-04-27 13:54:54  INFO        ▶ phase2 | pascal_voc | bridgetower | superpixel_slic g=200 dr_iters=7 dr_ratio=0.3
2026-04-27 13:54:54  ERROR       ✗ phase2 | pascal_voc | bridgetower | superpixel_slic g=200 dr_iters=7 dr_ratio=0.3  exit=2  (0.1s)
2026-04-27 13:54:54  DEBUG     CMD  set_slot 0 /home/ge.polymtl.ca/pahoa/random_stuff/poly_ai_project_pnp-ovss/.venv/bin/python /home/ge.polymtl.ca/pahoa/random_stuff/poly_ai_project_pnp-ovss/run_experiment.py --dataset pascal_voc --model bridgetower --spatial_type superpixel_slic --granularity 200 --dropout_iters 7 --dropout_ratio 0.5
2026-04-27 13:54:54  INFO        ▶ phase2 | pascal_voc | bridgetower | superpixel_slic g=200 dr_iters=7 dr_ratio=0.5
2026-04-27 13:54:54  ERROR       ✗ phase2 | pascal_voc | bridgetower | superpixel_slic g=200 dr_iters=7 dr_ratio=0.5  exit=2  (0.1s)
2026-04-27 13:54:54  DEBUG     CMD  set_slot 0 /home/ge.polymtl.ca/pahoa/random_stuff/poly_ai_project_pnp-ovss/.venv/bin/python /home/ge.polymtl.ca/pahoa/random_stuff/poly_ai_project_pnp-ovss/run_experiment.py --dataset pascal_voc --model bridgetower --spatial_type superpixel_slic --granularity 300 --dropout_iters 3 --dropout_ratio 0.1
2026-04-27 13:54:54  INFO        ▶ phase2 | pascal_voc | bridgetower | superpixel_slic g=300 dr_iters=3 dr_ratio=0.1
2026-04-27 13:54:54  ERROR       ✗ phase2 | pascal_voc | bridgetower | superpixel_slic g=300 dr_iters=3 dr_ratio=0.1  exit=2  (0.1s)
2026-04-27 13:54:54  DEBUG     CMD  set_slot 0 /home/ge.polymtl.ca/pahoa/random_stuff/poly_ai_project_pnp-ovss/.venv/bin/python /home/ge.polymtl.ca/pahoa/random_stuff/poly_ai_project_pnp-ovss/run_experiment.py --dataset pascal_voc --model bridgetower --spatial_type superpixel_slic --granularity 300 --dropout_iters 3 --dropout_ratio 0.3
2026-04-27 13:54:54  INFO        ▶ phase2 | pascal_voc | bridgetower | superpixel_slic g=300 dr_iters=3 dr_ratio=0.3
2026-04-27 13:54:54  ERROR       ✗ phase2 | pascal_voc | bridgetower | superpixel_slic g=300 dr_iters=3 dr_ratio=0.3  exit=2  (0.1s)
2026-04-27 13:54:54  DEBUG     CMD  set_slot 0 /home/ge.polymtl.ca/pahoa/random_stuff/poly_ai_project_pnp-ovss/.venv/bin/python /home/ge.polymtl.ca/pahoa/random_stuff/poly_ai_project_pnp-ovss/run_experiment.py --dataset pascal_voc --model bridgetower --spatial_type superpixel_slic --granularity 300 --dropout_iters 3 --dropout_ratio 0.5
2026-04-27 13:54:54  INFO        ▶ phase2 | pascal_voc | bridgetower | superpixel_slic g=300 dr_iters=3 dr_ratio=0.5
2026-04-27 13:54:55  ERROR       ✗ phase2 | pascal_voc | bridgetower | superpixel_slic g=300 dr_iters=3 dr_ratio=0.5  exit=2  (0.1s)
2026-04-27 13:54:55  DEBUG     CMD  set_slot 0 /home/ge.polymtl.ca/pahoa/random_stuff/poly_ai_project_pnp-ovss/.venv/bin/python /home/ge.polymtl.ca/pahoa/random_stuff/poly_ai_project_pnp-ovss/run_experiment.py --dataset pascal_voc --model bridgetower --spatial_type superpixel_slic --granularity 300 --dropout_iters 5 --dropout_ratio 0.1
2026-04-27 13:54:55  INFO        ▶ phase2 | pascal_voc | bridgetower | superpixel_slic g=300 dr_iters=5 dr_ratio=0.1
2026-04-27 13:54:55  ERROR       ✗ phase2 | pascal_voc | bridgetower | superpixel_slic g=300 dr_iters=5 dr_ratio=0.1  exit=2  (0.1s)
2026-04-27 13:54:55  DEBUG     CMD  set_slot 0 /home/ge.polymtl.ca/pahoa/random_stuff/poly_ai_project_pnp-ovss/.venv/bin/python /home/ge.polymtl.ca/pahoa/random_stuff/poly_ai_project_pnp-ovss/run_experiment.py --dataset pascal_voc --model bridgetower --spatial_type superpixel_slic --granularity 300 --dropout_iters 5 --dropout_ratio 0.3
2026-04-27 13:54:55  INFO        ▶ phase2 | pascal_voc | bridgetower | superpixel_slic g=300 dr_iters=5 dr_ratio=0.3
2026-04-27 13:54:55  ERROR       ✗ phase2 | pascal_voc | bridgetower | superpixel_slic g=300 dr_iters=5 dr_ratio=0.3  exit=2  (0.1s)
2026-04-27 13:54:55  DEBUG     CMD  set_slot 0 /home/ge.polymtl.ca/pahoa/random_stuff/poly_ai_project_pnp-ovss/.venv/bin/python /home/ge.polymtl.ca/pahoa/random_stuff/poly_ai_project_pnp-ovss/run_experiment.py --dataset pascal_voc --model bridgetower --spatial_type superpixel_slic --granularity 300 --dropout_iters 5 --dropout_ratio 0.5
2026-04-27 13:54:55  INFO        ▶ phase2 | pascal_voc | bridgetower | superpixel_slic g=300 dr_iters=5 dr_ratio=0.5
2026-04-27 13:54:55  ERROR       ✗ phase2 | pascal_voc | bridgetower | superpixel_slic g=300 dr_iters=5 dr_ratio=0.5  exit=2  (0.1s)
2026-04-27 13:54:55  DEBUG     CMD  set_slot 0 /home/ge.polymtl.ca/pahoa/random_stuff/poly_ai_project_pnp-ovss/.venv/bin/python /home/ge.polymtl.ca/pahoa/random_stuff/poly_ai_project_pnp-ovss/run_experiment.py --dataset pascal_voc --model bridgetower --spatial_type superpixel_slic --granularity 300 --dropout_iters 7 --dropout_ratio 0.1
2026-04-27 13:54:55  INFO        ▶ phase2 | pascal_voc | bridgetower | superpixel_slic g=300 dr_iters=7 dr_ratio=0.1
2026-04-27 13:54:55  ERROR       ✗ phase2 | pascal_voc | bridgetower | superpixel_slic g=300 dr_iters=7 dr_ratio=0.1  exit=2  (0.1s)
2026-04-27 13:54:55  DEBUG     CMD  set_slot 0 /home/ge.polymtl.ca/pahoa/random_stuff/poly_ai_project_pnp-ovss/.venv/bin/python /home/ge.polymtl.ca/pahoa/random_stuff/poly_ai_project_pnp-ovss/run_experiment.py --dataset pascal_voc --model bridgetower --spatial_type superpixel_slic --granularity 300 --dropout_iters 7 --dropout_ratio 0.3
2026-04-27 13:54:55  INFO        ▶ phase2 | pascal_voc | bridgetower | superpixel_slic g=300 dr_iters=7 dr_ratio=0.3
2026-04-27 13:54:55  ERROR       ✗ phase2 | pascal_voc | bridgetower | superpixel_slic g=300 dr_iters=7 dr_ratio=0.3  exit=2  (0.1s)
2026-04-27 13:54:55  DEBUG     CMD  set_slot 0 /home/ge.polymtl.ca/pahoa/random_stuff/poly_ai_project_pnp-ovss/.venv/bin/python /home/ge.polymtl.ca/pahoa/random_stuff/poly_ai_project_pnp-ovss/run_experiment.py --dataset pascal_voc --model bridgetower --spatial_type superpixel_slic --granularity 300 --dropout_iters 7 --dropout_ratio 0.5
2026-04-27 13:54:55  INFO        ▶ phase2 | pascal_voc | bridgetower | superpixel_slic g=300 dr_iters=7 dr_ratio=0.5
2026-04-27 13:54:55  ERROR       ✗ phase2 | pascal_voc | bridgetower | superpixel_slic g=300 dr_iters=7 dr_ratio=0.5  exit=2  (0.1s)
2026-04-27 13:54:55  INFO        Phase 2 done  ok=0  fail=45
2026-04-27 13:54:55  INFO        ── Phase 3 ──
2026-04-27 13:54:55  DEBUG     CMD  set_slot 0 /home/ge.polymtl.ca/pahoa/random_stuff/poly_ai_project_pnp-ovss/.venv/bin/python /home/ge.polymtl.ca/pahoa/random_stuff/poly_ai_project_pnp-ovss/run_experiment.py --dataset pascal_voc --model bridgetower --tuning_metric zero_shot_heuristic
2026-04-27 13:54:55  INFO        ▶ phase3 | pascal_voc | bridgetower | metric=zero_shot_heuristic
2026-04-27 13:54:55  ERROR       ✗ phase3 | pascal_voc | bridgetower | metric=zero_shot_heuristic  exit=2  (0.1s)
2026-04-27 13:54:55  DEBUG     CMD  set_slot 0 /home/ge.polymtl.ca/pahoa/random_stuff/poly_ai_project_pnp-ovss/.venv/bin/python /home/ge.polymtl.ca/pahoa/random_stuff/poly_ai_project_pnp-ovss/run_experiment.py --dataset pascal_voc --model bridgetower --tuning_metric supervised_mdice
2026-04-27 13:54:55  INFO        ▶ phase3 | pascal_voc | bridgetower | metric=supervised_mdice
2026-04-27 13:54:55  ERROR       ✗ phase3 | pascal_voc | bridgetower | metric=supervised_mdice  exit=2  (0.1s)
2026-04-27 13:54:55  INFO        Phase 3 done  ok=0  fail=2
2026-04-27 13:54:55  INFO        ── Phase 4 ──
2026-04-27 13:54:55  DEBUG     CMD  set_slot 0 /home/ge.polymtl.ca/pahoa/random_stuff/poly_ai_project_pnp-ovss/.venv/bin/python /home/ge.polymtl.ca/pahoa/random_stuff/poly_ai_project_pnp-ovss/run_experiment.py --run_final_eval True --dataset pascal_voc --model bridgetower
2026-04-27 13:54:55  INFO        ▶ phase4 | pascal_voc | bridgetower
2026-04-27 13:54:55  ERROR       ✗ phase4 | pascal_voc | bridgetower  exit=2  (0.1s)
2026-04-27 13:54:55  INFO        Phase 4 done  ok=0  fail=1
2026-04-27 13:54:55  INFO      ━━━━━━━━━━━━━━━━━━━━━━━━━━━━━━━━━━━━━━━━━━━━━━━━━━━━━━━━━━━━━━━━━━━━━━━━
2026-04-27 13:54:55  INFO        PAIR  dataset=pascal_voc       model=albef
2026-04-27 13:54:55  INFO      ━━━━━━━━━━━━━━━━━━━━━━━━━━━━━━━━━━━━━━━━━━━━━━━━━━━━━━━━━━━━━━━━━━━━━━━━
2026-04-27 13:54:55  INFO        ── Phase 1 ──
2026-04-27 13:54:55  DEBUG     CMD  set_slot 0 /home/ge.polymtl.ca/pahoa/random_stuff/poly_ai_project_pnp-ovss/.venv/bin/python /home/ge.polymtl.ca/pahoa/random_stuff/poly_ai_project_pnp-ovss/run_experiment.py --dataset pascal_voc --model albef --spatial_type grid --tuning_metric zero_shot_heuristic
2026-04-27 13:54:55  INFO        ▶ phase1 | pascal_voc | albef
2026-04-27 13:54:56  ERROR       ✗ phase1 | pascal_voc | albef  exit=2  (0.1s)
2026-04-27 13:54:56  INFO        Phase 1 done  ok=0  fail=1
2026-04-27 13:54:56  INFO        ── Phase 2 ──
2026-04-27 13:54:56  DEBUG     CMD  set_slot 0 /home/ge.polymtl.ca/pahoa/random_stuff/poly_ai_project_pnp-ovss/.venv/bin/python /home/ge.polymtl.ca/pahoa/random_stuff/poly_ai_project_pnp-ovss/run_experiment.py --dataset pascal_voc --model albef --spatial_type grid --granularity 16 --dropout_iters 3 --dropout_ratio 0.1
2026-04-27 13:54:56  INFO        ▶ phase2 | pascal_voc | albef | grid g=16 dr_iters=3 dr_ratio=0.1
2026-04-27 13:54:56  ERROR       ✗ phase2 | pascal_voc | albef | grid g=16 dr_iters=3 dr_ratio=0.1  exit=2  (0.1s)
2026-04-27 13:54:56  DEBUG     CMD  set_slot 0 /home/ge.polymtl.ca/pahoa/random_stuff/poly_ai_project_pnp-ovss/.venv/bin/python /home/ge.polymtl.ca/pahoa/random_stuff/poly_ai_project_pnp-ovss/run_experiment.py --dataset pascal_voc --model albef --spatial_type grid --granularity 16 --dropout_iters 3 --dropout_ratio 0.3
2026-04-27 13:54:56  INFO        ▶ phase2 | pascal_voc | albef | grid g=16 dr_iters=3 dr_ratio=0.3
2026-04-27 13:54:56  ERROR       ✗ phase2 | pascal_voc | albef | grid g=16 dr_iters=3 dr_ratio=0.3  exit=2  (0.1s)
2026-04-27 13:54:56  DEBUG     CMD  set_slot 0 /home/ge.polymtl.ca/pahoa/random_stuff/poly_ai_project_pnp-ovss/.venv/bin/python /home/ge.polymtl.ca/pahoa/random_stuff/poly_ai_project_pnp-ovss/run_experiment.py --dataset pascal_voc --model albef --spatial_type grid --granularity 16 --dropout_iters 3 --dropout_ratio 0.5
2026-04-27 13:54:56  INFO        ▶ phase2 | pascal_voc | albef | grid g=16 dr_iters=3 dr_ratio=0.5
2026-04-27 13:54:56  ERROR       ✗ phase2 | pascal_voc | albef | grid g=16 dr_iters=3 dr_ratio=0.5  exit=2  (0.1s)
2026-04-27 13:54:56  DEBUG     CMD  set_slot 0 /home/ge.polymtl.ca/pahoa/random_stuff/poly_ai_project_pnp-ovss/.venv/bin/python /home/ge.polymtl.ca/pahoa/random_stuff/poly_ai_project_pnp-ovss/run_experiment.py --dataset pascal_voc --model albef --spatial_type grid --granularity 16 --dropout_iters 5 --dropout_ratio 0.1
2026-04-27 13:54:56  INFO        ▶ phase2 | pascal_voc | albef | grid g=16 dr_iters=5 dr_ratio=0.1
2026-04-27 13:54:56  ERROR       ✗ phase2 | pascal_voc | albef | grid g=16 dr_iters=5 dr_ratio=0.1  exit=2  (0.1s)
2026-04-27 13:54:56  DEBUG     CMD  set_slot 0 /home/ge.polymtl.ca/pahoa/random_stuff/poly_ai_project_pnp-ovss/.venv/bin/python /home/ge.polymtl.ca/pahoa/random_stuff/poly_ai_project_pnp-ovss/run_experiment.py --dataset pascal_voc --model albef --spatial_type grid --granularity 16 --dropout_iters 5 --dropout_ratio 0.3
2026-04-27 13:54:56  INFO        ▶ phase2 | pascal_voc | albef | grid g=16 dr_iters=5 dr_ratio=0.3
2026-04-27 13:54:56  ERROR       ✗ phase2 | pascal_voc | albef | grid g=16 dr_iters=5 dr_ratio=0.3  exit=2  (0.1s)
2026-04-27 13:54:56  DEBUG     CMD  set_slot 0 /home/ge.polymtl.ca/pahoa/random_stuff/poly_ai_project_pnp-ovss/.venv/bin/python /home/ge.polymtl.ca/pahoa/random_stuff/poly_ai_project_pnp-ovss/run_experiment.py --dataset pascal_voc --model albef --spatial_type grid --granularity 16 --dropout_iters 5 --dropout_ratio 0.5
2026-04-27 13:54:56  INFO        ▶ phase2 | pascal_voc | albef | grid g=16 dr_iters=5 dr_ratio=0.5
2026-04-27 13:54:56  ERROR       ✗ phase2 | pascal_voc | albef | grid g=16 dr_iters=5 dr_ratio=0.5  exit=2  (0.1s)
2026-04-27 13:54:56  DEBUG     CMD  set_slot 0 /home/ge.polymtl.ca/pahoa/random_stuff/poly_ai_project_pnp-ovss/.venv/bin/python /home/ge.polymtl.ca/pahoa/random_stuff/poly_ai_project_pnp-ovss/run_experiment.py --dataset pascal_voc --model albef --spatial_type grid --granularity 16 --dropout_iters 7 --dropout_ratio 0.1
2026-04-27 13:54:56  INFO        ▶ phase2 | pascal_voc | albef | grid g=16 dr_iters=7 dr_ratio=0.1
2026-04-27 13:54:56  ERROR       ✗ phase2 | pascal_voc | albef | grid g=16 dr_iters=7 dr_ratio=0.1  exit=2  (0.1s)
2026-04-27 13:54:56  DEBUG     CMD  set_slot 0 /home/ge.polymtl.ca/pahoa/random_stuff/poly_ai_project_pnp-ovss/.venv/bin/python /home/ge.polymtl.ca/pahoa/random_stuff/poly_ai_project_pnp-ovss/run_experiment.py --dataset pascal_voc --model albef --spatial_type grid --granularity 16 --dropout_iters 7 --dropout_ratio 0.3
2026-04-27 13:54:56  INFO        ▶ phase2 | pascal_voc | albef | grid g=16 dr_iters=7 dr_ratio=0.3
2026-04-27 13:54:56  ERROR       ✗ phase2 | pascal_voc | albef | grid g=16 dr_iters=7 dr_ratio=0.3  exit=2  (0.1s)
2026-04-27 13:54:56  DEBUG     CMD  set_slot 0 /home/ge.polymtl.ca/pahoa/random_stuff/poly_ai_project_pnp-ovss/.venv/bin/python /home/ge.polymtl.ca/pahoa/random_stuff/poly_ai_project_pnp-ovss/run_experiment.py --dataset pascal_voc --model albef --spatial_type grid --granularity 16 --dropout_iters 7 --dropout_ratio 0.5
2026-04-27 13:54:56  INFO        ▶ phase2 | pascal_voc | albef | grid g=16 dr_iters=7 dr_ratio=0.5
2026-04-27 13:54:56  ERROR       ✗ phase2 | pascal_voc | albef | grid g=16 dr_iters=7 dr_ratio=0.5  exit=2  (0.1s)
2026-04-27 13:54:56  DEBUG     CMD  set_slot 0 /home/ge.polymtl.ca/pahoa/random_stuff/poly_ai_project_pnp-ovss/.venv/bin/python /home/ge.polymtl.ca/pahoa/random_stuff/poly_ai_project_pnp-ovss/run_experiment.py --dataset pascal_voc --model albef --spatial_type grid --granularity 32 --dropout_iters 3 --dropout_ratio 0.1
2026-04-27 13:54:56  INFO        ▶ phase2 | pascal_voc | albef | grid g=32 dr_iters=3 dr_ratio=0.1
2026-04-27 13:54:56  ERROR       ✗ phase2 | pascal_voc | albef | grid g=32 dr_iters=3 dr_ratio=0.1  exit=2  (0.1s)
2026-04-27 13:54:56  DEBUG     CMD  set_slot 0 /home/ge.polymtl.ca/pahoa/random_stuff/poly_ai_project_pnp-ovss/.venv/bin/python /home/ge.polymtl.ca/pahoa/random_stuff/poly_ai_project_pnp-ovss/run_experiment.py --dataset pascal_voc --model albef --spatial_type grid --granularity 32 --dropout_iters 3 --dropout_ratio 0.3
2026-04-27 13:54:56  INFO        ▶ phase2 | pascal_voc | albef | grid g=32 dr_iters=3 dr_ratio=0.3
2026-04-27 13:54:57  ERROR       ✗ phase2 | pascal_voc | albef | grid g=32 dr_iters=3 dr_ratio=0.3  exit=2  (0.1s)
2026-04-27 13:54:57  DEBUG     CMD  set_slot 0 /home/ge.polymtl.ca/pahoa/random_stuff/poly_ai_project_pnp-ovss/.venv/bin/python /home/ge.polymtl.ca/pahoa/random_stuff/poly_ai_project_pnp-ovss/run_experiment.py --dataset pascal_voc --model albef --spatial_type grid --granularity 32 --dropout_iters 3 --dropout_ratio 0.5
2026-04-27 13:54:57  INFO        ▶ phase2 | pascal_voc | albef | grid g=32 dr_iters=3 dr_ratio=0.5
2026-04-27 13:54:57  ERROR       ✗ phase2 | pascal_voc | albef | grid g=32 dr_iters=3 dr_ratio=0.5  exit=2  (0.1s)
2026-04-27 13:54:57  DEBUG     CMD  set_slot 0 /home/ge.polymtl.ca/pahoa/random_stuff/poly_ai_project_pnp-ovss/.venv/bin/python /home/ge.polymtl.ca/pahoa/random_stuff/poly_ai_project_pnp-ovss/run_experiment.py --dataset pascal_voc --model albef --spatial_type grid --granularity 32 --dropout_iters 5 --dropout_ratio 0.1
2026-04-27 13:54:57  INFO        ▶ phase2 | pascal_voc | albef | grid g=32 dr_iters=5 dr_ratio=0.1
2026-04-27 13:54:57  ERROR       ✗ phase2 | pascal_voc | albef | grid g=32 dr_iters=5 dr_ratio=0.1  exit=2  (0.1s)
2026-04-27 13:54:57  DEBUG     CMD  set_slot 0 /home/ge.polymtl.ca/pahoa/random_stuff/poly_ai_project_pnp-ovss/.venv/bin/python /home/ge.polymtl.ca/pahoa/random_stuff/poly_ai_project_pnp-ovss/run_experiment.py --dataset pascal_voc --model albef --spatial_type grid --granularity 32 --dropout_iters 5 --dropout_ratio 0.3
2026-04-27 13:54:57  INFO        ▶ phase2 | pascal_voc | albef | grid g=32 dr_iters=5 dr_ratio=0.3
2026-04-27 13:54:57  ERROR       ✗ phase2 | pascal_voc | albef | grid g=32 dr_iters=5 dr_ratio=0.3  exit=2  (0.1s)
2026-04-27 13:54:57  DEBUG     CMD  set_slot 0 /home/ge.polymtl.ca/pahoa/random_stuff/poly_ai_project_pnp-ovss/.venv/bin/python /home/ge.polymtl.ca/pahoa/random_stuff/poly_ai_project_pnp-ovss/run_experiment.py --dataset pascal_voc --model albef --spatial_type grid --granularity 32 --dropout_iters 5 --dropout_ratio 0.5
2026-04-27 13:54:57  INFO        ▶ phase2 | pascal_voc | albef | grid g=32 dr_iters=5 dr_ratio=0.5
2026-04-27 13:54:57  ERROR       ✗ phase2 | pascal_voc | albef | grid g=32 dr_iters=5 dr_ratio=0.5  exit=2  (0.1s)
2026-04-27 13:54:57  DEBUG     CMD  set_slot 0 /home/ge.polymtl.ca/pahoa/random_stuff/poly_ai_project_pnp-ovss/.venv/bin/python /home/ge.polymtl.ca/pahoa/random_stuff/poly_ai_project_pnp-ovss/run_experiment.py --dataset pascal_voc --model albef --spatial_type grid --granularity 32 --dropout_iters 7 --dropout_ratio 0.1
2026-04-27 13:54:57  INFO        ▶ phase2 | pascal_voc | albef | grid g=32 dr_iters=7 dr_ratio=0.1
2026-04-27 13:54:57  ERROR       ✗ phase2 | pascal_voc | albef | grid g=32 dr_iters=7 dr_ratio=0.1  exit=2  (0.1s)
2026-04-27 13:54:57  DEBUG     CMD  set_slot 0 /home/ge.polymtl.ca/pahoa/random_stuff/poly_ai_project_pnp-ovss/.venv/bin/python /home/ge.polymtl.ca/pahoa/random_stuff/poly_ai_project_pnp-ovss/run_experiment.py --dataset pascal_voc --model albef --spatial_type grid --granularity 32 --dropout_iters 7 --dropout_ratio 0.3
2026-04-27 13:54:57  INFO        ▶ phase2 | pascal_voc | albef | grid g=32 dr_iters=7 dr_ratio=0.3
2026-04-27 13:54:57  ERROR       ✗ phase2 | pascal_voc | albef | grid g=32 dr_iters=7 dr_ratio=0.3  exit=2  (0.1s)
2026-04-27 13:54:57  DEBUG     CMD  set_slot 0 /home/ge.polymtl.ca/pahoa/random_stuff/poly_ai_project_pnp-ovss/.venv/bin/python /home/ge.polymtl.ca/pahoa/random_stuff/poly_ai_project_pnp-ovss/run_experiment.py --dataset pascal_voc --model albef --spatial_type grid --granularity 32 --dropout_iters 7 --dropout_ratio 0.5
2026-04-27 13:54:57  INFO        ▶ phase2 | pascal_voc | albef | grid g=32 dr_iters=7 dr_ratio=0.5
2026-04-27 13:54:57  ERROR       ✗ phase2 | pascal_voc | albef | grid g=32 dr_iters=7 dr_ratio=0.5  exit=2  (0.1s)
2026-04-27 13:54:57  DEBUG     CMD  set_slot 0 /home/ge.polymtl.ca/pahoa/random_stuff/poly_ai_project_pnp-ovss/.venv/bin/python /home/ge.polymtl.ca/pahoa/random_stuff/poly_ai_project_pnp-ovss/run_experiment.py --dataset pascal_voc --model albef --spatial_type superpixel_slic --granularity 100 --dropout_iters 3 --dropout_ratio 0.1
2026-04-27 13:54:57  INFO        ▶ phase2 | pascal_voc | albef | superpixel_slic g=100 dr_iters=3 dr_ratio=0.1
2026-04-27 13:54:57  ERROR       ✗ phase2 | pascal_voc | albef | superpixel_slic g=100 dr_iters=3 dr_ratio=0.1  exit=2  (0.1s)
2026-04-27 13:54:57  DEBUG     CMD  set_slot 0 /home/ge.polymtl.ca/pahoa/random_stuff/poly_ai_project_pnp-ovss/.venv/bin/python /home/ge.polymtl.ca/pahoa/random_stuff/poly_ai_project_pnp-ovss/run_experiment.py --dataset pascal_voc --model albef --spatial_type superpixel_slic --granularity 100 --dropout_iters 3 --dropout_ratio 0.3
2026-04-27 13:54:57  INFO        ▶ phase2 | pascal_voc | albef | superpixel_slic g=100 dr_iters=3 dr_ratio=0.3
2026-04-27 13:54:57  ERROR       ✗ phase2 | pascal_voc | albef | superpixel_slic g=100 dr_iters=3 dr_ratio=0.3  exit=2  (0.1s)
2026-04-27 13:54:57  DEBUG     CMD  set_slot 0 /home/ge.polymtl.ca/pahoa/random_stuff/poly_ai_project_pnp-ovss/.venv/bin/python /home/ge.polymtl.ca/pahoa/random_stuff/poly_ai_project_pnp-ovss/run_experiment.py --dataset pascal_voc --model albef --spatial_type superpixel_slic --granularity 100 --dropout_iters 3 --dropout_ratio 0.5
2026-04-27 13:54:57  INFO        ▶ phase2 | pascal_voc | albef | superpixel_slic g=100 dr_iters=3 dr_ratio=0.5
2026-04-27 13:54:58  ERROR       ✗ phase2 | pascal_voc | albef | superpixel_slic g=100 dr_iters=3 dr_ratio=0.5  exit=2  (0.1s)
2026-04-27 13:54:58  DEBUG     CMD  set_slot 0 /home/ge.polymtl.ca/pahoa/random_stuff/poly_ai_project_pnp-ovss/.venv/bin/python /home/ge.polymtl.ca/pahoa/random_stuff/poly_ai_project_pnp-ovss/run_experiment.py --dataset pascal_voc --model albef --spatial_type superpixel_slic --granularity 100 --dropout_iters 5 --dropout_ratio 0.1
2026-04-27 13:54:58  INFO        ▶ phase2 | pascal_voc | albef | superpixel_slic g=100 dr_iters=5 dr_ratio=0.1
2026-04-27 13:54:58  ERROR       ✗ phase2 | pascal_voc | albef | superpixel_slic g=100 dr_iters=5 dr_ratio=0.1  exit=2  (0.1s)
2026-04-27 13:54:58  DEBUG     CMD  set_slot 0 /home/ge.polymtl.ca/pahoa/random_stuff/poly_ai_project_pnp-ovss/.venv/bin/python /home/ge.polymtl.ca/pahoa/random_stuff/poly_ai_project_pnp-ovss/run_experiment.py --dataset pascal_voc --model albef --spatial_type superpixel_slic --granularity 100 --dropout_iters 5 --dropout_ratio 0.3
2026-04-27 13:54:58  INFO        ▶ phase2 | pascal_voc | albef | superpixel_slic g=100 dr_iters=5 dr_ratio=0.3
2026-04-27 13:54:58  ERROR       ✗ phase2 | pascal_voc | albef | superpixel_slic g=100 dr_iters=5 dr_ratio=0.3  exit=2  (0.1s)
2026-04-27 13:54:58  DEBUG     CMD  set_slot 0 /home/ge.polymtl.ca/pahoa/random_stuff/poly_ai_project_pnp-ovss/.venv/bin/python /home/ge.polymtl.ca/pahoa/random_stuff/poly_ai_project_pnp-ovss/run_experiment.py --dataset pascal_voc --model albef --spatial_type superpixel_slic --granularity 100 --dropout_iters 5 --dropout_ratio 0.5
2026-04-27 13:54:58  INFO        ▶ phase2 | pascal_voc | albef | superpixel_slic g=100 dr_iters=5 dr_ratio=0.5
2026-04-27 13:54:58  ERROR       ✗ phase2 | pascal_voc | albef | superpixel_slic g=100 dr_iters=5 dr_ratio=0.5  exit=2  (0.1s)
2026-04-27 13:54:58  DEBUG     CMD  set_slot 0 /home/ge.polymtl.ca/pahoa/random_stuff/poly_ai_project_pnp-ovss/.venv/bin/python /home/ge.polymtl.ca/pahoa/random_stuff/poly_ai_project_pnp-ovss/run_experiment.py --dataset pascal_voc --model albef --spatial_type superpixel_slic --granularity 100 --dropout_iters 7 --dropout_ratio 0.1
2026-04-27 13:54:58  INFO        ▶ phase2 | pascal_voc | albef | superpixel_slic g=100 dr_iters=7 dr_ratio=0.1
2026-04-27 13:54:58  ERROR       ✗ phase2 | pascal_voc | albef | superpixel_slic g=100 dr_iters=7 dr_ratio=0.1  exit=2  (0.1s)
2026-04-27 13:54:58  DEBUG     CMD  set_slot 0 /home/ge.polymtl.ca/pahoa/random_stuff/poly_ai_project_pnp-ovss/.venv/bin/python /home/ge.polymtl.ca/pahoa/random_stuff/poly_ai_project_pnp-ovss/run_experiment.py --dataset pascal_voc --model albef --spatial_type superpixel_slic --granularity 100 --dropout_iters 7 --dropout_ratio 0.3
2026-04-27 13:54:58  INFO        ▶ phase2 | pascal_voc | albef | superpixel_slic g=100 dr_iters=7 dr_ratio=0.3
2026-04-27 13:54:58  ERROR       ✗ phase2 | pascal_voc | albef | superpixel_slic g=100 dr_iters=7 dr_ratio=0.3  exit=2  (0.1s)
2026-04-27 13:54:58  DEBUG     CMD  set_slot 0 /home/ge.polymtl.ca/pahoa/random_stuff/poly_ai_project_pnp-ovss/.venv/bin/python /home/ge.polymtl.ca/pahoa/random_stuff/poly_ai_project_pnp-ovss/run_experiment.py --dataset pascal_voc --model albef --spatial_type superpixel_slic --granularity 100 --dropout_iters 7 --dropout_ratio 0.5
2026-04-27 13:54:58  INFO        ▶ phase2 | pascal_voc | albef | superpixel_slic g=100 dr_iters=7 dr_ratio=0.5
2026-04-27 13:54:58  ERROR       ✗ phase2 | pascal_voc | albef | superpixel_slic g=100 dr_iters=7 dr_ratio=0.5  exit=2  (0.1s)
2026-04-27 13:54:58  DEBUG     CMD  set_slot 0 /home/ge.polymtl.ca/pahoa/random_stuff/poly_ai_project_pnp-ovss/.venv/bin/python /home/ge.polymtl.ca/pahoa/random_stuff/poly_ai_project_pnp-ovss/run_experiment.py --dataset pascal_voc --model albef --spatial_type superpixel_slic --granularity 200 --dropout_iters 3 --dropout_ratio 0.1
2026-04-27 13:54:58  INFO        ▶ phase2 | pascal_voc | albef | superpixel_slic g=200 dr_iters=3 dr_ratio=0.1
2026-04-27 13:54:58  ERROR       ✗ phase2 | pascal_voc | albef | superpixel_slic g=200 dr_iters=3 dr_ratio=0.1  exit=2  (0.1s)
2026-04-27 13:54:58  DEBUG     CMD  set_slot 0 /home/ge.polymtl.ca/pahoa/random_stuff/poly_ai_project_pnp-ovss/.venv/bin/python /home/ge.polymtl.ca/pahoa/random_stuff/poly_ai_project_pnp-ovss/run_experiment.py --dataset pascal_voc --model albef --spatial_type superpixel_slic --granularity 200 --dropout_iters 3 --dropout_ratio 0.3
2026-04-27 13:54:58  INFO        ▶ phase2 | pascal_voc | albef | superpixel_slic g=200 dr_iters=3 dr_ratio=0.3
2026-04-27 13:54:58  ERROR       ✗ phase2 | pascal_voc | albef | superpixel_slic g=200 dr_iters=3 dr_ratio=0.3  exit=2  (0.1s)
2026-04-27 13:54:58  DEBUG     CMD  set_slot 0 /home/ge.polymtl.ca/pahoa/random_stuff/poly_ai_project_pnp-ovss/.venv/bin/python /home/ge.polymtl.ca/pahoa/random_stuff/poly_ai_project_pnp-ovss/run_experiment.py --dataset pascal_voc --model albef --spatial_type superpixel_slic --granularity 200 --dropout_iters 3 --dropout_ratio 0.5
2026-04-27 13:54:58  INFO        ▶ phase2 | pascal_voc | albef | superpixel_slic g=200 dr_iters=3 dr_ratio=0.5
2026-04-27 13:54:58  ERROR       ✗ phase2 | pascal_voc | albef | superpixel_slic g=200 dr_iters=3 dr_ratio=0.5  exit=2  (0.1s)
2026-04-27 13:54:58  DEBUG     CMD  set_slot 0 /home/ge.polymtl.ca/pahoa/random_stuff/poly_ai_project_pnp-ovss/.venv/bin/python /home/ge.polymtl.ca/pahoa/random_stuff/poly_ai_project_pnp-ovss/run_experiment.py --dataset pascal_voc --model albef --spatial_type superpixel_slic --granularity 200 --dropout_iters 5 --dropout_ratio 0.1
2026-04-27 13:54:58  INFO        ▶ phase2 | pascal_voc | albef | superpixel_slic g=200 dr_iters=5 dr_ratio=0.1
2026-04-27 13:54:59  ERROR       ✗ phase2 | pascal_voc | albef | superpixel_slic g=200 dr_iters=5 dr_ratio=0.1  exit=2  (0.1s)
2026-04-27 13:54:59  DEBUG     CMD  set_slot 0 /home/ge.polymtl.ca/pahoa/random_stuff/poly_ai_project_pnp-ovss/.venv/bin/python /home/ge.polymtl.ca/pahoa/random_stuff/poly_ai_project_pnp-ovss/run_experiment.py --dataset pascal_voc --model albef --spatial_type superpixel_slic --granularity 200 --dropout_iters 5 --dropout_ratio 0.3
2026-04-27 13:54:59  INFO        ▶ phase2 | pascal_voc | albef | superpixel_slic g=200 dr_iters=5 dr_ratio=0.3
2026-04-27 13:54:59  ERROR       ✗ phase2 | pascal_voc | albef | superpixel_slic g=200 dr_iters=5 dr_ratio=0.3  exit=2  (0.1s)
2026-04-27 13:54:59  DEBUG     CMD  set_slot 0 /home/ge.polymtl.ca/pahoa/random_stuff/poly_ai_project_pnp-ovss/.venv/bin/python /home/ge.polymtl.ca/pahoa/random_stuff/poly_ai_project_pnp-ovss/run_experiment.py --dataset pascal_voc --model albef --spatial_type superpixel_slic --granularity 200 --dropout_iters 5 --dropout_ratio 0.5
2026-04-27 13:54:59  INFO        ▶ phase2 | pascal_voc | albef | superpixel_slic g=200 dr_iters=5 dr_ratio=0.5
2026-04-27 13:54:59  ERROR       ✗ phase2 | pascal_voc | albef | superpixel_slic g=200 dr_iters=5 dr_ratio=0.5  exit=2  (0.1s)
2026-04-27 13:54:59  DEBUG     CMD  set_slot 0 /home/ge.polymtl.ca/pahoa/random_stuff/poly_ai_project_pnp-ovss/.venv/bin/python /home/ge.polymtl.ca/pahoa/random_stuff/poly_ai_project_pnp-ovss/run_experiment.py --dataset pascal_voc --model albef --spatial_type superpixel_slic --granularity 200 --dropout_iters 7 --dropout_ratio 0.1
2026-04-27 13:54:59  INFO        ▶ phase2 | pascal_voc | albef | superpixel_slic g=200 dr_iters=7 dr_ratio=0.1
2026-04-27 13:54:59  ERROR       ✗ phase2 | pascal_voc | albef | superpixel_slic g=200 dr_iters=7 dr_ratio=0.1  exit=2  (0.1s)
2026-04-27 13:54:59  DEBUG     CMD  set_slot 0 /home/ge.polymtl.ca/pahoa/random_stuff/poly_ai_project_pnp-ovss/.venv/bin/python /home/ge.polymtl.ca/pahoa/random_stuff/poly_ai_project_pnp-ovss/run_experiment.py --dataset pascal_voc --model albef --spatial_type superpixel_slic --granularity 200 --dropout_iters 7 --dropout_ratio 0.3
2026-04-27 13:54:59  INFO        ▶ phase2 | pascal_voc | albef | superpixel_slic g=200 dr_iters=7 dr_ratio=0.3
2026-04-27 13:54:59  ERROR       ✗ phase2 | pascal_voc | albef | superpixel_slic g=200 dr_iters=7 dr_ratio=0.3  exit=2  (0.1s)
2026-04-27 13:54:59  DEBUG     CMD  set_slot 0 /home/ge.polymtl.ca/pahoa/random_stuff/poly_ai_project_pnp-ovss/.venv/bin/python /home/ge.polymtl.ca/pahoa/random_stuff/poly_ai_project_pnp-ovss/run_experiment.py --dataset pascal_voc --model albef --spatial_type superpixel_slic --granularity 200 --dropout_iters 7 --dropout_ratio 0.5
2026-04-27 13:54:59  INFO        ▶ phase2 | pascal_voc | albef | superpixel_slic g=200 dr_iters=7 dr_ratio=0.5
2026-04-27 13:54:59  ERROR       ✗ phase2 | pascal_voc | albef | superpixel_slic g=200 dr_iters=7 dr_ratio=0.5  exit=2  (0.1s)
2026-04-27 13:54:59  DEBUG     CMD  set_slot 0 /home/ge.polymtl.ca/pahoa/random_stuff/poly_ai_project_pnp-ovss/.venv/bin/python /home/ge.polymtl.ca/pahoa/random_stuff/poly_ai_project_pnp-ovss/run_experiment.py --dataset pascal_voc --model albef --spatial_type superpixel_slic --granularity 300 --dropout_iters 3 --dropout_ratio 0.1
2026-04-27 13:54:59  INFO        ▶ phase2 | pascal_voc | albef | superpixel_slic g=300 dr_iters=3 dr_ratio=0.1
2026-04-27 13:54:59  ERROR       ✗ phase2 | pascal_voc | albef | superpixel_slic g=300 dr_iters=3 dr_ratio=0.1  exit=2  (0.1s)
2026-04-27 13:54:59  DEBUG     CMD  set_slot 0 /home/ge.polymtl.ca/pahoa/random_stuff/poly_ai_project_pnp-ovss/.venv/bin/python /home/ge.polymtl.ca/pahoa/random_stuff/poly_ai_project_pnp-ovss/run_experiment.py --dataset pascal_voc --model albef --spatial_type superpixel_slic --granularity 300 --dropout_iters 3 --dropout_ratio 0.3
2026-04-27 13:54:59  INFO        ▶ phase2 | pascal_voc | albef | superpixel_slic g=300 dr_iters=3 dr_ratio=0.3
2026-04-27 13:54:59  ERROR       ✗ phase2 | pascal_voc | albef | superpixel_slic g=300 dr_iters=3 dr_ratio=0.3  exit=2  (0.1s)
2026-04-27 13:54:59  DEBUG     CMD  set_slot 0 /home/ge.polymtl.ca/pahoa/random_stuff/poly_ai_project_pnp-ovss/.venv/bin/python /home/ge.polymtl.ca/pahoa/random_stuff/poly_ai_project_pnp-ovss/run_experiment.py --dataset pascal_voc --model albef --spatial_type superpixel_slic --granularity 300 --dropout_iters 3 --dropout_ratio 0.5
2026-04-27 13:54:59  INFO        ▶ phase2 | pascal_voc | albef | superpixel_slic g=300 dr_iters=3 dr_ratio=0.5
2026-04-27 13:54:59  ERROR       ✗ phase2 | pascal_voc | albef | superpixel_slic g=300 dr_iters=3 dr_ratio=0.5  exit=2  (0.1s)
2026-04-27 13:54:59  DEBUG     CMD  set_slot 0 /home/ge.polymtl.ca/pahoa/random_stuff/poly_ai_project_pnp-ovss/.venv/bin/python /home/ge.polymtl.ca/pahoa/random_stuff/poly_ai_project_pnp-ovss/run_experiment.py --dataset pascal_voc --model albef --spatial_type superpixel_slic --granularity 300 --dropout_iters 5 --dropout_ratio 0.1
2026-04-27 13:54:59  INFO        ▶ phase2 | pascal_voc | albef | superpixel_slic g=300 dr_iters=5 dr_ratio=0.1
2026-04-27 13:54:59  ERROR       ✗ phase2 | pascal_voc | albef | superpixel_slic g=300 dr_iters=5 dr_ratio=0.1  exit=2  (0.1s)
2026-04-27 13:54:59  DEBUG     CMD  set_slot 0 /home/ge.polymtl.ca/pahoa/random_stuff/poly_ai_project_pnp-ovss/.venv/bin/python /home/ge.polymtl.ca/pahoa/random_stuff/poly_ai_project_pnp-ovss/run_experiment.py --dataset pascal_voc --model albef --spatial_type superpixel_slic --granularity 300 --dropout_iters 5 --dropout_ratio 0.3
2026-04-27 13:54:59  INFO        ▶ phase2 | pascal_voc | albef | superpixel_slic g=300 dr_iters=5 dr_ratio=0.3
2026-04-27 13:54:59  ERROR       ✗ phase2 | pascal_voc | albef | superpixel_slic g=300 dr_iters=5 dr_ratio=0.3  exit=2  (0.1s)
2026-04-27 13:54:59  DEBUG     CMD  set_slot 0 /home/ge.polymtl.ca/pahoa/random_stuff/poly_ai_project_pnp-ovss/.venv/bin/python /home/ge.polymtl.ca/pahoa/random_stuff/poly_ai_project_pnp-ovss/run_experiment.py --dataset pascal_voc --model albef --spatial_type superpixel_slic --granularity 300 --dropout_iters 5 --dropout_ratio 0.5
2026-04-27 13:54:59  INFO        ▶ phase2 | pascal_voc | albef | superpixel_slic g=300 dr_iters=5 dr_ratio=0.5
2026-04-27 13:55:00  ERROR       ✗ phase2 | pascal_voc | albef | superpixel_slic g=300 dr_iters=5 dr_ratio=0.5  exit=2  (0.1s)
2026-04-27 13:55:00  DEBUG     CMD  set_slot 0 /home/ge.polymtl.ca/pahoa/random_stuff/poly_ai_project_pnp-ovss/.venv/bin/python /home/ge.polymtl.ca/pahoa/random_stuff/poly_ai_project_pnp-ovss/run_experiment.py --dataset pascal_voc --model albef --spatial_type superpixel_slic --granularity 300 --dropout_iters 7 --dropout_ratio 0.1
2026-04-27 13:55:00  INFO        ▶ phase2 | pascal_voc | albef | superpixel_slic g=300 dr_iters=7 dr_ratio=0.1
2026-04-27 13:55:00  ERROR       ✗ phase2 | pascal_voc | albef | superpixel_slic g=300 dr_iters=7 dr_ratio=0.1  exit=2  (0.1s)
2026-04-27 13:55:00  DEBUG     CMD  set_slot 0 /home/ge.polymtl.ca/pahoa/random_stuff/poly_ai_project_pnp-ovss/.venv/bin/python /home/ge.polymtl.ca/pahoa/random_stuff/poly_ai_project_pnp-ovss/run_experiment.py --dataset pascal_voc --model albef --spatial_type superpixel_slic --granularity 300 --dropout_iters 7 --dropout_ratio 0.3
2026-04-27 13:55:00  INFO        ▶ phase2 | pascal_voc | albef | superpixel_slic g=300 dr_iters=7 dr_ratio=0.3
2026-04-27 13:55:00  ERROR       ✗ phase2 | pascal_voc | albef | superpixel_slic g=300 dr_iters=7 dr_ratio=0.3  exit=2  (0.1s)
2026-04-27 13:55:00  DEBUG     CMD  set_slot 0 /home/ge.polymtl.ca/pahoa/random_stuff/poly_ai_project_pnp-ovss/.venv/bin/python /home/ge.polymtl.ca/pahoa/random_stuff/poly_ai_project_pnp-ovss/run_experiment.py --dataset pascal_voc --model albef --spatial_type superpixel_slic --granularity 300 --dropout_iters 7 --dropout_ratio 0.5
2026-04-27 13:55:00  INFO        ▶ phase2 | pascal_voc | albef | superpixel_slic g=300 dr_iters=7 dr_ratio=0.5
2026-04-27 13:55:00  ERROR       ✗ phase2 | pascal_voc | albef | superpixel_slic g=300 dr_iters=7 dr_ratio=0.5  exit=2  (0.1s)
2026-04-27 13:55:00  INFO        Phase 2 done  ok=0  fail=45
2026-04-27 13:55:00  INFO        ── Phase 3 ──
2026-04-27 13:55:00  DEBUG     CMD  set_slot 0 /home/ge.polymtl.ca/pahoa/random_stuff/poly_ai_project_pnp-ovss/.venv/bin/python /home/ge.polymtl.ca/pahoa/random_stuff/poly_ai_project_pnp-ovss/run_experiment.py --dataset pascal_voc --model albef --tuning_metric zero_shot_heuristic
2026-04-27 13:55:00  INFO        ▶ phase3 | pascal_voc | albef | metric=zero_shot_heuristic
2026-04-27 13:55:00  ERROR       ✗ phase3 | pascal_voc | albef | metric=zero_shot_heuristic  exit=2  (0.1s)
2026-04-27 13:55:00  DEBUG     CMD  set_slot 0 /home/ge.polymtl.ca/pahoa/random_stuff/poly_ai_project_pnp-ovss/.venv/bin/python /home/ge.polymtl.ca/pahoa/random_stuff/poly_ai_project_pnp-ovss/run_experiment.py --dataset pascal_voc --model albef --tuning_metric supervised_mdice
2026-04-27 13:55:00  INFO        ▶ phase3 | pascal_voc | albef | metric=supervised_mdice
2026-04-27 13:55:00  ERROR       ✗ phase3 | pascal_voc | albef | metric=supervised_mdice  exit=2  (0.1s)
2026-04-27 13:55:00  INFO        Phase 3 done  ok=0  fail=2
2026-04-27 13:55:00  INFO        ── Phase 4 ──
2026-04-27 13:55:00  DEBUG     CMD  set_slot 0 /home/ge.polymtl.ca/pahoa/random_stuff/poly_ai_project_pnp-ovss/.venv/bin/python /home/ge.polymtl.ca/pahoa/random_stuff/poly_ai_project_pnp-ovss/run_experiment.py --run_final_eval True --dataset pascal_voc --model albef
2026-04-27 13:55:00  INFO        ▶ phase4 | pascal_voc | albef
2026-04-27 13:55:00  ERROR       ✗ phase4 | pascal_voc | albef  exit=2  (0.1s)
2026-04-27 13:55:00  INFO        Phase 4 done  ok=0  fail=1
2026-04-27 13:55:00  INFO      ━━━━━━━━━━━━━━━━━━━━━━━━━━━━━━━━━━━━━━━━━━━━━━━━━━━━━━━━━━━━━━━━━━━━━━━━
2026-04-27 13:55:00  INFO        PAIR  dataset=chest_xray       model=blip
2026-04-27 13:55:00  INFO      ━━━━━━━━━━━━━━━━━━━━━━━━━━━━━━━━━━━━━━━━━━━━━━━━━━━━━━━━━━━━━━━━━━━━━━━━
2026-04-27 13:55:00  INFO        ── Phase 1 ──
2026-04-27 13:55:00  DEBUG     CMD  set_slot 0 /home/ge.polymtl.ca/pahoa/random_stuff/poly_ai_project_pnp-ovss/.venv/bin/python /home/ge.polymtl.ca/pahoa/random_stuff/poly_ai_project_pnp-ovss/run_experiment.py --dataset chest_xray --model blip --spatial_type grid --tuning_metric zero_shot_heuristic
2026-04-27 13:55:00  INFO        ▶ phase1 | chest_xray | blip
2026-04-27 13:55:00  ERROR       ✗ phase1 | chest_xray | blip  exit=2  (0.1s)
2026-04-27 13:55:00  INFO        Phase 1 done  ok=0  fail=1
2026-04-27 13:55:00  INFO        ── Phase 2 ──
2026-04-27 13:55:00  DEBUG     CMD  set_slot 0 /home/ge.polymtl.ca/pahoa/random_stuff/poly_ai_project_pnp-ovss/.venv/bin/python /home/ge.polymtl.ca/pahoa/random_stuff/poly_ai_project_pnp-ovss/run_experiment.py --dataset chest_xray --model blip --spatial_type grid --granularity 16 --dropout_iters 3 --dropout_ratio 0.1
2026-04-27 13:55:00  INFO        ▶ phase2 | chest_xray | blip | grid g=16 dr_iters=3 dr_ratio=0.1
2026-04-27 13:55:00  ERROR       ✗ phase2 | chest_xray | blip | grid g=16 dr_iters=3 dr_ratio=0.1  exit=2  (0.1s)
2026-04-27 13:55:00  DEBUG     CMD  set_slot 0 /home/ge.polymtl.ca/pahoa/random_stuff/poly_ai_project_pnp-ovss/.venv/bin/python /home/ge.polymtl.ca/pahoa/random_stuff/poly_ai_project_pnp-ovss/run_experiment.py --dataset chest_xray --model blip --spatial_type grid --granularity 16 --dropout_iters 3 --dropout_ratio 0.3
2026-04-27 13:55:00  INFO        ▶ phase2 | chest_xray | blip | grid g=16 dr_iters=3 dr_ratio=0.3
2026-04-27 13:55:00  ERROR       ✗ phase2 | chest_xray | blip | grid g=16 dr_iters=3 dr_ratio=0.3  exit=2  (0.1s)
2026-04-27 13:55:00  DEBUG     CMD  set_slot 0 /home/ge.polymtl.ca/pahoa/random_stuff/poly_ai_project_pnp-ovss/.venv/bin/python /home/ge.polymtl.ca/pahoa/random_stuff/poly_ai_project_pnp-ovss/run_experiment.py --dataset chest_xray --model blip --spatial_type grid --granularity 16 --dropout_iters 3 --dropout_ratio 0.5
2026-04-27 13:55:00  INFO        ▶ phase2 | chest_xray | blip | grid g=16 dr_iters=3 dr_ratio=0.5
2026-04-27 13:55:01  ERROR       ✗ phase2 | chest_xray | blip | grid g=16 dr_iters=3 dr_ratio=0.5  exit=2  (0.1s)
2026-04-27 13:55:01  DEBUG     CMD  set_slot 0 /home/ge.polymtl.ca/pahoa/random_stuff/poly_ai_project_pnp-ovss/.venv/bin/python /home/ge.polymtl.ca/pahoa/random_stuff/poly_ai_project_pnp-ovss/run_experiment.py --dataset chest_xray --model blip --spatial_type grid --granularity 16 --dropout_iters 5 --dropout_ratio 0.1
2026-04-27 13:55:01  INFO        ▶ phase2 | chest_xray | blip | grid g=16 dr_iters=5 dr_ratio=0.1
2026-04-27 13:55:01  ERROR       ✗ phase2 | chest_xray | blip | grid g=16 dr_iters=5 dr_ratio=0.1  exit=2  (0.1s)
2026-04-27 13:55:01  DEBUG     CMD  set_slot 0 /home/ge.polymtl.ca/pahoa/random_stuff/poly_ai_project_pnp-ovss/.venv/bin/python /home/ge.polymtl.ca/pahoa/random_stuff/poly_ai_project_pnp-ovss/run_experiment.py --dataset chest_xray --model blip --spatial_type grid --granularity 16 --dropout_iters 5 --dropout_ratio 0.3
2026-04-27 13:55:01  INFO        ▶ phase2 | chest_xray | blip | grid g=16 dr_iters=5 dr_ratio=0.3
2026-04-27 13:55:01  ERROR       ✗ phase2 | chest_xray | blip | grid g=16 dr_iters=5 dr_ratio=0.3  exit=2  (0.1s)
2026-04-27 13:55:01  DEBUG     CMD  set_slot 0 /home/ge.polymtl.ca/pahoa/random_stuff/poly_ai_project_pnp-ovss/.venv/bin/python /home/ge.polymtl.ca/pahoa/random_stuff/poly_ai_project_pnp-ovss/run_experiment.py --dataset chest_xray --model blip --spatial_type grid --granularity 16 --dropout_iters 5 --dropout_ratio 0.5
2026-04-27 13:55:01  INFO        ▶ phase2 | chest_xray | blip | grid g=16 dr_iters=5 dr_ratio=0.5
2026-04-27 13:55:01  ERROR       ✗ phase2 | chest_xray | blip | grid g=16 dr_iters=5 dr_ratio=0.5  exit=2  (0.1s)
2026-04-27 13:55:01  DEBUG     CMD  set_slot 0 /home/ge.polymtl.ca/pahoa/random_stuff/poly_ai_project_pnp-ovss/.venv/bin/python /home/ge.polymtl.ca/pahoa/random_stuff/poly_ai_project_pnp-ovss/run_experiment.py --dataset chest_xray --model blip --spatial_type grid --granularity 16 --dropout_iters 7 --dropout_ratio 0.1
2026-04-27 13:55:01  INFO        ▶ phase2 | chest_xray | blip | grid g=16 dr_iters=7 dr_ratio=0.1
2026-04-27 13:55:01  ERROR       ✗ phase2 | chest_xray | blip | grid g=16 dr_iters=7 dr_ratio=0.1  exit=2  (0.1s)
2026-04-27 13:55:01  DEBUG     CMD  set_slot 0 /home/ge.polymtl.ca/pahoa/random_stuff/poly_ai_project_pnp-ovss/.venv/bin/python /home/ge.polymtl.ca/pahoa/random_stuff/poly_ai_project_pnp-ovss/run_experiment.py --dataset chest_xray --model blip --spatial_type grid --granularity 16 --dropout_iters 7 --dropout_ratio 0.3
2026-04-27 13:55:01  INFO        ▶ phase2 | chest_xray | blip | grid g=16 dr_iters=7 dr_ratio=0.3
2026-04-27 13:55:01  ERROR       ✗ phase2 | chest_xray | blip | grid g=16 dr_iters=7 dr_ratio=0.3  exit=2  (0.1s)
2026-04-27 13:55:01  DEBUG     CMD  set_slot 0 /home/ge.polymtl.ca/pahoa/random_stuff/poly_ai_project_pnp-ovss/.venv/bin/python /home/ge.polymtl.ca/pahoa/random_stuff/poly_ai_project_pnp-ovss/run_experiment.py --dataset chest_xray --model blip --spatial_type grid --granularity 16 --dropout_iters 7 --dropout_ratio 0.5
2026-04-27 13:55:01  INFO        ▶ phase2 | chest_xray | blip | grid g=16 dr_iters=7 dr_ratio=0.5
2026-04-27 13:55:01  ERROR       ✗ phase2 | chest_xray | blip | grid g=16 dr_iters=7 dr_ratio=0.5  exit=2  (0.1s)
2026-04-27 13:55:01  DEBUG     CMD  set_slot 0 /home/ge.polymtl.ca/pahoa/random_stuff/poly_ai_project_pnp-ovss/.venv/bin/python /home/ge.polymtl.ca/pahoa/random_stuff/poly_ai_project_pnp-ovss/run_experiment.py --dataset chest_xray --model blip --spatial_type grid --granularity 32 --dropout_iters 3 --dropout_ratio 0.1
2026-04-27 13:55:01  INFO        ▶ phase2 | chest_xray | blip | grid g=32 dr_iters=3 dr_ratio=0.1
2026-04-27 13:55:01  ERROR       ✗ phase2 | chest_xray | blip | grid g=32 dr_iters=3 dr_ratio=0.1  exit=2  (0.1s)
2026-04-27 13:55:01  DEBUG     CMD  set_slot 0 /home/ge.polymtl.ca/pahoa/random_stuff/poly_ai_project_pnp-ovss/.venv/bin/python /home/ge.polymtl.ca/pahoa/random_stuff/poly_ai_project_pnp-ovss/run_experiment.py --dataset chest_xray --model blip --spatial_type grid --granularity 32 --dropout_iters 3 --dropout_ratio 0.3
2026-04-27 13:55:01  INFO        ▶ phase2 | chest_xray | blip | grid g=32 dr_iters=3 dr_ratio=0.3
2026-04-27 13:55:01  ERROR       ✗ phase2 | chest_xray | blip | grid g=32 dr_iters=3 dr_ratio=0.3  exit=2  (0.1s)
2026-04-27 13:55:01  DEBUG     CMD  set_slot 0 /home/ge.polymtl.ca/pahoa/random_stuff/poly_ai_project_pnp-ovss/.venv/bin/python /home/ge.polymtl.ca/pahoa/random_stuff/poly_ai_project_pnp-ovss/run_experiment.py --dataset chest_xray --model blip --spatial_type grid --granularity 32 --dropout_iters 3 --dropout_ratio 0.5
2026-04-27 13:55:01  INFO        ▶ phase2 | chest_xray | blip | grid g=32 dr_iters=3 dr_ratio=0.5
2026-04-27 13:55:01  ERROR       ✗ phase2 | chest_xray | blip | grid g=32 dr_iters=3 dr_ratio=0.5  exit=2  (0.1s)
2026-04-27 13:55:01  DEBUG     CMD  set_slot 0 /home/ge.polymtl.ca/pahoa/random_stuff/poly_ai_project_pnp-ovss/.venv/bin/python /home/ge.polymtl.ca/pahoa/random_stuff/poly_ai_project_pnp-ovss/run_experiment.py --dataset chest_xray --model blip --spatial_type grid --granularity 32 --dropout_iters 5 --dropout_ratio 0.1
2026-04-27 13:55:01  INFO        ▶ phase2 | chest_xray | blip | grid g=32 dr_iters=5 dr_ratio=0.1
2026-04-27 13:55:02  ERROR       ✗ phase2 | chest_xray | blip | grid g=32 dr_iters=5 dr_ratio=0.1  exit=2  (0.1s)
2026-04-27 13:55:02  DEBUG     CMD  set_slot 0 /home/ge.polymtl.ca/pahoa/random_stuff/poly_ai_project_pnp-ovss/.venv/bin/python /home/ge.polymtl.ca/pahoa/random_stuff/poly_ai_project_pnp-ovss/run_experiment.py --dataset chest_xray --model blip --spatial_type grid --granularity 32 --dropout_iters 5 --dropout_ratio 0.3
2026-04-27 13:55:02  INFO        ▶ phase2 | chest_xray | blip | grid g=32 dr_iters=5 dr_ratio=0.3
2026-04-27 13:55:02  ERROR       ✗ phase2 | chest_xray | blip | grid g=32 dr_iters=5 dr_ratio=0.3  exit=2  (0.1s)
2026-04-27 13:55:02  DEBUG     CMD  set_slot 0 /home/ge.polymtl.ca/pahoa/random_stuff/poly_ai_project_pnp-ovss/.venv/bin/python /home/ge.polymtl.ca/pahoa/random_stuff/poly_ai_project_pnp-ovss/run_experiment.py --dataset chest_xray --model blip --spatial_type grid --granularity 32 --dropout_iters 5 --dropout_ratio 0.5
2026-04-27 13:55:02  INFO        ▶ phase2 | chest_xray | blip | grid g=32 dr_iters=5 dr_ratio=0.5
2026-04-27 13:55:02  ERROR       ✗ phase2 | chest_xray | blip | grid g=32 dr_iters=5 dr_ratio=0.5  exit=2  (0.1s)
2026-04-27 13:55:02  DEBUG     CMD  set_slot 0 /home/ge.polymtl.ca/pahoa/random_stuff/poly_ai_project_pnp-ovss/.venv/bin/python /home/ge.polymtl.ca/pahoa/random_stuff/poly_ai_project_pnp-ovss/run_experiment.py --dataset chest_xray --model blip --spatial_type grid --granularity 32 --dropout_iters 7 --dropout_ratio 0.1
2026-04-27 13:55:02  INFO        ▶ phase2 | chest_xray | blip | grid g=32 dr_iters=7 dr_ratio=0.1
2026-04-27 13:55:02  ERROR       ✗ phase2 | chest_xray | blip | grid g=32 dr_iters=7 dr_ratio=0.1  exit=2  (0.1s)
2026-04-27 13:55:02  DEBUG     CMD  set_slot 0 /home/ge.polymtl.ca/pahoa/random_stuff/poly_ai_project_pnp-ovss/.venv/bin/python /home/ge.polymtl.ca/pahoa/random_stuff/poly_ai_project_pnp-ovss/run_experiment.py --dataset chest_xray --model blip --spatial_type grid --granularity 32 --dropout_iters 7 --dropout_ratio 0.3
2026-04-27 13:55:02  INFO        ▶ phase2 | chest_xray | blip | grid g=32 dr_iters=7 dr_ratio=0.3
2026-04-27 13:55:02  ERROR       ✗ phase2 | chest_xray | blip | grid g=32 dr_iters=7 dr_ratio=0.3  exit=2  (0.1s)
2026-04-27 13:55:02  DEBUG     CMD  set_slot 0 /home/ge.polymtl.ca/pahoa/random_stuff/poly_ai_project_pnp-ovss/.venv/bin/python /home/ge.polymtl.ca/pahoa/random_stuff/poly_ai_project_pnp-ovss/run_experiment.py --dataset chest_xray --model blip --spatial_type grid --granularity 32 --dropout_iters 7 --dropout_ratio 0.5
2026-04-27 13:55:02  INFO        ▶ phase2 | chest_xray | blip | grid g=32 dr_iters=7 dr_ratio=0.5
2026-04-27 13:55:02  ERROR       ✗ phase2 | chest_xray | blip | grid g=32 dr_iters=7 dr_ratio=0.5  exit=2  (0.1s)
2026-04-27 13:55:02  DEBUG     CMD  set_slot 0 /home/ge.polymtl.ca/pahoa/random_stuff/poly_ai_project_pnp-ovss/.venv/bin/python /home/ge.polymtl.ca/pahoa/random_stuff/poly_ai_project_pnp-ovss/run_experiment.py --dataset chest_xray --model blip --spatial_type superpixel_slic --granularity 100 --dropout_iters 3 --dropout_ratio 0.1
2026-04-27 13:55:02  INFO        ▶ phase2 | chest_xray | blip | superpixel_slic g=100 dr_iters=3 dr_ratio=0.1
2026-04-27 13:55:02  ERROR       ✗ phase2 | chest_xray | blip | superpixel_slic g=100 dr_iters=3 dr_ratio=0.1  exit=2  (0.1s)
2026-04-27 13:55:02  DEBUG     CMD  set_slot 0 /home/ge.polymtl.ca/pahoa/random_stuff/poly_ai_project_pnp-ovss/.venv/bin/python /home/ge.polymtl.ca/pahoa/random_stuff/poly_ai_project_pnp-ovss/run_experiment.py --dataset chest_xray --model blip --spatial_type superpixel_slic --granularity 100 --dropout_iters 3 --dropout_ratio 0.3
2026-04-27 13:55:02  INFO        ▶ phase2 | chest_xray | blip | superpixel_slic g=100 dr_iters=3 dr_ratio=0.3
2026-04-27 13:55:02  ERROR       ✗ phase2 | chest_xray | blip | superpixel_slic g=100 dr_iters=3 dr_ratio=0.3  exit=2  (0.1s)
2026-04-27 13:55:02  DEBUG     CMD  set_slot 0 /home/ge.polymtl.ca/pahoa/random_stuff/poly_ai_project_pnp-ovss/.venv/bin/python /home/ge.polymtl.ca/pahoa/random_stuff/poly_ai_project_pnp-ovss/run_experiment.py --dataset chest_xray --model blip --spatial_type superpixel_slic --granularity 100 --dropout_iters 3 --dropout_ratio 0.5
2026-04-27 13:55:02  INFO        ▶ phase2 | chest_xray | blip | superpixel_slic g=100 dr_iters=3 dr_ratio=0.5
2026-04-27 13:55:02  ERROR       ✗ phase2 | chest_xray | blip | superpixel_slic g=100 dr_iters=3 dr_ratio=0.5  exit=2  (0.1s)
2026-04-27 13:55:02  DEBUG     CMD  set_slot 0 /home/ge.polymtl.ca/pahoa/random_stuff/poly_ai_project_pnp-ovss/.venv/bin/python /home/ge.polymtl.ca/pahoa/random_stuff/poly_ai_project_pnp-ovss/run_experiment.py --dataset chest_xray --model blip --spatial_type superpixel_slic --granularity 100 --dropout_iters 5 --dropout_ratio 0.1
2026-04-27 13:55:02  INFO        ▶ phase2 | chest_xray | blip | superpixel_slic g=100 dr_iters=5 dr_ratio=0.1
2026-04-27 13:55:02  ERROR       ✗ phase2 | chest_xray | blip | superpixel_slic g=100 dr_iters=5 dr_ratio=0.1  exit=2  (0.1s)
2026-04-27 13:55:02  DEBUG     CMD  set_slot 0 /home/ge.polymtl.ca/pahoa/random_stuff/poly_ai_project_pnp-ovss/.venv/bin/python /home/ge.polymtl.ca/pahoa/random_stuff/poly_ai_project_pnp-ovss/run_experiment.py --dataset chest_xray --model blip --spatial_type superpixel_slic --granularity 100 --dropout_iters 5 --dropout_ratio 0.3
2026-04-27 13:55:02  INFO        ▶ phase2 | chest_xray | blip | superpixel_slic g=100 dr_iters=5 dr_ratio=0.3
2026-04-27 13:55:03  ERROR       ✗ phase2 | chest_xray | blip | superpixel_slic g=100 dr_iters=5 dr_ratio=0.3  exit=2  (0.1s)
2026-04-27 13:55:03  DEBUG     CMD  set_slot 0 /home/ge.polymtl.ca/pahoa/random_stuff/poly_ai_project_pnp-ovss/.venv/bin/python /home/ge.polymtl.ca/pahoa/random_stuff/poly_ai_project_pnp-ovss/run_experiment.py --dataset chest_xray --model blip --spatial_type superpixel_slic --granularity 100 --dropout_iters 5 --dropout_ratio 0.5
2026-04-27 13:55:03  INFO        ▶ phase2 | chest_xray | blip | superpixel_slic g=100 dr_iters=5 dr_ratio=0.5
2026-04-27 13:55:03  ERROR       ✗ phase2 | chest_xray | blip | superpixel_slic g=100 dr_iters=5 dr_ratio=0.5  exit=2  (0.1s)
2026-04-27 13:55:03  DEBUG     CMD  set_slot 0 /home/ge.polymtl.ca/pahoa/random_stuff/poly_ai_project_pnp-ovss/.venv/bin/python /home/ge.polymtl.ca/pahoa/random_stuff/poly_ai_project_pnp-ovss/run_experiment.py --dataset chest_xray --model blip --spatial_type superpixel_slic --granularity 100 --dropout_iters 7 --dropout_ratio 0.1
2026-04-27 13:55:03  INFO        ▶ phase2 | chest_xray | blip | superpixel_slic g=100 dr_iters=7 dr_ratio=0.1
2026-04-27 13:55:03  ERROR       ✗ phase2 | chest_xray | blip | superpixel_slic g=100 dr_iters=7 dr_ratio=0.1  exit=2  (0.1s)
2026-04-27 13:55:03  DEBUG     CMD  set_slot 0 /home/ge.polymtl.ca/pahoa/random_stuff/poly_ai_project_pnp-ovss/.venv/bin/python /home/ge.polymtl.ca/pahoa/random_stuff/poly_ai_project_pnp-ovss/run_experiment.py --dataset chest_xray --model blip --spatial_type superpixel_slic --granularity 100 --dropout_iters 7 --dropout_ratio 0.3
2026-04-27 13:55:03  INFO        ▶ phase2 | chest_xray | blip | superpixel_slic g=100 dr_iters=7 dr_ratio=0.3
2026-04-27 13:55:03  ERROR       ✗ phase2 | chest_xray | blip | superpixel_slic g=100 dr_iters=7 dr_ratio=0.3  exit=2  (0.1s)
2026-04-27 13:55:03  DEBUG     CMD  set_slot 0 /home/ge.polymtl.ca/pahoa/random_stuff/poly_ai_project_pnp-ovss/.venv/bin/python /home/ge.polymtl.ca/pahoa/random_stuff/poly_ai_project_pnp-ovss/run_experiment.py --dataset chest_xray --model blip --spatial_type superpixel_slic --granularity 100 --dropout_iters 7 --dropout_ratio 0.5
2026-04-27 13:55:03  INFO        ▶ phase2 | chest_xray | blip | superpixel_slic g=100 dr_iters=7 dr_ratio=0.5
2026-04-27 13:55:03  ERROR       ✗ phase2 | chest_xray | blip | superpixel_slic g=100 dr_iters=7 dr_ratio=0.5  exit=2  (0.1s)
2026-04-27 13:55:03  DEBUG     CMD  set_slot 0 /home/ge.polymtl.ca/pahoa/random_stuff/poly_ai_project_pnp-ovss/.venv/bin/python /home/ge.polymtl.ca/pahoa/random_stuff/poly_ai_project_pnp-ovss/run_experiment.py --dataset chest_xray --model blip --spatial_type superpixel_slic --granularity 200 --dropout_iters 3 --dropout_ratio 0.1
2026-04-27 13:55:03  INFO        ▶ phase2 | chest_xray | blip | superpixel_slic g=200 dr_iters=3 dr_ratio=0.1
2026-04-27 13:55:03  ERROR       ✗ phase2 | chest_xray | blip | superpixel_slic g=200 dr_iters=3 dr_ratio=0.1  exit=2  (0.1s)
2026-04-27 13:55:03  DEBUG     CMD  set_slot 0 /home/ge.polymtl.ca/pahoa/random_stuff/poly_ai_project_pnp-ovss/.venv/bin/python /home/ge.polymtl.ca/pahoa/random_stuff/poly_ai_project_pnp-ovss/run_experiment.py --dataset chest_xray --model blip --spatial_type superpixel_slic --granularity 200 --dropout_iters 3 --dropout_ratio 0.3
2026-04-27 13:55:03  INFO        ▶ phase2 | chest_xray | blip | superpixel_slic g=200 dr_iters=3 dr_ratio=0.3
2026-04-27 13:55:03  ERROR       ✗ phase2 | chest_xray | blip | superpixel_slic g=200 dr_iters=3 dr_ratio=0.3  exit=2  (0.1s)
2026-04-27 13:55:03  DEBUG     CMD  set_slot 0 /home/ge.polymtl.ca/pahoa/random_stuff/poly_ai_project_pnp-ovss/.venv/bin/python /home/ge.polymtl.ca/pahoa/random_stuff/poly_ai_project_pnp-ovss/run_experiment.py --dataset chest_xray --model blip --spatial_type superpixel_slic --granularity 200 --dropout_iters 3 --dropout_ratio 0.5
2026-04-27 13:55:03  INFO        ▶ phase2 | chest_xray | blip | superpixel_slic g=200 dr_iters=3 dr_ratio=0.5
2026-04-27 13:55:03  ERROR       ✗ phase2 | chest_xray | blip | superpixel_slic g=200 dr_iters=3 dr_ratio=0.5  exit=2  (0.1s)
2026-04-27 13:55:03  DEBUG     CMD  set_slot 0 /home/ge.polymtl.ca/pahoa/random_stuff/poly_ai_project_pnp-ovss/.venv/bin/python /home/ge.polymtl.ca/pahoa/random_stuff/poly_ai_project_pnp-ovss/run_experiment.py --dataset chest_xray --model blip --spatial_type superpixel_slic --granularity 200 --dropout_iters 5 --dropout_ratio 0.1
2026-04-27 13:55:03  INFO        ▶ phase2 | chest_xray | blip | superpixel_slic g=200 dr_iters=5 dr_ratio=0.1
2026-04-27 13:55:03  ERROR       ✗ phase2 | chest_xray | blip | superpixel_slic g=200 dr_iters=5 dr_ratio=0.1  exit=2  (0.1s)
2026-04-27 13:55:03  DEBUG     CMD  set_slot 0 /home/ge.polymtl.ca/pahoa/random_stuff/poly_ai_project_pnp-ovss/.venv/bin/python /home/ge.polymtl.ca/pahoa/random_stuff/poly_ai_project_pnp-ovss/run_experiment.py --dataset chest_xray --model blip --spatial_type superpixel_slic --granularity 200 --dropout_iters 5 --dropout_ratio 0.3
2026-04-27 13:55:03  INFO        ▶ phase2 | chest_xray | blip | superpixel_slic g=200 dr_iters=5 dr_ratio=0.3
2026-04-27 13:55:03  ERROR       ✗ phase2 | chest_xray | blip | superpixel_slic g=200 dr_iters=5 dr_ratio=0.3  exit=2  (0.1s)
2026-04-27 13:55:03  DEBUG     CMD  set_slot 0 /home/ge.polymtl.ca/pahoa/random_stuff/poly_ai_project_pnp-ovss/.venv/bin/python /home/ge.polymtl.ca/pahoa/random_stuff/poly_ai_project_pnp-ovss/run_experiment.py --dataset chest_xray --model blip --spatial_type superpixel_slic --granularity 200 --dropout_iters 5 --dropout_ratio 0.5
2026-04-27 13:55:03  INFO        ▶ phase2 | chest_xray | blip | superpixel_slic g=200 dr_iters=5 dr_ratio=0.5
2026-04-27 13:55:03  ERROR       ✗ phase2 | chest_xray | blip | superpixel_slic g=200 dr_iters=5 dr_ratio=0.5  exit=2  (0.1s)
2026-04-27 13:55:03  DEBUG     CMD  set_slot 0 /home/ge.polymtl.ca/pahoa/random_stuff/poly_ai_project_pnp-ovss/.venv/bin/python /home/ge.polymtl.ca/pahoa/random_stuff/poly_ai_project_pnp-ovss/run_experiment.py --dataset chest_xray --model blip --spatial_type superpixel_slic --granularity 200 --dropout_iters 7 --dropout_ratio 0.1
2026-04-27 13:55:03  INFO        ▶ phase2 | chest_xray | blip | superpixel_slic g=200 dr_iters=7 dr_ratio=0.1
2026-04-27 13:55:04  ERROR       ✗ phase2 | chest_xray | blip | superpixel_slic g=200 dr_iters=7 dr_ratio=0.1  exit=2  (0.1s)
2026-04-27 13:55:04  DEBUG     CMD  set_slot 0 /home/ge.polymtl.ca/pahoa/random_stuff/poly_ai_project_pnp-ovss/.venv/bin/python /home/ge.polymtl.ca/pahoa/random_stuff/poly_ai_project_pnp-ovss/run_experiment.py --dataset chest_xray --model blip --spatial_type superpixel_slic --granularity 200 --dropout_iters 7 --dropout_ratio 0.3
2026-04-27 13:55:04  INFO        ▶ phase2 | chest_xray | blip | superpixel_slic g=200 dr_iters=7 dr_ratio=0.3
2026-04-27 13:55:04  ERROR       ✗ phase2 | chest_xray | blip | superpixel_slic g=200 dr_iters=7 dr_ratio=0.3  exit=2  (0.1s)
2026-04-27 13:55:04  DEBUG     CMD  set_slot 0 /home/ge.polymtl.ca/pahoa/random_stuff/poly_ai_project_pnp-ovss/.venv/bin/python /home/ge.polymtl.ca/pahoa/random_stuff/poly_ai_project_pnp-ovss/run_experiment.py --dataset chest_xray --model blip --spatial_type superpixel_slic --granularity 200 --dropout_iters 7 --dropout_ratio 0.5
2026-04-27 13:55:04  INFO        ▶ phase2 | chest_xray | blip | superpixel_slic g=200 dr_iters=7 dr_ratio=0.5
2026-04-27 13:55:04  ERROR       ✗ phase2 | chest_xray | blip | superpixel_slic g=200 dr_iters=7 dr_ratio=0.5  exit=2  (0.1s)
2026-04-27 13:55:04  DEBUG     CMD  set_slot 0 /home/ge.polymtl.ca/pahoa/random_stuff/poly_ai_project_pnp-ovss/.venv/bin/python /home/ge.polymtl.ca/pahoa/random_stuff/poly_ai_project_pnp-ovss/run_experiment.py --dataset chest_xray --model blip --spatial_type superpixel_slic --granularity 300 --dropout_iters 3 --dropout_ratio 0.1
2026-04-27 13:55:04  INFO        ▶ phase2 | chest_xray | blip | superpixel_slic g=300 dr_iters=3 dr_ratio=0.1
2026-04-27 13:55:04  ERROR       ✗ phase2 | chest_xray | blip | superpixel_slic g=300 dr_iters=3 dr_ratio=0.1  exit=2  (0.1s)
2026-04-27 13:55:04  DEBUG     CMD  set_slot 0 /home/ge.polymtl.ca/pahoa/random_stuff/poly_ai_project_pnp-ovss/.venv/bin/python /home/ge.polymtl.ca/pahoa/random_stuff/poly_ai_project_pnp-ovss/run_experiment.py --dataset chest_xray --model blip --spatial_type superpixel_slic --granularity 300 --dropout_iters 3 --dropout_ratio 0.3
2026-04-27 13:55:04  INFO        ▶ phase2 | chest_xray | blip | superpixel_slic g=300 dr_iters=3 dr_ratio=0.3
2026-04-27 13:55:04  ERROR       ✗ phase2 | chest_xray | blip | superpixel_slic g=300 dr_iters=3 dr_ratio=0.3  exit=2  (0.1s)
2026-04-27 13:55:04  DEBUG     CMD  set_slot 0 /home/ge.polymtl.ca/pahoa/random_stuff/poly_ai_project_pnp-ovss/.venv/bin/python /home/ge.polymtl.ca/pahoa/random_stuff/poly_ai_project_pnp-ovss/run_experiment.py --dataset chest_xray --model blip --spatial_type superpixel_slic --granularity 300 --dropout_iters 3 --dropout_ratio 0.5
2026-04-27 13:55:04  INFO        ▶ phase2 | chest_xray | blip | superpixel_slic g=300 dr_iters=3 dr_ratio=0.5
2026-04-27 13:55:04  ERROR       ✗ phase2 | chest_xray | blip | superpixel_slic g=300 dr_iters=3 dr_ratio=0.5  exit=2  (0.1s)
2026-04-27 13:55:04  DEBUG     CMD  set_slot 0 /home/ge.polymtl.ca/pahoa/random_stuff/poly_ai_project_pnp-ovss/.venv/bin/python /home/ge.polymtl.ca/pahoa/random_stuff/poly_ai_project_pnp-ovss/run_experiment.py --dataset chest_xray --model blip --spatial_type superpixel_slic --granularity 300 --dropout_iters 5 --dropout_ratio 0.1
2026-04-27 13:55:04  INFO        ▶ phase2 | chest_xray | blip | superpixel_slic g=300 dr_iters=5 dr_ratio=0.1
2026-04-27 13:55:04  ERROR       ✗ phase2 | chest_xray | blip | superpixel_slic g=300 dr_iters=5 dr_ratio=0.1  exit=2  (0.1s)
2026-04-27 13:55:04  DEBUG     CMD  set_slot 0 /home/ge.polymtl.ca/pahoa/random_stuff/poly_ai_project_pnp-ovss/.venv/bin/python /home/ge.polymtl.ca/pahoa/random_stuff/poly_ai_project_pnp-ovss/run_experiment.py --dataset chest_xray --model blip --spatial_type superpixel_slic --granularity 300 --dropout_iters 5 --dropout_ratio 0.3
2026-04-27 13:55:04  INFO        ▶ phase2 | chest_xray | blip | superpixel_slic g=300 dr_iters=5 dr_ratio=0.3
2026-04-27 13:55:04  ERROR       ✗ phase2 | chest_xray | blip | superpixel_slic g=300 dr_iters=5 dr_ratio=0.3  exit=130  (0.0s)
2026-04-27 13:55:04  DEBUG     CMD  set_slot 0 /home/ge.polymtl.ca/pahoa/random_stuff/poly_ai_project_pnp-ovss/.venv/bin/python /home/ge.polymtl.ca/pahoa/random_stuff/poly_ai_project_pnp-ovss/run_experiment.py --dataset chest_xray --model blip --spatial_type superpixel_slic --granularity 300 --dropout_iters 5 --dropout_ratio 0.5
2026-04-27 13:55:04  INFO        ▶ phase2 | chest_xray | blip | superpixel_slic g=300 dr_iters=5 dr_ratio=0.5
2026-04-27 13:55:04  ERROR       ✗ phase2 | chest_xray | blip | superpixel_slic g=300 dr_iters=5 dr_ratio=0.5  exit=2  (0.1s)
2026-04-27 13:55:04  DEBUG     CMD  set_slot 0 /home/ge.polymtl.ca/pahoa/random_stuff/poly_ai_project_pnp-ovss/.venv/bin/python /home/ge.polymtl.ca/pahoa/random_stuff/poly_ai_project_pnp-ovss/run_experiment.py --dataset chest_xray --model blip --spatial_type superpixel_slic --granularity 300 --dropout_iters 7 --dropout_ratio 0.1
2026-04-27 13:55:04  INFO        ▶ phase2 | chest_xray | blip | superpixel_slic g=300 dr_iters=7 dr_ratio=0.1
2026-04-27 13:55:04  ERROR       ✗ phase2 | chest_xray | blip | superpixel_slic g=300 dr_iters=7 dr_ratio=0.1  exit=2  (0.1s)
2026-04-27 13:55:04  DEBUG     CMD  set_slot 0 /home/ge.polymtl.ca/pahoa/random_stuff/poly_ai_project_pnp-ovss/.venv/bin/python /home/ge.polymtl.ca/pahoa/random_stuff/poly_ai_project_pnp-ovss/run_experiment.py --dataset chest_xray --model blip --spatial_type superpixel_slic --granularity 300 --dropout_iters 7 --dropout_ratio 0.3
2026-04-27 13:55:04  INFO        ▶ phase2 | chest_xray | blip | superpixel_slic g=300 dr_iters=7 dr_ratio=0.3
2026-04-27 13:55:04  ERROR       ✗ phase2 | chest_xray | blip | superpixel_slic g=300 dr_iters=7 dr_ratio=0.3  exit=2  (0.1s)
2026-04-27 13:55:04  DEBUG     CMD  set_slot 0 /home/ge.polymtl.ca/pahoa/random_stuff/poly_ai_project_pnp-ovss/.venv/bin/python /home/ge.polymtl.ca/pahoa/random_stuff/poly_ai_project_pnp-ovss/run_experiment.py --dataset chest_xray --model blip --spatial_type superpixel_slic --granularity 300 --dropout_iters 7 --dropout_ratio 0.5
2026-04-27 13:55:04  INFO        ▶ phase2 | chest_xray | blip | superpixel_slic g=300 dr_iters=7 dr_ratio=0.5
2026-04-27 13:55:05  ERROR       ✗ phase2 | chest_xray | blip | superpixel_slic g=300 dr_iters=7 dr_ratio=0.5  exit=2  (0.1s)
2026-04-27 13:55:05  INFO        Phase 2 done  ok=0  fail=45
2026-04-27 13:55:05  INFO        ── Phase 3 ──
2026-04-27 13:55:05  DEBUG     CMD  set_slot 0 /home/ge.polymtl.ca/pahoa/random_stuff/poly_ai_project_pnp-ovss/.venv/bin/python /home/ge.polymtl.ca/pahoa/random_stuff/poly_ai_project_pnp-ovss/run_experiment.py --dataset chest_xray --model blip --tuning_metric zero_shot_heuristic
2026-04-27 13:55:05  INFO        ▶ phase3 | chest_xray | blip | metric=zero_shot_heuristic
2026-04-27 13:55:05  ERROR       ✗ phase3 | chest_xray | blip | metric=zero_shot_heuristic  exit=2  (0.1s)
2026-04-27 13:55:05  DEBUG     CMD  set_slot 0 /home/ge.polymtl.ca/pahoa/random_stuff/poly_ai_project_pnp-ovss/.venv/bin/python /home/ge.polymtl.ca/pahoa/random_stuff/poly_ai_project_pnp-ovss/run_experiment.py --dataset chest_xray --model blip --tuning_metric supervised_mdice
2026-04-27 13:55:05  INFO        ▶ phase3 | chest_xray | blip | metric=supervised_mdice
2026-04-27 13:55:05  ERROR       ✗ phase3 | chest_xray | blip | metric=supervised_mdice  exit=2  (0.1s)
2026-04-27 13:55:05  INFO        Phase 3 done  ok=0  fail=2
2026-04-27 13:55:05  INFO        ── Phase 4 ──
2026-04-27 13:55:05  DEBUG     CMD  set_slot 0 /home/ge.polymtl.ca/pahoa/random_stuff/poly_ai_project_pnp-ovss/.venv/bin/python /home/ge.polymtl.ca/pahoa/random_stuff/poly_ai_project_pnp-ovss/run_experiment.py --run_final_eval True --dataset chest_xray --model blip
2026-04-27 13:55:05  INFO        ▶ phase4 | chest_xray | blip
2026-04-27 13:55:05  ERROR       ✗ phase4 | chest_xray | blip  exit=2  (0.1s)
2026-04-27 13:55:05  INFO        Phase 4 done  ok=0  fail=1
2026-04-27 13:55:05  INFO      ━━━━━━━━━━━━━━━━━━━━━━━━━━━━━━━━━━━━━━━━━━━━━━━━━━━━━━━━━━━━━━━━━━━━━━━━
2026-04-27 13:55:05  INFO        PAIR  dataset=chest_xray       model=bridgetower
2026-04-27 13:55:05  INFO      ━━━━━━━━━━━━━━━━━━━━━━━━━━━━━━━━━━━━━━━━━━━━━━━━━━━━━━━━━━━━━━━━━━━━━━━━
2026-04-27 13:55:05  INFO        ── Phase 1 ──
2026-04-27 13:55:05  DEBUG     CMD  set_slot 0 /home/ge.polymtl.ca/pahoa/random_stuff/poly_ai_project_pnp-ovss/.venv/bin/python /home/ge.polymtl.ca/pahoa/random_stuff/poly_ai_project_pnp-ovss/run_experiment.py --dataset chest_xray --model bridgetower --spatial_type grid --tuning_metric zero_shot_heuristic
2026-04-27 13:55:05  INFO        ▶ phase1 | chest_xray | bridgetower
2026-04-27 13:55:05  ERROR       ✗ phase1 | chest_xray | bridgetower  exit=2  (0.1s)
2026-04-27 13:55:05  INFO        Phase 1 done  ok=0  fail=1
2026-04-27 13:55:05  INFO        ── Phase 2 ──
2026-04-27 13:55:05  DEBUG     CMD  set_slot 0 /home/ge.polymtl.ca/pahoa/random_stuff/poly_ai_project_pnp-ovss/.venv/bin/python /home/ge.polymtl.ca/pahoa/random_stuff/poly_ai_project_pnp-ovss/run_experiment.py --dataset chest_xray --model bridgetower --spatial_type grid --granularity 16 --dropout_iters 3 --dropout_ratio 0.1
2026-04-27 13:55:05  INFO        ▶ phase2 | chest_xray | bridgetower | grid g=16 dr_iters=3 dr_ratio=0.1
2026-04-27 13:55:05  ERROR       ✗ phase2 | chest_xray | bridgetower | grid g=16 dr_iters=3 dr_ratio=0.1  exit=2  (0.1s)
2026-04-27 13:55:05  DEBUG     CMD  set_slot 0 /home/ge.polymtl.ca/pahoa/random_stuff/poly_ai_project_pnp-ovss/.venv/bin/python /home/ge.polymtl.ca/pahoa/random_stuff/poly_ai_project_pnp-ovss/run_experiment.py --dataset chest_xray --model bridgetower --spatial_type grid --granularity 16 --dropout_iters 3 --dropout_ratio 0.3
2026-04-27 13:55:05  INFO        ▶ phase2 | chest_xray | bridgetower | grid g=16 dr_iters=3 dr_ratio=0.3
2026-04-27 13:55:05  ERROR       ✗ phase2 | chest_xray | bridgetower | grid g=16 dr_iters=3 dr_ratio=0.3  exit=2  (0.1s)
2026-04-27 13:55:05  DEBUG     CMD  set_slot 0 /home/ge.polymtl.ca/pahoa/random_stuff/poly_ai_project_pnp-ovss/.venv/bin/python /home/ge.polymtl.ca/pahoa/random_stuff/poly_ai_project_pnp-ovss/run_experiment.py --dataset chest_xray --model bridgetower --spatial_type grid --granularity 16 --dropout_iters 3 --dropout_ratio 0.5
2026-04-27 13:55:05  INFO        ▶ phase2 | chest_xray | bridgetower | grid g=16 dr_iters=3 dr_ratio=0.5
2026-04-27 13:55:05  ERROR       ✗ phase2 | chest_xray | bridgetower | grid g=16 dr_iters=3 dr_ratio=0.5  exit=2  (0.1s)
2026-04-27 13:55:05  DEBUG     CMD  set_slot 0 /home/ge.polymtl.ca/pahoa/random_stuff/poly_ai_project_pnp-ovss/.venv/bin/python /home/ge.polymtl.ca/pahoa/random_stuff/poly_ai_project_pnp-ovss/run_experiment.py --dataset chest_xray --model bridgetower --spatial_type grid --granularity 16 --dropout_iters 5 --dropout_ratio 0.1
2026-04-27 13:55:05  INFO        ▶ phase2 | chest_xray | bridgetower | grid g=16 dr_iters=5 dr_ratio=0.1
2026-04-27 13:55:05  ERROR       ✗ phase2 | chest_xray | bridgetower | grid g=16 dr_iters=5 dr_ratio=0.1  exit=2  (0.1s)
2026-04-27 13:55:05  DEBUG     CMD  set_slot 0 /home/ge.polymtl.ca/pahoa/random_stuff/poly_ai_project_pnp-ovss/.venv/bin/python /home/ge.polymtl.ca/pahoa/random_stuff/poly_ai_project_pnp-ovss/run_experiment.py --dataset chest_xray --model bridgetower --spatial_type grid --granularity 16 --dropout_iters 5 --dropout_ratio 0.3
2026-04-27 13:55:05  INFO        ▶ phase2 | chest_xray | bridgetower | grid g=16 dr_iters=5 dr_ratio=0.3
2026-04-27 13:55:05  ERROR       ✗ phase2 | chest_xray | bridgetower | grid g=16 dr_iters=5 dr_ratio=0.3  exit=2  (0.1s)
2026-04-27 13:55:05  DEBUG     CMD  set_slot 0 /home/ge.polymtl.ca/pahoa/random_stuff/poly_ai_project_pnp-ovss/.venv/bin/python /home/ge.polymtl.ca/pahoa/random_stuff/poly_ai_project_pnp-ovss/run_experiment.py --dataset chest_xray --model bridgetower --spatial_type grid --granularity 16 --dropout_iters 5 --dropout_ratio 0.5
2026-04-27 13:55:05  INFO        ▶ phase2 | chest_xray | bridgetower | grid g=16 dr_iters=5 dr_ratio=0.5
2026-04-27 13:55:06  ERROR       ✗ phase2 | chest_xray | bridgetower | grid g=16 dr_iters=5 dr_ratio=0.5  exit=2  (0.1s)
2026-04-27 13:55:06  DEBUG     CMD  set_slot 0 /home/ge.polymtl.ca/pahoa/random_stuff/poly_ai_project_pnp-ovss/.venv/bin/python /home/ge.polymtl.ca/pahoa/random_stuff/poly_ai_project_pnp-ovss/run_experiment.py --dataset chest_xray --model bridgetower --spatial_type grid --granularity 16 --dropout_iters 7 --dropout_ratio 0.1
2026-04-27 13:55:06  INFO        ▶ phase2 | chest_xray | bridgetower | grid g=16 dr_iters=7 dr_ratio=0.1
2026-04-27 13:55:06  ERROR       ✗ phase2 | chest_xray | bridgetower | grid g=16 dr_iters=7 dr_ratio=0.1  exit=2  (0.1s)
2026-04-27 13:55:06  DEBUG     CMD  set_slot 0 /home/ge.polymtl.ca/pahoa/random_stuff/poly_ai_project_pnp-ovss/.venv/bin/python /home/ge.polymtl.ca/pahoa/random_stuff/poly_ai_project_pnp-ovss/run_experiment.py --dataset chest_xray --model bridgetower --spatial_type grid --granularity 16 --dropout_iters 7 --dropout_ratio 0.3
2026-04-27 13:55:06  INFO        ▶ phase2 | chest_xray | bridgetower | grid g=16 dr_iters=7 dr_ratio=0.3
2026-04-27 13:55:06  ERROR       ✗ phase2 | chest_xray | bridgetower | grid g=16 dr_iters=7 dr_ratio=0.3  exit=2  (0.1s)
2026-04-27 13:55:06  DEBUG     CMD  set_slot 0 /home/ge.polymtl.ca/pahoa/random_stuff/poly_ai_project_pnp-ovss/.venv/bin/python /home/ge.polymtl.ca/pahoa/random_stuff/poly_ai_project_pnp-ovss/run_experiment.py --dataset chest_xray --model bridgetower --spatial_type grid --granularity 16 --dropout_iters 7 --dropout_ratio 0.5
2026-04-27 13:55:06  INFO        ▶ phase2 | chest_xray | bridgetower | grid g=16 dr_iters=7 dr_ratio=0.5
2026-04-27 13:55:06  ERROR       ✗ phase2 | chest_xray | bridgetower | grid g=16 dr_iters=7 dr_ratio=0.5  exit=2  (0.1s)
2026-04-27 13:55:06  DEBUG     CMD  set_slot 0 /home/ge.polymtl.ca/pahoa/random_stuff/poly_ai_project_pnp-ovss/.venv/bin/python /home/ge.polymtl.ca/pahoa/random_stuff/poly_ai_project_pnp-ovss/run_experiment.py --dataset chest_xray --model bridgetower --spatial_type grid --granularity 32 --dropout_iters 3 --dropout_ratio 0.1
2026-04-27 13:55:06  INFO        ▶ phase2 | chest_xray | bridgetower | grid g=32 dr_iters=3 dr_ratio=0.1
2026-04-27 13:55:06  ERROR       ✗ phase2 | chest_xray | bridgetower | grid g=32 dr_iters=3 dr_ratio=0.1  exit=2  (0.1s)
2026-04-27 13:55:06  DEBUG     CMD  set_slot 0 /home/ge.polymtl.ca/pahoa/random_stuff/poly_ai_project_pnp-ovss/.venv/bin/python /home/ge.polymtl.ca/pahoa/random_stuff/poly_ai_project_pnp-ovss/run_experiment.py --dataset chest_xray --model bridgetower --spatial_type grid --granularity 32 --dropout_iters 3 --dropout_ratio 0.3
2026-04-27 13:55:06  INFO        ▶ phase2 | chest_xray | bridgetower | grid g=32 dr_iters=3 dr_ratio=0.3
2026-04-27 13:55:06  ERROR       ✗ phase2 | chest_xray | bridgetower | grid g=32 dr_iters=3 dr_ratio=0.3  exit=2  (0.1s)
2026-04-27 13:55:06  DEBUG     CMD  set_slot 0 /home/ge.polymtl.ca/pahoa/random_stuff/poly_ai_project_pnp-ovss/.venv/bin/python /home/ge.polymtl.ca/pahoa/random_stuff/poly_ai_project_pnp-ovss/run_experiment.py --dataset chest_xray --model bridgetower --spatial_type grid --granularity 32 --dropout_iters 3 --dropout_ratio 0.5
2026-04-27 13:55:06  INFO        ▶ phase2 | chest_xray | bridgetower | grid g=32 dr_iters=3 dr_ratio=0.5
2026-04-27 13:55:06  ERROR       ✗ phase2 | chest_xray | bridgetower | grid g=32 dr_iters=3 dr_ratio=0.5  exit=2  (0.1s)
2026-04-27 13:55:06  DEBUG     CMD  set_slot 0 /home/ge.polymtl.ca/pahoa/random_stuff/poly_ai_project_pnp-ovss/.venv/bin/python /home/ge.polymtl.ca/pahoa/random_stuff/poly_ai_project_pnp-ovss/run_experiment.py --dataset chest_xray --model bridgetower --spatial_type grid --granularity 32 --dropout_iters 5 --dropout_ratio 0.1
2026-04-27 13:55:06  INFO        ▶ phase2 | chest_xray | bridgetower | grid g=32 dr_iters=5 dr_ratio=0.1
2026-04-27 13:55:06  INFO        ✓ phase2 | chest_xray | bridgetower | grid g=32 dr_iters=5 dr_ratio=0.1  (0.1s)
2026-04-27 13:55:06  DEBUG     CMD  set_slot 0 /home/ge.polymtl.ca/pahoa/random_stuff/poly_ai_project_pnp-ovss/.venv/bin/python /home/ge.polymtl.ca/pahoa/random_stuff/poly_ai_project_pnp-ovss/run_experiment.py --dataset chest_xray --model bridgetower --spatial_type grid --granularity 32 --dropout_iters 5 --dropout_ratio 0.3
2026-04-27 13:55:06  INFO        ▶ phase2 | chest_xray | bridgetower | grid g=32 dr_iters=5 dr_ratio=0.3
2026-04-27 13:55:06  ERROR       ✗ phase2 | chest_xray | bridgetower | grid g=32 dr_iters=5 dr_ratio=0.3  exit=2  (0.1s)
2026-04-27 13:55:06  DEBUG     CMD  set_slot 0 /home/ge.polymtl.ca/pahoa/random_stuff/poly_ai_project_pnp-ovss/.venv/bin/python /home/ge.polymtl.ca/pahoa/random_stuff/poly_ai_project_pnp-ovss/run_experiment.py --dataset chest_xray --model bridgetower --spatial_type grid --granularity 32 --dropout_iters 5 --dropout_ratio 0.5
2026-04-27 13:55:06  INFO        ▶ phase2 | chest_xray | bridgetower | grid g=32 dr_iters=5 dr_ratio=0.5
2026-04-27 13:55:06  ERROR       ✗ phase2 | chest_xray | bridgetower | grid g=32 dr_iters=5 dr_ratio=0.5  exit=2  (0.1s)
2026-04-27 13:55:06  DEBUG     CMD  set_slot 0 /home/ge.polymtl.ca/pahoa/random_stuff/poly_ai_project_pnp-ovss/.venv/bin/python /home/ge.polymtl.ca/pahoa/random_stuff/poly_ai_project_pnp-ovss/run_experiment.py --dataset chest_xray --model bridgetower --spatial_type grid --granularity 32 --dropout_iters 7 --dropout_ratio 0.1
2026-04-27 13:55:06  INFO        ▶ phase2 | chest_xray | bridgetower | grid g=32 dr_iters=7 dr_ratio=0.1
2026-04-27 13:55:07  ERROR       ✗ phase2 | chest_xray | bridgetower | grid g=32 dr_iters=7 dr_ratio=0.1  exit=2  (0.1s)
2026-04-27 13:55:07  DEBUG     CMD  set_slot 0 /home/ge.polymtl.ca/pahoa/random_stuff/poly_ai_project_pnp-ovss/.venv/bin/python /home/ge.polymtl.ca/pahoa/random_stuff/poly_ai_project_pnp-ovss/run_experiment.py --dataset chest_xray --model bridgetower --spatial_type grid --granularity 32 --dropout_iters 7 --dropout_ratio 0.3
2026-04-27 13:55:07  INFO        ▶ phase2 | chest_xray | bridgetower | grid g=32 dr_iters=7 dr_ratio=0.3
2026-04-27 13:55:07  ERROR       ✗ phase2 | chest_xray | bridgetower | grid g=32 dr_iters=7 dr_ratio=0.3  exit=2  (0.1s)
2026-04-27 13:55:07  DEBUG     CMD  set_slot 0 /home/ge.polymtl.ca/pahoa/random_stuff/poly_ai_project_pnp-ovss/.venv/bin/python /home/ge.polymtl.ca/pahoa/random_stuff/poly_ai_project_pnp-ovss/run_experiment.py --dataset chest_xray --model bridgetower --spatial_type grid --granularity 32 --dropout_iters 7 --dropout_ratio 0.5
2026-04-27 13:55:07  INFO        ▶ phase2 | chest_xray | bridgetower | grid g=32 dr_iters=7 dr_ratio=0.5
2026-04-27 13:55:07  ERROR       ✗ phase2 | chest_xray | bridgetower | grid g=32 dr_iters=7 dr_ratio=0.5  exit=2  (0.1s)
2026-04-27 13:55:07  DEBUG     CMD  set_slot 0 /home/ge.polymtl.ca/pahoa/random_stuff/poly_ai_project_pnp-ovss/.venv/bin/python /home/ge.polymtl.ca/pahoa/random_stuff/poly_ai_project_pnp-ovss/run_experiment.py --dataset chest_xray --model bridgetower --spatial_type superpixel_slic --granularity 100 --dropout_iters 3 --dropout_ratio 0.1
2026-04-27 13:55:07  INFO        ▶ phase2 | chest_xray | bridgetower | superpixel_slic g=100 dr_iters=3 dr_ratio=0.1
2026-04-27 13:55:07  ERROR       ✗ phase2 | chest_xray | bridgetower | superpixel_slic g=100 dr_iters=3 dr_ratio=0.1  exit=2  (0.1s)
2026-04-27 13:55:07  DEBUG     CMD  set_slot 0 /home/ge.polymtl.ca/pahoa/random_stuff/poly_ai_project_pnp-ovss/.venv/bin/python /home/ge.polymtl.ca/pahoa/random_stuff/poly_ai_project_pnp-ovss/run_experiment.py --dataset chest_xray --model bridgetower --spatial_type superpixel_slic --granularity 100 --dropout_iters 3 --dropout_ratio 0.3
2026-04-27 13:55:07  INFO        ▶ phase2 | chest_xray | bridgetower | superpixel_slic g=100 dr_iters=3 dr_ratio=0.3
2026-04-27 13:58:07  INFO      ========================================================================
2026-04-27 13:58:07  INFO        MACRO-MACRO RUNNER  START
2026-04-27 13:58:07  INFO        datasets  : ['pascal_voc', 'chest_xray']
2026-04-27 13:58:07  INFO        models    : ['blip', 'bridgetower', 'albef']
2026-04-27 13:58:07  INFO        phases    : [1, 2, 3, 4]
2026-04-27 13:58:07  INFO        dry-run   : False
2026-04-27 13:58:07  INFO      ========================================================================
2026-04-27 13:58:07  INFO        Expected runs: Phase2 has 45 combos × 6 pairs = 270 Phase2 calls total
2026-04-27 13:58:07  INFO      
2026-04-27 13:58:07  INFO      ━━━━━━━━━━━━━━━━━━━━━━━━━━━━━━━━━━━━━━━━━━━━━━━━━━━━━━━━━━━━━━━━━━━━━━━━
2026-04-27 13:58:07  INFO        PAIR  dataset=pascal_voc       model=blip
2026-04-27 13:58:07  INFO      ━━━━━━━━━━━━━━━━━━━━━━━━━━━━━━━━━━━━━━━━━━━━━━━━━━━━━━━━━━━━━━━━━━━━━━━━
2026-04-27 13:58:07  INFO        ── Phase 1 ──
2026-04-27 13:58:07  DEBUG     CMD  /home/ge.polymtl.ca/pahoa/random_stuff/poly_ai_project_pnp-ovss/.venv/bin/python /home/ge.polymtl.ca/pahoa/random_stuff/poly_ai_project_pnp-ovss/run_experiment.py --dataset pascal_voc --model blip --spatial_type grid --tuning_metric zero_shot_heuristic
2026-04-27 13:58:07  INFO        ▶ phase1 | pascal_voc | blip
2026-04-27 13:58:07  ERROR       ✗ phase1 | pascal_voc | blip  exit=2  (0.0s)
2026-04-27 13:58:07  INFO        Phase 1 done  ok=0  fail=1
2026-04-27 13:58:07  INFO        ── Phase 2 ──
2026-04-27 13:58:07  DEBUG     CMD  /home/ge.polymtl.ca/pahoa/random_stuff/poly_ai_project_pnp-ovss/.venv/bin/python /home/ge.polymtl.ca/pahoa/random_stuff/poly_ai_project_pnp-ovss/run_experiment.py --dataset pascal_voc --model blip --spatial_type grid --granularity 16 --dropout_iters 3 --dropout_ratio 0.1
2026-04-27 13:58:07  INFO        ▶ phase2 | pascal_voc | blip | grid g=16 dr_iters=3 dr_ratio=0.1
2026-04-27 13:58:07  ERROR       ✗ phase2 | pascal_voc | blip | grid g=16 dr_iters=3 dr_ratio=0.1  exit=2  (0.0s)
2026-04-27 13:58:07  DEBUG     CMD  /home/ge.polymtl.ca/pahoa/random_stuff/poly_ai_project_pnp-ovss/.venv/bin/python /home/ge.polymtl.ca/pahoa/random_stuff/poly_ai_project_pnp-ovss/run_experiment.py --dataset pascal_voc --model blip --spatial_type grid --granularity 16 --dropout_iters 3 --dropout_ratio 0.3
2026-04-27 13:58:07  INFO        ▶ phase2 | pascal_voc | blip | grid g=16 dr_iters=3 dr_ratio=0.3
2026-04-27 13:58:07  ERROR       ✗ phase2 | pascal_voc | blip | grid g=16 dr_iters=3 dr_ratio=0.3  exit=2  (0.0s)
2026-04-27 13:58:07  DEBUG     CMD  /home/ge.polymtl.ca/pahoa/random_stuff/poly_ai_project_pnp-ovss/.venv/bin/python /home/ge.polymtl.ca/pahoa/random_stuff/poly_ai_project_pnp-ovss/run_experiment.py --dataset pascal_voc --model blip --spatial_type grid --granularity 16 --dropout_iters 3 --dropout_ratio 0.5
2026-04-27 13:58:07  INFO        ▶ phase2 | pascal_voc | blip | grid g=16 dr_iters=3 dr_ratio=0.5
2026-04-27 13:58:07  ERROR       ✗ phase2 | pascal_voc | blip | grid g=16 dr_iters=3 dr_ratio=0.5  exit=2  (0.0s)
2026-04-27 13:58:07  DEBUG     CMD  /home/ge.polymtl.ca/pahoa/random_stuff/poly_ai_project_pnp-ovss/.venv/bin/python /home/ge.polymtl.ca/pahoa/random_stuff/poly_ai_project_pnp-ovss/run_experiment.py --dataset pascal_voc --model blip --spatial_type grid --granularity 16 --dropout_iters 5 --dropout_ratio 0.1
2026-04-27 13:58:07  INFO        ▶ phase2 | pascal_voc | blip | grid g=16 dr_iters=5 dr_ratio=0.1
2026-04-27 13:58:07  ERROR       ✗ phase2 | pascal_voc | blip | grid g=16 dr_iters=5 dr_ratio=0.1  exit=2  (0.0s)
2026-04-27 13:58:07  DEBUG     CMD  /home/ge.polymtl.ca/pahoa/random_stuff/poly_ai_project_pnp-ovss/.venv/bin/python /home/ge.polymtl.ca/pahoa/random_stuff/poly_ai_project_pnp-ovss/run_experiment.py --dataset pascal_voc --model blip --spatial_type grid --granularity 16 --dropout_iters 5 --dropout_ratio 0.3
2026-04-27 13:58:07  INFO        ▶ phase2 | pascal_voc | blip | grid g=16 dr_iters=5 dr_ratio=0.3
2026-04-27 13:58:07  ERROR       ✗ phase2 | pascal_voc | blip | grid g=16 dr_iters=5 dr_ratio=0.3  exit=2  (0.0s)
2026-04-27 13:58:07  DEBUG     CMD  /home/ge.polymtl.ca/pahoa/random_stuff/poly_ai_project_pnp-ovss/.venv/bin/python /home/ge.polymtl.ca/pahoa/random_stuff/poly_ai_project_pnp-ovss/run_experiment.py --dataset pascal_voc --model blip --spatial_type grid --granularity 16 --dropout_iters 5 --dropout_ratio 0.5
2026-04-27 13:58:07  INFO        ▶ phase2 | pascal_voc | blip | grid g=16 dr_iters=5 dr_ratio=0.5
2026-04-27 13:58:07  ERROR       ✗ phase2 | pascal_voc | blip | grid g=16 dr_iters=5 dr_ratio=0.5  exit=2  (0.0s)
2026-04-27 13:58:07  DEBUG     CMD  /home/ge.polymtl.ca/pahoa/random_stuff/poly_ai_project_pnp-ovss/.venv/bin/python /home/ge.polymtl.ca/pahoa/random_stuff/poly_ai_project_pnp-ovss/run_experiment.py --dataset pascal_voc --model blip --spatial_type grid --granularity 16 --dropout_iters 7 --dropout_ratio 0.1
2026-04-27 13:58:07  INFO        ▶ phase2 | pascal_voc | blip | grid g=16 dr_iters=7 dr_ratio=0.1
2026-04-27 13:58:07  ERROR       ✗ phase2 | pascal_voc | blip | grid g=16 dr_iters=7 dr_ratio=0.1  exit=2  (0.0s)
2026-04-27 13:58:07  DEBUG     CMD  /home/ge.polymtl.ca/pahoa/random_stuff/poly_ai_project_pnp-ovss/.venv/bin/python /home/ge.polymtl.ca/pahoa/random_stuff/poly_ai_project_pnp-ovss/run_experiment.py --dataset pascal_voc --model blip --spatial_type grid --granularity 16 --dropout_iters 7 --dropout_ratio 0.3
2026-04-27 13:58:07  INFO        ▶ phase2 | pascal_voc | blip | grid g=16 dr_iters=7 dr_ratio=0.3
2026-04-27 13:58:07  ERROR       ✗ phase2 | pascal_voc | blip | grid g=16 dr_iters=7 dr_ratio=0.3  exit=2  (0.0s)
2026-04-27 13:58:07  DEBUG     CMD  /home/ge.polymtl.ca/pahoa/random_stuff/poly_ai_project_pnp-ovss/.venv/bin/python /home/ge.polymtl.ca/pahoa/random_stuff/poly_ai_project_pnp-ovss/run_experiment.py --dataset pascal_voc --model blip --spatial_type grid --granularity 16 --dropout_iters 7 --dropout_ratio 0.5
2026-04-27 13:58:07  INFO        ▶ phase2 | pascal_voc | blip | grid g=16 dr_iters=7 dr_ratio=0.5
2026-04-27 13:58:07  ERROR       ✗ phase2 | pascal_voc | blip | grid g=16 dr_iters=7 dr_ratio=0.5  exit=2  (0.0s)
2026-04-27 13:58:07  DEBUG     CMD  /home/ge.polymtl.ca/pahoa/random_stuff/poly_ai_project_pnp-ovss/.venv/bin/python /home/ge.polymtl.ca/pahoa/random_stuff/poly_ai_project_pnp-ovss/run_experiment.py --dataset pascal_voc --model blip --spatial_type grid --granularity 32 --dropout_iters 3 --dropout_ratio 0.1
2026-04-27 13:58:07  INFO        ▶ phase2 | pascal_voc | blip | grid g=32 dr_iters=3 dr_ratio=0.1
2026-04-27 13:58:07  ERROR       ✗ phase2 | pascal_voc | blip | grid g=32 dr_iters=3 dr_ratio=0.1  exit=2  (0.0s)
2026-04-27 13:58:07  DEBUG     CMD  /home/ge.polymtl.ca/pahoa/random_stuff/poly_ai_project_pnp-ovss/.venv/bin/python /home/ge.polymtl.ca/pahoa/random_stuff/poly_ai_project_pnp-ovss/run_experiment.py --dataset pascal_voc --model blip --spatial_type grid --granularity 32 --dropout_iters 3 --dropout_ratio 0.3
2026-04-27 13:58:07  INFO        ▶ phase2 | pascal_voc | blip | grid g=32 dr_iters=3 dr_ratio=0.3
2026-04-27 13:58:07  ERROR       ✗ phase2 | pascal_voc | blip | grid g=32 dr_iters=3 dr_ratio=0.3  exit=2  (0.0s)
2026-04-27 13:58:07  DEBUG     CMD  /home/ge.polymtl.ca/pahoa/random_stuff/poly_ai_project_pnp-ovss/.venv/bin/python /home/ge.polymtl.ca/pahoa/random_stuff/poly_ai_project_pnp-ovss/run_experiment.py --dataset pascal_voc --model blip --spatial_type grid --granularity 32 --dropout_iters 3 --dropout_ratio 0.5
2026-04-27 13:58:07  INFO        ▶ phase2 | pascal_voc | blip | grid g=32 dr_iters=3 dr_ratio=0.5
2026-04-27 13:58:07  ERROR       ✗ phase2 | pascal_voc | blip | grid g=32 dr_iters=3 dr_ratio=0.5  exit=2  (0.0s)
2026-04-27 13:58:07  DEBUG     CMD  /home/ge.polymtl.ca/pahoa/random_stuff/poly_ai_project_pnp-ovss/.venv/bin/python /home/ge.polymtl.ca/pahoa/random_stuff/poly_ai_project_pnp-ovss/run_experiment.py --dataset pascal_voc --model blip --spatial_type grid --granularity 32 --dropout_iters 5 --dropout_ratio 0.1
2026-04-27 13:58:07  INFO        ▶ phase2 | pascal_voc | blip | grid g=32 dr_iters=5 dr_ratio=0.1
2026-04-27 13:58:07  ERROR       ✗ phase2 | pascal_voc | blip | grid g=32 dr_iters=5 dr_ratio=0.1  exit=2  (0.0s)
2026-04-27 13:58:07  DEBUG     CMD  /home/ge.polymtl.ca/pahoa/random_stuff/poly_ai_project_pnp-ovss/.venv/bin/python /home/ge.polymtl.ca/pahoa/random_stuff/poly_ai_project_pnp-ovss/run_experiment.py --dataset pascal_voc --model blip --spatial_type grid --granularity 32 --dropout_iters 5 --dropout_ratio 0.3
2026-04-27 13:58:07  INFO        ▶ phase2 | pascal_voc | blip | grid g=32 dr_iters=5 dr_ratio=0.3
2026-04-27 13:58:07  ERROR       ✗ phase2 | pascal_voc | blip | grid g=32 dr_iters=5 dr_ratio=0.3  exit=2  (0.0s)
2026-04-27 13:58:07  DEBUG     CMD  /home/ge.polymtl.ca/pahoa/random_stuff/poly_ai_project_pnp-ovss/.venv/bin/python /home/ge.polymtl.ca/pahoa/random_stuff/poly_ai_project_pnp-ovss/run_experiment.py --dataset pascal_voc --model blip --spatial_type grid --granularity 32 --dropout_iters 5 --dropout_ratio 0.5
2026-04-27 13:58:07  INFO        ▶ phase2 | pascal_voc | blip | grid g=32 dr_iters=5 dr_ratio=0.5
2026-04-27 13:58:07  ERROR       ✗ phase2 | pascal_voc | blip | grid g=32 dr_iters=5 dr_ratio=0.5  exit=2  (0.0s)
2026-04-27 13:58:07  DEBUG     CMD  /home/ge.polymtl.ca/pahoa/random_stuff/poly_ai_project_pnp-ovss/.venv/bin/python /home/ge.polymtl.ca/pahoa/random_stuff/poly_ai_project_pnp-ovss/run_experiment.py --dataset pascal_voc --model blip --spatial_type grid --granularity 32 --dropout_iters 7 --dropout_ratio 0.1
2026-04-27 13:58:07  INFO        ▶ phase2 | pascal_voc | blip | grid g=32 dr_iters=7 dr_ratio=0.1
2026-04-27 13:58:07  ERROR       ✗ phase2 | pascal_voc | blip | grid g=32 dr_iters=7 dr_ratio=0.1  exit=2  (0.0s)
2026-04-27 13:58:07  DEBUG     CMD  /home/ge.polymtl.ca/pahoa/random_stuff/poly_ai_project_pnp-ovss/.venv/bin/python /home/ge.polymtl.ca/pahoa/random_stuff/poly_ai_project_pnp-ovss/run_experiment.py --dataset pascal_voc --model blip --spatial_type grid --granularity 32 --dropout_iters 7 --dropout_ratio 0.3
2026-04-27 13:58:07  INFO        ▶ phase2 | pascal_voc | blip | grid g=32 dr_iters=7 dr_ratio=0.3
2026-04-27 13:58:07  ERROR       ✗ phase2 | pascal_voc | blip | grid g=32 dr_iters=7 dr_ratio=0.3  exit=2  (0.0s)
2026-04-27 13:58:07  DEBUG     CMD  /home/ge.polymtl.ca/pahoa/random_stuff/poly_ai_project_pnp-ovss/.venv/bin/python /home/ge.polymtl.ca/pahoa/random_stuff/poly_ai_project_pnp-ovss/run_experiment.py --dataset pascal_voc --model blip --spatial_type grid --granularity 32 --dropout_iters 7 --dropout_ratio 0.5
2026-04-27 13:58:07  INFO        ▶ phase2 | pascal_voc | blip | grid g=32 dr_iters=7 dr_ratio=0.5
2026-04-27 13:58:07  ERROR       ✗ phase2 | pascal_voc | blip | grid g=32 dr_iters=7 dr_ratio=0.5  exit=2  (0.0s)
2026-04-27 13:58:07  DEBUG     CMD  /home/ge.polymtl.ca/pahoa/random_stuff/poly_ai_project_pnp-ovss/.venv/bin/python /home/ge.polymtl.ca/pahoa/random_stuff/poly_ai_project_pnp-ovss/run_experiment.py --dataset pascal_voc --model blip --spatial_type superpixel_slic --granularity 100 --dropout_iters 3 --dropout_ratio 0.1
2026-04-27 13:58:07  INFO        ▶ phase2 | pascal_voc | blip | superpixel_slic g=100 dr_iters=3 dr_ratio=0.1
2026-04-27 13:58:07  ERROR       ✗ phase2 | pascal_voc | blip | superpixel_slic g=100 dr_iters=3 dr_ratio=0.1  exit=2  (0.0s)
2026-04-27 13:58:07  DEBUG     CMD  /home/ge.polymtl.ca/pahoa/random_stuff/poly_ai_project_pnp-ovss/.venv/bin/python /home/ge.polymtl.ca/pahoa/random_stuff/poly_ai_project_pnp-ovss/run_experiment.py --dataset pascal_voc --model blip --spatial_type superpixel_slic --granularity 100 --dropout_iters 3 --dropout_ratio 0.3
2026-04-27 13:58:07  INFO        ▶ phase2 | pascal_voc | blip | superpixel_slic g=100 dr_iters=3 dr_ratio=0.3
2026-04-27 13:58:07  ERROR       ✗ phase2 | pascal_voc | blip | superpixel_slic g=100 dr_iters=3 dr_ratio=0.3  exit=2  (0.0s)
2026-04-27 13:58:07  DEBUG     CMD  /home/ge.polymtl.ca/pahoa/random_stuff/poly_ai_project_pnp-ovss/.venv/bin/python /home/ge.polymtl.ca/pahoa/random_stuff/poly_ai_project_pnp-ovss/run_experiment.py --dataset pascal_voc --model blip --spatial_type superpixel_slic --granularity 100 --dropout_iters 3 --dropout_ratio 0.5
2026-04-27 13:58:07  INFO        ▶ phase2 | pascal_voc | blip | superpixel_slic g=100 dr_iters=3 dr_ratio=0.5
2026-04-27 13:58:07  ERROR       ✗ phase2 | pascal_voc | blip | superpixel_slic g=100 dr_iters=3 dr_ratio=0.5  exit=2  (0.0s)
2026-04-27 13:58:07  DEBUG     CMD  /home/ge.polymtl.ca/pahoa/random_stuff/poly_ai_project_pnp-ovss/.venv/bin/python /home/ge.polymtl.ca/pahoa/random_stuff/poly_ai_project_pnp-ovss/run_experiment.py --dataset pascal_voc --model blip --spatial_type superpixel_slic --granularity 100 --dropout_iters 5 --dropout_ratio 0.1
2026-04-27 13:58:07  INFO        ▶ phase2 | pascal_voc | blip | superpixel_slic g=100 dr_iters=5 dr_ratio=0.1
2026-04-27 13:58:07  ERROR       ✗ phase2 | pascal_voc | blip | superpixel_slic g=100 dr_iters=5 dr_ratio=0.1  exit=2  (0.0s)
2026-04-27 13:58:07  DEBUG     CMD  /home/ge.polymtl.ca/pahoa/random_stuff/poly_ai_project_pnp-ovss/.venv/bin/python /home/ge.polymtl.ca/pahoa/random_stuff/poly_ai_project_pnp-ovss/run_experiment.py --dataset pascal_voc --model blip --spatial_type superpixel_slic --granularity 100 --dropout_iters 5 --dropout_ratio 0.3
2026-04-27 13:58:07  INFO        ▶ phase2 | pascal_voc | blip | superpixel_slic g=100 dr_iters=5 dr_ratio=0.3
2026-04-27 13:58:07  ERROR       ✗ phase2 | pascal_voc | blip | superpixel_slic g=100 dr_iters=5 dr_ratio=0.3  exit=2  (0.0s)
2026-04-27 13:58:07  DEBUG     CMD  /home/ge.polymtl.ca/pahoa/random_stuff/poly_ai_project_pnp-ovss/.venv/bin/python /home/ge.polymtl.ca/pahoa/random_stuff/poly_ai_project_pnp-ovss/run_experiment.py --dataset pascal_voc --model blip --spatial_type superpixel_slic --granularity 100 --dropout_iters 5 --dropout_ratio 0.5
2026-04-27 13:58:07  INFO        ▶ phase2 | pascal_voc | blip | superpixel_slic g=100 dr_iters=5 dr_ratio=0.5
2026-04-27 13:58:07  ERROR       ✗ phase2 | pascal_voc | blip | superpixel_slic g=100 dr_iters=5 dr_ratio=0.5  exit=2  (0.0s)
2026-04-27 13:58:07  DEBUG     CMD  /home/ge.polymtl.ca/pahoa/random_stuff/poly_ai_project_pnp-ovss/.venv/bin/python /home/ge.polymtl.ca/pahoa/random_stuff/poly_ai_project_pnp-ovss/run_experiment.py --dataset pascal_voc --model blip --spatial_type superpixel_slic --granularity 100 --dropout_iters 7 --dropout_ratio 0.1
2026-04-27 13:58:07  INFO        ▶ phase2 | pascal_voc | blip | superpixel_slic g=100 dr_iters=7 dr_ratio=0.1
2026-04-27 13:58:07  ERROR       ✗ phase2 | pascal_voc | blip | superpixel_slic g=100 dr_iters=7 dr_ratio=0.1  exit=2  (0.0s)
2026-04-27 13:58:07  DEBUG     CMD  /home/ge.polymtl.ca/pahoa/random_stuff/poly_ai_project_pnp-ovss/.venv/bin/python /home/ge.polymtl.ca/pahoa/random_stuff/poly_ai_project_pnp-ovss/run_experiment.py --dataset pascal_voc --model blip --spatial_type superpixel_slic --granularity 100 --dropout_iters 7 --dropout_ratio 0.3
2026-04-27 13:58:07  INFO        ▶ phase2 | pascal_voc | blip | superpixel_slic g=100 dr_iters=7 dr_ratio=0.3
2026-04-27 13:58:07  ERROR       ✗ phase2 | pascal_voc | blip | superpixel_slic g=100 dr_iters=7 dr_ratio=0.3  exit=2  (0.0s)
2026-04-27 13:58:07  DEBUG     CMD  /home/ge.polymtl.ca/pahoa/random_stuff/poly_ai_project_pnp-ovss/.venv/bin/python /home/ge.polymtl.ca/pahoa/random_stuff/poly_ai_project_pnp-ovss/run_experiment.py --dataset pascal_voc --model blip --spatial_type superpixel_slic --granularity 100 --dropout_iters 7 --dropout_ratio 0.5
2026-04-27 13:58:07  INFO        ▶ phase2 | pascal_voc | blip | superpixel_slic g=100 dr_iters=7 dr_ratio=0.5
2026-04-27 13:58:07  ERROR       ✗ phase2 | pascal_voc | blip | superpixel_slic g=100 dr_iters=7 dr_ratio=0.5  exit=2  (0.0s)
2026-04-27 13:58:07  DEBUG     CMD  /home/ge.polymtl.ca/pahoa/random_stuff/poly_ai_project_pnp-ovss/.venv/bin/python /home/ge.polymtl.ca/pahoa/random_stuff/poly_ai_project_pnp-ovss/run_experiment.py --dataset pascal_voc --model blip --spatial_type superpixel_slic --granularity 200 --dropout_iters 3 --dropout_ratio 0.1
2026-04-27 13:58:07  INFO        ▶ phase2 | pascal_voc | blip | superpixel_slic g=200 dr_iters=3 dr_ratio=0.1
2026-04-27 13:58:07  ERROR       ✗ phase2 | pascal_voc | blip | superpixel_slic g=200 dr_iters=3 dr_ratio=0.1  exit=2  (0.0s)
2026-04-27 13:58:07  DEBUG     CMD  /home/ge.polymtl.ca/pahoa/random_stuff/poly_ai_project_pnp-ovss/.venv/bin/python /home/ge.polymtl.ca/pahoa/random_stuff/poly_ai_project_pnp-ovss/run_experiment.py --dataset pascal_voc --model blip --spatial_type superpixel_slic --granularity 200 --dropout_iters 3 --dropout_ratio 0.3
2026-04-27 13:58:07  INFO        ▶ phase2 | pascal_voc | blip | superpixel_slic g=200 dr_iters=3 dr_ratio=0.3
2026-04-27 13:58:07  ERROR       ✗ phase2 | pascal_voc | blip | superpixel_slic g=200 dr_iters=3 dr_ratio=0.3  exit=2  (0.0s)
2026-04-27 13:58:07  DEBUG     CMD  /home/ge.polymtl.ca/pahoa/random_stuff/poly_ai_project_pnp-ovss/.venv/bin/python /home/ge.polymtl.ca/pahoa/random_stuff/poly_ai_project_pnp-ovss/run_experiment.py --dataset pascal_voc --model blip --spatial_type superpixel_slic --granularity 200 --dropout_iters 3 --dropout_ratio 0.5
2026-04-27 13:58:07  INFO        ▶ phase2 | pascal_voc | blip | superpixel_slic g=200 dr_iters=3 dr_ratio=0.5
2026-04-27 13:58:07  ERROR       ✗ phase2 | pascal_voc | blip | superpixel_slic g=200 dr_iters=3 dr_ratio=0.5  exit=2  (0.0s)
2026-04-27 13:58:07  DEBUG     CMD  /home/ge.polymtl.ca/pahoa/random_stuff/poly_ai_project_pnp-ovss/.venv/bin/python /home/ge.polymtl.ca/pahoa/random_stuff/poly_ai_project_pnp-ovss/run_experiment.py --dataset pascal_voc --model blip --spatial_type superpixel_slic --granularity 200 --dropout_iters 5 --dropout_ratio 0.1
2026-04-27 13:58:07  INFO        ▶ phase2 | pascal_voc | blip | superpixel_slic g=200 dr_iters=5 dr_ratio=0.1
2026-04-27 13:58:07  ERROR       ✗ phase2 | pascal_voc | blip | superpixel_slic g=200 dr_iters=5 dr_ratio=0.1  exit=2  (0.0s)
2026-04-27 13:58:07  DEBUG     CMD  /home/ge.polymtl.ca/pahoa/random_stuff/poly_ai_project_pnp-ovss/.venv/bin/python /home/ge.polymtl.ca/pahoa/random_stuff/poly_ai_project_pnp-ovss/run_experiment.py --dataset pascal_voc --model blip --spatial_type superpixel_slic --granularity 200 --dropout_iters 5 --dropout_ratio 0.3
2026-04-27 13:58:07  INFO        ▶ phase2 | pascal_voc | blip | superpixel_slic g=200 dr_iters=5 dr_ratio=0.3
2026-04-27 13:58:07  ERROR       ✗ phase2 | pascal_voc | blip | superpixel_slic g=200 dr_iters=5 dr_ratio=0.3  exit=2  (0.0s)
2026-04-27 13:58:07  DEBUG     CMD  /home/ge.polymtl.ca/pahoa/random_stuff/poly_ai_project_pnp-ovss/.venv/bin/python /home/ge.polymtl.ca/pahoa/random_stuff/poly_ai_project_pnp-ovss/run_experiment.py --dataset pascal_voc --model blip --spatial_type superpixel_slic --granularity 200 --dropout_iters 5 --dropout_ratio 0.5
2026-04-27 13:58:07  INFO        ▶ phase2 | pascal_voc | blip | superpixel_slic g=200 dr_iters=5 dr_ratio=0.5
2026-04-27 13:58:07  ERROR       ✗ phase2 | pascal_voc | blip | superpixel_slic g=200 dr_iters=5 dr_ratio=0.5  exit=2  (0.0s)
2026-04-27 13:58:07  DEBUG     CMD  /home/ge.polymtl.ca/pahoa/random_stuff/poly_ai_project_pnp-ovss/.venv/bin/python /home/ge.polymtl.ca/pahoa/random_stuff/poly_ai_project_pnp-ovss/run_experiment.py --dataset pascal_voc --model blip --spatial_type superpixel_slic --granularity 200 --dropout_iters 7 --dropout_ratio 0.1
2026-04-27 13:58:07  INFO        ▶ phase2 | pascal_voc | blip | superpixel_slic g=200 dr_iters=7 dr_ratio=0.1
2026-04-27 13:58:07  ERROR       ✗ phase2 | pascal_voc | blip | superpixel_slic g=200 dr_iters=7 dr_ratio=0.1  exit=2  (0.0s)
2026-04-27 13:58:07  DEBUG     CMD  /home/ge.polymtl.ca/pahoa/random_stuff/poly_ai_project_pnp-ovss/.venv/bin/python /home/ge.polymtl.ca/pahoa/random_stuff/poly_ai_project_pnp-ovss/run_experiment.py --dataset pascal_voc --model blip --spatial_type superpixel_slic --granularity 200 --dropout_iters 7 --dropout_ratio 0.3
2026-04-27 13:58:07  INFO        ▶ phase2 | pascal_voc | blip | superpixel_slic g=200 dr_iters=7 dr_ratio=0.3
2026-04-27 13:58:07  ERROR       ✗ phase2 | pascal_voc | blip | superpixel_slic g=200 dr_iters=7 dr_ratio=0.3  exit=2  (0.0s)
2026-04-27 13:58:07  DEBUG     CMD  /home/ge.polymtl.ca/pahoa/random_stuff/poly_ai_project_pnp-ovss/.venv/bin/python /home/ge.polymtl.ca/pahoa/random_stuff/poly_ai_project_pnp-ovss/run_experiment.py --dataset pascal_voc --model blip --spatial_type superpixel_slic --granularity 200 --dropout_iters 7 --dropout_ratio 0.5
2026-04-27 13:58:07  INFO        ▶ phase2 | pascal_voc | blip | superpixel_slic g=200 dr_iters=7 dr_ratio=0.5
2026-04-27 13:58:07  ERROR       ✗ phase2 | pascal_voc | blip | superpixel_slic g=200 dr_iters=7 dr_ratio=0.5  exit=2  (0.0s)
2026-04-27 13:58:07  DEBUG     CMD  /home/ge.polymtl.ca/pahoa/random_stuff/poly_ai_project_pnp-ovss/.venv/bin/python /home/ge.polymtl.ca/pahoa/random_stuff/poly_ai_project_pnp-ovss/run_experiment.py --dataset pascal_voc --model blip --spatial_type superpixel_slic --granularity 300 --dropout_iters 3 --dropout_ratio 0.1
2026-04-27 13:58:07  INFO        ▶ phase2 | pascal_voc | blip | superpixel_slic g=300 dr_iters=3 dr_ratio=0.1
2026-04-27 13:58:07  ERROR       ✗ phase2 | pascal_voc | blip | superpixel_slic g=300 dr_iters=3 dr_ratio=0.1  exit=2  (0.0s)
2026-04-27 13:58:07  DEBUG     CMD  /home/ge.polymtl.ca/pahoa/random_stuff/poly_ai_project_pnp-ovss/.venv/bin/python /home/ge.polymtl.ca/pahoa/random_stuff/poly_ai_project_pnp-ovss/run_experiment.py --dataset pascal_voc --model blip --spatial_type superpixel_slic --granularity 300 --dropout_iters 3 --dropout_ratio 0.3
2026-04-27 13:58:07  INFO        ▶ phase2 | pascal_voc | blip | superpixel_slic g=300 dr_iters=3 dr_ratio=0.3
2026-04-27 13:58:07  ERROR       ✗ phase2 | pascal_voc | blip | superpixel_slic g=300 dr_iters=3 dr_ratio=0.3  exit=2  (0.0s)
2026-04-27 13:58:07  DEBUG     CMD  /home/ge.polymtl.ca/pahoa/random_stuff/poly_ai_project_pnp-ovss/.venv/bin/python /home/ge.polymtl.ca/pahoa/random_stuff/poly_ai_project_pnp-ovss/run_experiment.py --dataset pascal_voc --model blip --spatial_type superpixel_slic --granularity 300 --dropout_iters 3 --dropout_ratio 0.5
2026-04-27 13:58:07  INFO        ▶ phase2 | pascal_voc | blip | superpixel_slic g=300 dr_iters=3 dr_ratio=0.5
2026-04-27 13:58:07  ERROR       ✗ phase2 | pascal_voc | blip | superpixel_slic g=300 dr_iters=3 dr_ratio=0.5  exit=2  (0.0s)
2026-04-27 13:58:07  DEBUG     CMD  /home/ge.polymtl.ca/pahoa/random_stuff/poly_ai_project_pnp-ovss/.venv/bin/python /home/ge.polymtl.ca/pahoa/random_stuff/poly_ai_project_pnp-ovss/run_experiment.py --dataset pascal_voc --model blip --spatial_type superpixel_slic --granularity 300 --dropout_iters 5 --dropout_ratio 0.1
2026-04-27 13:58:07  INFO        ▶ phase2 | pascal_voc | blip | superpixel_slic g=300 dr_iters=5 dr_ratio=0.1
2026-04-27 13:58:07  ERROR       ✗ phase2 | pascal_voc | blip | superpixel_slic g=300 dr_iters=5 dr_ratio=0.1  exit=2  (0.0s)
2026-04-27 13:58:07  DEBUG     CMD  /home/ge.polymtl.ca/pahoa/random_stuff/poly_ai_project_pnp-ovss/.venv/bin/python /home/ge.polymtl.ca/pahoa/random_stuff/poly_ai_project_pnp-ovss/run_experiment.py --dataset pascal_voc --model blip --spatial_type superpixel_slic --granularity 300 --dropout_iters 5 --dropout_ratio 0.3
2026-04-27 13:58:07  INFO        ▶ phase2 | pascal_voc | blip | superpixel_slic g=300 dr_iters=5 dr_ratio=0.3
2026-04-27 13:58:07  ERROR       ✗ phase2 | pascal_voc | blip | superpixel_slic g=300 dr_iters=5 dr_ratio=0.3  exit=2  (0.0s)
2026-04-27 13:58:07  DEBUG     CMD  /home/ge.polymtl.ca/pahoa/random_stuff/poly_ai_project_pnp-ovss/.venv/bin/python /home/ge.polymtl.ca/pahoa/random_stuff/poly_ai_project_pnp-ovss/run_experiment.py --dataset pascal_voc --model blip --spatial_type superpixel_slic --granularity 300 --dropout_iters 5 --dropout_ratio 0.5
2026-04-27 13:58:07  INFO        ▶ phase2 | pascal_voc | blip | superpixel_slic g=300 dr_iters=5 dr_ratio=0.5
2026-04-27 13:58:07  ERROR       ✗ phase2 | pascal_voc | blip | superpixel_slic g=300 dr_iters=5 dr_ratio=0.5  exit=2  (0.0s)
2026-04-27 13:58:07  DEBUG     CMD  /home/ge.polymtl.ca/pahoa/random_stuff/poly_ai_project_pnp-ovss/.venv/bin/python /home/ge.polymtl.ca/pahoa/random_stuff/poly_ai_project_pnp-ovss/run_experiment.py --dataset pascal_voc --model blip --spatial_type superpixel_slic --granularity 300 --dropout_iters 7 --dropout_ratio 0.1
2026-04-27 13:58:07  INFO        ▶ phase2 | pascal_voc | blip | superpixel_slic g=300 dr_iters=7 dr_ratio=0.1
2026-04-27 13:58:07  ERROR       ✗ phase2 | pascal_voc | blip | superpixel_slic g=300 dr_iters=7 dr_ratio=0.1  exit=2  (0.0s)
2026-04-27 13:58:07  DEBUG     CMD  /home/ge.polymtl.ca/pahoa/random_stuff/poly_ai_project_pnp-ovss/.venv/bin/python /home/ge.polymtl.ca/pahoa/random_stuff/poly_ai_project_pnp-ovss/run_experiment.py --dataset pascal_voc --model blip --spatial_type superpixel_slic --granularity 300 --dropout_iters 7 --dropout_ratio 0.3
2026-04-27 13:58:07  INFO        ▶ phase2 | pascal_voc | blip | superpixel_slic g=300 dr_iters=7 dr_ratio=0.3
2026-04-27 13:58:07  ERROR       ✗ phase2 | pascal_voc | blip | superpixel_slic g=300 dr_iters=7 dr_ratio=0.3  exit=2  (0.0s)
2026-04-27 13:58:07  DEBUG     CMD  /home/ge.polymtl.ca/pahoa/random_stuff/poly_ai_project_pnp-ovss/.venv/bin/python /home/ge.polymtl.ca/pahoa/random_stuff/poly_ai_project_pnp-ovss/run_experiment.py --dataset pascal_voc --model blip --spatial_type superpixel_slic --granularity 300 --dropout_iters 7 --dropout_ratio 0.5
2026-04-27 13:58:07  INFO        ▶ phase2 | pascal_voc | blip | superpixel_slic g=300 dr_iters=7 dr_ratio=0.5
2026-04-27 13:58:07  ERROR       ✗ phase2 | pascal_voc | blip | superpixel_slic g=300 dr_iters=7 dr_ratio=0.5  exit=2  (0.0s)
2026-04-27 13:58:07  INFO        Phase 2 done  ok=0  fail=45
2026-04-27 13:58:07  INFO        ── Phase 3 ──
2026-04-27 13:58:07  DEBUG     CMD  /home/ge.polymtl.ca/pahoa/random_stuff/poly_ai_project_pnp-ovss/.venv/bin/python /home/ge.polymtl.ca/pahoa/random_stuff/poly_ai_project_pnp-ovss/run_experiment.py --dataset pascal_voc --model blip --tuning_metric zero_shot_heuristic
2026-04-27 13:58:07  INFO        ▶ phase3 | pascal_voc | blip | metric=zero_shot_heuristic
2026-04-27 13:58:07  ERROR       ✗ phase3 | pascal_voc | blip | metric=zero_shot_heuristic  exit=2  (0.0s)
2026-04-27 13:58:07  DEBUG     CMD  /home/ge.polymtl.ca/pahoa/random_stuff/poly_ai_project_pnp-ovss/.venv/bin/python /home/ge.polymtl.ca/pahoa/random_stuff/poly_ai_project_pnp-ovss/run_experiment.py --dataset pascal_voc --model blip --tuning_metric supervised_mdice
2026-04-27 13:58:07  INFO        ▶ phase3 | pascal_voc | blip | metric=supervised_mdice
2026-04-27 13:58:07  ERROR       ✗ phase3 | pascal_voc | blip | metric=supervised_mdice  exit=2  (0.0s)
2026-04-27 13:58:07  INFO        Phase 3 done  ok=0  fail=2
2026-04-27 13:58:07  INFO        ── Phase 4 ──
2026-04-27 13:58:07  DEBUG     CMD  /home/ge.polymtl.ca/pahoa/random_stuff/poly_ai_project_pnp-ovss/.venv/bin/python /home/ge.polymtl.ca/pahoa/random_stuff/poly_ai_project_pnp-ovss/run_experiment.py --run_final_eval True --dataset pascal_voc --model blip
2026-04-27 13:58:07  INFO        ▶ phase4 | pascal_voc | blip
2026-04-27 13:58:07  ERROR       ✗ phase4 | pascal_voc | blip  exit=2  (0.0s)
2026-04-27 13:58:07  INFO        Phase 4 done  ok=0  fail=1
2026-04-27 13:58:07  INFO      ━━━━━━━━━━━━━━━━━━━━━━━━━━━━━━━━━━━━━━━━━━━━━━━━━━━━━━━━━━━━━━━━━━━━━━━━
2026-04-27 13:58:07  INFO        PAIR  dataset=pascal_voc       model=bridgetower
2026-04-27 13:58:07  INFO      ━━━━━━━━━━━━━━━━━━━━━━━━━━━━━━━━━━━━━━━━━━━━━━━━━━━━━━━━━━━━━━━━━━━━━━━━
2026-04-27 13:58:07  INFO        ── Phase 1 ──
2026-04-27 13:58:07  DEBUG     CMD  /home/ge.polymtl.ca/pahoa/random_stuff/poly_ai_project_pnp-ovss/.venv/bin/python /home/ge.polymtl.ca/pahoa/random_stuff/poly_ai_project_pnp-ovss/run_experiment.py --dataset pascal_voc --model bridgetower --spatial_type grid --tuning_metric zero_shot_heuristic
2026-04-27 13:58:07  INFO        ▶ phase1 | pascal_voc | bridgetower
2026-04-27 13:58:07  ERROR       ✗ phase1 | pascal_voc | bridgetower  exit=2  (0.0s)
2026-04-27 13:58:07  INFO        Phase 1 done  ok=0  fail=1
2026-04-27 13:58:07  INFO        ── Phase 2 ──
2026-04-27 13:58:07  DEBUG     CMD  /home/ge.polymtl.ca/pahoa/random_stuff/poly_ai_project_pnp-ovss/.venv/bin/python /home/ge.polymtl.ca/pahoa/random_stuff/poly_ai_project_pnp-ovss/run_experiment.py --dataset pascal_voc --model bridgetower --spatial_type grid --granularity 16 --dropout_iters 3 --dropout_ratio 0.1
2026-04-27 13:58:07  INFO        ▶ phase2 | pascal_voc | bridgetower | grid g=16 dr_iters=3 dr_ratio=0.1
2026-04-27 13:58:07  ERROR       ✗ phase2 | pascal_voc | bridgetower | grid g=16 dr_iters=3 dr_ratio=0.1  exit=2  (0.0s)
2026-04-27 13:58:07  DEBUG     CMD  /home/ge.polymtl.ca/pahoa/random_stuff/poly_ai_project_pnp-ovss/.venv/bin/python /home/ge.polymtl.ca/pahoa/random_stuff/poly_ai_project_pnp-ovss/run_experiment.py --dataset pascal_voc --model bridgetower --spatial_type grid --granularity 16 --dropout_iters 3 --dropout_ratio 0.3
2026-04-27 13:58:07  INFO        ▶ phase2 | pascal_voc | bridgetower | grid g=16 dr_iters=3 dr_ratio=0.3
2026-04-27 13:58:07  ERROR       ✗ phase2 | pascal_voc | bridgetower | grid g=16 dr_iters=3 dr_ratio=0.3  exit=2  (0.0s)
2026-04-27 13:58:07  DEBUG     CMD  /home/ge.polymtl.ca/pahoa/random_stuff/poly_ai_project_pnp-ovss/.venv/bin/python /home/ge.polymtl.ca/pahoa/random_stuff/poly_ai_project_pnp-ovss/run_experiment.py --dataset pascal_voc --model bridgetower --spatial_type grid --granularity 16 --dropout_iters 3 --dropout_ratio 0.5
2026-04-27 13:58:07  INFO        ▶ phase2 | pascal_voc | bridgetower | grid g=16 dr_iters=3 dr_ratio=0.5
2026-04-27 13:58:07  ERROR       ✗ phase2 | pascal_voc | bridgetower | grid g=16 dr_iters=3 dr_ratio=0.5  exit=2  (0.0s)
2026-04-27 13:58:07  DEBUG     CMD  /home/ge.polymtl.ca/pahoa/random_stuff/poly_ai_project_pnp-ovss/.venv/bin/python /home/ge.polymtl.ca/pahoa/random_stuff/poly_ai_project_pnp-ovss/run_experiment.py --dataset pascal_voc --model bridgetower --spatial_type grid --granularity 16 --dropout_iters 5 --dropout_ratio 0.1
2026-04-27 13:58:07  INFO        ▶ phase2 | pascal_voc | bridgetower | grid g=16 dr_iters=5 dr_ratio=0.1
2026-04-27 13:58:07  ERROR       ✗ phase2 | pascal_voc | bridgetower | grid g=16 dr_iters=5 dr_ratio=0.1  exit=2  (0.0s)
2026-04-27 13:58:07  DEBUG     CMD  /home/ge.polymtl.ca/pahoa/random_stuff/poly_ai_project_pnp-ovss/.venv/bin/python /home/ge.polymtl.ca/pahoa/random_stuff/poly_ai_project_pnp-ovss/run_experiment.py --dataset pascal_voc --model bridgetower --spatial_type grid --granularity 16 --dropout_iters 5 --dropout_ratio 0.3
2026-04-27 13:58:07  INFO        ▶ phase2 | pascal_voc | bridgetower | grid g=16 dr_iters=5 dr_ratio=0.3
2026-04-27 13:58:07  ERROR       ✗ phase2 | pascal_voc | bridgetower | grid g=16 dr_iters=5 dr_ratio=0.3  exit=2  (0.0s)
2026-04-27 13:58:07  DEBUG     CMD  /home/ge.polymtl.ca/pahoa/random_stuff/poly_ai_project_pnp-ovss/.venv/bin/python /home/ge.polymtl.ca/pahoa/random_stuff/poly_ai_project_pnp-ovss/run_experiment.py --dataset pascal_voc --model bridgetower --spatial_type grid --granularity 16 --dropout_iters 5 --dropout_ratio 0.5
2026-04-27 13:58:07  INFO        ▶ phase2 | pascal_voc | bridgetower | grid g=16 dr_iters=5 dr_ratio=0.5
2026-04-27 13:58:07  ERROR       ✗ phase2 | pascal_voc | bridgetower | grid g=16 dr_iters=5 dr_ratio=0.5  exit=2  (0.0s)
2026-04-27 13:58:07  DEBUG     CMD  /home/ge.polymtl.ca/pahoa/random_stuff/poly_ai_project_pnp-ovss/.venv/bin/python /home/ge.polymtl.ca/pahoa/random_stuff/poly_ai_project_pnp-ovss/run_experiment.py --dataset pascal_voc --model bridgetower --spatial_type grid --granularity 16 --dropout_iters 7 --dropout_ratio 0.1
2026-04-27 13:58:07  INFO        ▶ phase2 | pascal_voc | bridgetower | grid g=16 dr_iters=7 dr_ratio=0.1
2026-04-27 13:58:07  ERROR       ✗ phase2 | pascal_voc | bridgetower | grid g=16 dr_iters=7 dr_ratio=0.1  exit=2  (0.0s)
2026-04-27 13:58:07  DEBUG     CMD  /home/ge.polymtl.ca/pahoa/random_stuff/poly_ai_project_pnp-ovss/.venv/bin/python /home/ge.polymtl.ca/pahoa/random_stuff/poly_ai_project_pnp-ovss/run_experiment.py --dataset pascal_voc --model bridgetower --spatial_type grid --granularity 16 --dropout_iters 7 --dropout_ratio 0.3
2026-04-27 13:58:07  INFO        ▶ phase2 | pascal_voc | bridgetower | grid g=16 dr_iters=7 dr_ratio=0.3
2026-04-27 13:58:07  ERROR       ✗ phase2 | pascal_voc | bridgetower | grid g=16 dr_iters=7 dr_ratio=0.3  exit=2  (0.0s)
2026-04-27 13:58:07  DEBUG     CMD  /home/ge.polymtl.ca/pahoa/random_stuff/poly_ai_project_pnp-ovss/.venv/bin/python /home/ge.polymtl.ca/pahoa/random_stuff/poly_ai_project_pnp-ovss/run_experiment.py --dataset pascal_voc --model bridgetower --spatial_type grid --granularity 16 --dropout_iters 7 --dropout_ratio 0.5
2026-04-27 13:58:07  INFO        ▶ phase2 | pascal_voc | bridgetower | grid g=16 dr_iters=7 dr_ratio=0.5
2026-04-27 13:58:07  ERROR       ✗ phase2 | pascal_voc | bridgetower | grid g=16 dr_iters=7 dr_ratio=0.5  exit=2  (0.0s)
2026-04-27 13:58:07  DEBUG     CMD  /home/ge.polymtl.ca/pahoa/random_stuff/poly_ai_project_pnp-ovss/.venv/bin/python /home/ge.polymtl.ca/pahoa/random_stuff/poly_ai_project_pnp-ovss/run_experiment.py --dataset pascal_voc --model bridgetower --spatial_type grid --granularity 32 --dropout_iters 3 --dropout_ratio 0.1
2026-04-27 13:58:07  INFO        ▶ phase2 | pascal_voc | bridgetower | grid g=32 dr_iters=3 dr_ratio=0.1
2026-04-27 13:58:07  ERROR       ✗ phase2 | pascal_voc | bridgetower | grid g=32 dr_iters=3 dr_ratio=0.1  exit=2  (0.0s)
2026-04-27 13:58:07  DEBUG     CMD  /home/ge.polymtl.ca/pahoa/random_stuff/poly_ai_project_pnp-ovss/.venv/bin/python /home/ge.polymtl.ca/pahoa/random_stuff/poly_ai_project_pnp-ovss/run_experiment.py --dataset pascal_voc --model bridgetower --spatial_type grid --granularity 32 --dropout_iters 3 --dropout_ratio 0.3
2026-04-27 13:58:07  INFO        ▶ phase2 | pascal_voc | bridgetower | grid g=32 dr_iters=3 dr_ratio=0.3
2026-04-27 13:58:07  ERROR       ✗ phase2 | pascal_voc | bridgetower | grid g=32 dr_iters=3 dr_ratio=0.3  exit=2  (0.0s)
2026-04-27 13:58:07  DEBUG     CMD  /home/ge.polymtl.ca/pahoa/random_stuff/poly_ai_project_pnp-ovss/.venv/bin/python /home/ge.polymtl.ca/pahoa/random_stuff/poly_ai_project_pnp-ovss/run_experiment.py --dataset pascal_voc --model bridgetower --spatial_type grid --granularity 32 --dropout_iters 3 --dropout_ratio 0.5
2026-04-27 13:58:07  INFO        ▶ phase2 | pascal_voc | bridgetower | grid g=32 dr_iters=3 dr_ratio=0.5
2026-04-27 13:58:07  ERROR       ✗ phase2 | pascal_voc | bridgetower | grid g=32 dr_iters=3 dr_ratio=0.5  exit=2  (0.0s)
2026-04-27 13:58:07  DEBUG     CMD  /home/ge.polymtl.ca/pahoa/random_stuff/poly_ai_project_pnp-ovss/.venv/bin/python /home/ge.polymtl.ca/pahoa/random_stuff/poly_ai_project_pnp-ovss/run_experiment.py --dataset pascal_voc --model bridgetower --spatial_type grid --granularity 32 --dropout_iters 5 --dropout_ratio 0.1
2026-04-27 13:58:07  INFO        ▶ phase2 | pascal_voc | bridgetower | grid g=32 dr_iters=5 dr_ratio=0.1
2026-04-27 13:58:07  ERROR       ✗ phase2 | pascal_voc | bridgetower | grid g=32 dr_iters=5 dr_ratio=0.1  exit=2  (0.0s)
2026-04-27 13:58:07  DEBUG     CMD  /home/ge.polymtl.ca/pahoa/random_stuff/poly_ai_project_pnp-ovss/.venv/bin/python /home/ge.polymtl.ca/pahoa/random_stuff/poly_ai_project_pnp-ovss/run_experiment.py --dataset pascal_voc --model bridgetower --spatial_type grid --granularity 32 --dropout_iters 5 --dropout_ratio 0.3
2026-04-27 13:58:07  INFO        ▶ phase2 | pascal_voc | bridgetower | grid g=32 dr_iters=5 dr_ratio=0.3
2026-04-27 13:58:07  ERROR       ✗ phase2 | pascal_voc | bridgetower | grid g=32 dr_iters=5 dr_ratio=0.3  exit=2  (0.0s)
2026-04-27 13:58:07  DEBUG     CMD  /home/ge.polymtl.ca/pahoa/random_stuff/poly_ai_project_pnp-ovss/.venv/bin/python /home/ge.polymtl.ca/pahoa/random_stuff/poly_ai_project_pnp-ovss/run_experiment.py --dataset pascal_voc --model bridgetower --spatial_type grid --granularity 32 --dropout_iters 5 --dropout_ratio 0.5
2026-04-27 13:58:07  INFO        ▶ phase2 | pascal_voc | bridgetower | grid g=32 dr_iters=5 dr_ratio=0.5
2026-04-27 13:58:08  ERROR       ✗ phase2 | pascal_voc | bridgetower | grid g=32 dr_iters=5 dr_ratio=0.5  exit=2  (0.0s)
2026-04-27 13:58:08  DEBUG     CMD  /home/ge.polymtl.ca/pahoa/random_stuff/poly_ai_project_pnp-ovss/.venv/bin/python /home/ge.polymtl.ca/pahoa/random_stuff/poly_ai_project_pnp-ovss/run_experiment.py --dataset pascal_voc --model bridgetower --spatial_type grid --granularity 32 --dropout_iters 7 --dropout_ratio 0.1
2026-04-27 13:58:08  INFO        ▶ phase2 | pascal_voc | bridgetower | grid g=32 dr_iters=7 dr_ratio=0.1
2026-04-27 13:58:08  ERROR       ✗ phase2 | pascal_voc | bridgetower | grid g=32 dr_iters=7 dr_ratio=0.1  exit=2  (0.0s)
2026-04-27 13:58:08  DEBUG     CMD  /home/ge.polymtl.ca/pahoa/random_stuff/poly_ai_project_pnp-ovss/.venv/bin/python /home/ge.polymtl.ca/pahoa/random_stuff/poly_ai_project_pnp-ovss/run_experiment.py --dataset pascal_voc --model bridgetower --spatial_type grid --granularity 32 --dropout_iters 7 --dropout_ratio 0.3
2026-04-27 13:58:08  INFO        ▶ phase2 | pascal_voc | bridgetower | grid g=32 dr_iters=7 dr_ratio=0.3
2026-04-27 13:58:08  ERROR       ✗ phase2 | pascal_voc | bridgetower | grid g=32 dr_iters=7 dr_ratio=0.3  exit=2  (0.0s)
2026-04-27 13:58:08  DEBUG     CMD  /home/ge.polymtl.ca/pahoa/random_stuff/poly_ai_project_pnp-ovss/.venv/bin/python /home/ge.polymtl.ca/pahoa/random_stuff/poly_ai_project_pnp-ovss/run_experiment.py --dataset pascal_voc --model bridgetower --spatial_type grid --granularity 32 --dropout_iters 7 --dropout_ratio 0.5
2026-04-27 13:58:08  INFO        ▶ phase2 | pascal_voc | bridgetower | grid g=32 dr_iters=7 dr_ratio=0.5
2026-04-27 13:58:08  ERROR       ✗ phase2 | pascal_voc | bridgetower | grid g=32 dr_iters=7 dr_ratio=0.5  exit=2  (0.0s)
2026-04-27 13:58:08  DEBUG     CMD  /home/ge.polymtl.ca/pahoa/random_stuff/poly_ai_project_pnp-ovss/.venv/bin/python /home/ge.polymtl.ca/pahoa/random_stuff/poly_ai_project_pnp-ovss/run_experiment.py --dataset pascal_voc --model bridgetower --spatial_type superpixel_slic --granularity 100 --dropout_iters 3 --dropout_ratio 0.1
2026-04-27 13:58:08  INFO        ▶ phase2 | pascal_voc | bridgetower | superpixel_slic g=100 dr_iters=3 dr_ratio=0.1
2026-04-27 13:58:08  ERROR       ✗ phase2 | pascal_voc | bridgetower | superpixel_slic g=100 dr_iters=3 dr_ratio=0.1  exit=2  (0.0s)
2026-04-27 13:58:08  DEBUG     CMD  /home/ge.polymtl.ca/pahoa/random_stuff/poly_ai_project_pnp-ovss/.venv/bin/python /home/ge.polymtl.ca/pahoa/random_stuff/poly_ai_project_pnp-ovss/run_experiment.py --dataset pascal_voc --model bridgetower --spatial_type superpixel_slic --granularity 100 --dropout_iters 3 --dropout_ratio 0.3
2026-04-27 13:58:08  INFO        ▶ phase2 | pascal_voc | bridgetower | superpixel_slic g=100 dr_iters=3 dr_ratio=0.3
2026-04-27 13:58:08  ERROR       ✗ phase2 | pascal_voc | bridgetower | superpixel_slic g=100 dr_iters=3 dr_ratio=0.3  exit=2  (0.0s)
2026-04-27 13:58:08  DEBUG     CMD  /home/ge.polymtl.ca/pahoa/random_stuff/poly_ai_project_pnp-ovss/.venv/bin/python /home/ge.polymtl.ca/pahoa/random_stuff/poly_ai_project_pnp-ovss/run_experiment.py --dataset pascal_voc --model bridgetower --spatial_type superpixel_slic --granularity 100 --dropout_iters 3 --dropout_ratio 0.5
2026-04-27 13:58:08  INFO        ▶ phase2 | pascal_voc | bridgetower | superpixel_slic g=100 dr_iters=3 dr_ratio=0.5
2026-04-27 13:58:08  ERROR       ✗ phase2 | pascal_voc | bridgetower | superpixel_slic g=100 dr_iters=3 dr_ratio=0.5  exit=2  (0.0s)
2026-04-27 13:58:08  DEBUG     CMD  /home/ge.polymtl.ca/pahoa/random_stuff/poly_ai_project_pnp-ovss/.venv/bin/python /home/ge.polymtl.ca/pahoa/random_stuff/poly_ai_project_pnp-ovss/run_experiment.py --dataset pascal_voc --model bridgetower --spatial_type superpixel_slic --granularity 100 --dropout_iters 5 --dropout_ratio 0.1
2026-04-27 13:58:08  INFO        ▶ phase2 | pascal_voc | bridgetower | superpixel_slic g=100 dr_iters=5 dr_ratio=0.1
2026-04-27 13:58:08  ERROR       ✗ phase2 | pascal_voc | bridgetower | superpixel_slic g=100 dr_iters=5 dr_ratio=0.1  exit=2  (0.0s)
2026-04-27 13:58:08  DEBUG     CMD  /home/ge.polymtl.ca/pahoa/random_stuff/poly_ai_project_pnp-ovss/.venv/bin/python /home/ge.polymtl.ca/pahoa/random_stuff/poly_ai_project_pnp-ovss/run_experiment.py --dataset pascal_voc --model bridgetower --spatial_type superpixel_slic --granularity 100 --dropout_iters 5 --dropout_ratio 0.3
2026-04-27 13:58:08  INFO        ▶ phase2 | pascal_voc | bridgetower | superpixel_slic g=100 dr_iters=5 dr_ratio=0.3
2026-04-27 13:58:08  ERROR       ✗ phase2 | pascal_voc | bridgetower | superpixel_slic g=100 dr_iters=5 dr_ratio=0.3  exit=2  (0.0s)
2026-04-27 13:58:08  DEBUG     CMD  /home/ge.polymtl.ca/pahoa/random_stuff/poly_ai_project_pnp-ovss/.venv/bin/python /home/ge.polymtl.ca/pahoa/random_stuff/poly_ai_project_pnp-ovss/run_experiment.py --dataset pascal_voc --model bridgetower --spatial_type superpixel_slic --granularity 100 --dropout_iters 5 --dropout_ratio 0.5
2026-04-27 13:58:08  INFO        ▶ phase2 | pascal_voc | bridgetower | superpixel_slic g=100 dr_iters=5 dr_ratio=0.5
2026-04-27 13:58:08  ERROR       ✗ phase2 | pascal_voc | bridgetower | superpixel_slic g=100 dr_iters=5 dr_ratio=0.5  exit=2  (0.0s)
2026-04-27 13:58:08  DEBUG     CMD  /home/ge.polymtl.ca/pahoa/random_stuff/poly_ai_project_pnp-ovss/.venv/bin/python /home/ge.polymtl.ca/pahoa/random_stuff/poly_ai_project_pnp-ovss/run_experiment.py --dataset pascal_voc --model bridgetower --spatial_type superpixel_slic --granularity 100 --dropout_iters 7 --dropout_ratio 0.1
2026-04-27 13:58:08  INFO        ▶ phase2 | pascal_voc | bridgetower | superpixel_slic g=100 dr_iters=7 dr_ratio=0.1
2026-04-27 13:58:08  ERROR       ✗ phase2 | pascal_voc | bridgetower | superpixel_slic g=100 dr_iters=7 dr_ratio=0.1  exit=2  (0.0s)
2026-04-27 13:58:08  DEBUG     CMD  /home/ge.polymtl.ca/pahoa/random_stuff/poly_ai_project_pnp-ovss/.venv/bin/python /home/ge.polymtl.ca/pahoa/random_stuff/poly_ai_project_pnp-ovss/run_experiment.py --dataset pascal_voc --model bridgetower --spatial_type superpixel_slic --granularity 100 --dropout_iters 7 --dropout_ratio 0.3
2026-04-27 13:58:08  INFO        ▶ phase2 | pascal_voc | bridgetower | superpixel_slic g=100 dr_iters=7 dr_ratio=0.3
2026-04-27 13:58:08  ERROR       ✗ phase2 | pascal_voc | bridgetower | superpixel_slic g=100 dr_iters=7 dr_ratio=0.3  exit=2  (0.0s)
2026-04-27 13:58:08  DEBUG     CMD  /home/ge.polymtl.ca/pahoa/random_stuff/poly_ai_project_pnp-ovss/.venv/bin/python /home/ge.polymtl.ca/pahoa/random_stuff/poly_ai_project_pnp-ovss/run_experiment.py --dataset pascal_voc --model bridgetower --spatial_type superpixel_slic --granularity 100 --dropout_iters 7 --dropout_ratio 0.5
2026-04-27 13:58:08  INFO        ▶ phase2 | pascal_voc | bridgetower | superpixel_slic g=100 dr_iters=7 dr_ratio=0.5
2026-04-27 13:58:08  ERROR       ✗ phase2 | pascal_voc | bridgetower | superpixel_slic g=100 dr_iters=7 dr_ratio=0.5  exit=2  (0.0s)
2026-04-27 13:58:08  DEBUG     CMD  /home/ge.polymtl.ca/pahoa/random_stuff/poly_ai_project_pnp-ovss/.venv/bin/python /home/ge.polymtl.ca/pahoa/random_stuff/poly_ai_project_pnp-ovss/run_experiment.py --dataset pascal_voc --model bridgetower --spatial_type superpixel_slic --granularity 200 --dropout_iters 3 --dropout_ratio 0.1
2026-04-27 13:58:08  INFO        ▶ phase2 | pascal_voc | bridgetower | superpixel_slic g=200 dr_iters=3 dr_ratio=0.1
2026-04-27 13:58:08  ERROR       ✗ phase2 | pascal_voc | bridgetower | superpixel_slic g=200 dr_iters=3 dr_ratio=0.1  exit=2  (0.0s)
2026-04-27 13:58:08  DEBUG     CMD  /home/ge.polymtl.ca/pahoa/random_stuff/poly_ai_project_pnp-ovss/.venv/bin/python /home/ge.polymtl.ca/pahoa/random_stuff/poly_ai_project_pnp-ovss/run_experiment.py --dataset pascal_voc --model bridgetower --spatial_type superpixel_slic --granularity 200 --dropout_iters 3 --dropout_ratio 0.3
2026-04-27 13:58:08  INFO        ▶ phase2 | pascal_voc | bridgetower | superpixel_slic g=200 dr_iters=3 dr_ratio=0.3
2026-04-27 13:58:08  ERROR       ✗ phase2 | pascal_voc | bridgetower | superpixel_slic g=200 dr_iters=3 dr_ratio=0.3  exit=2  (0.0s)
2026-04-27 13:58:08  DEBUG     CMD  /home/ge.polymtl.ca/pahoa/random_stuff/poly_ai_project_pnp-ovss/.venv/bin/python /home/ge.polymtl.ca/pahoa/random_stuff/poly_ai_project_pnp-ovss/run_experiment.py --dataset pascal_voc --model bridgetower --spatial_type superpixel_slic --granularity 200 --dropout_iters 3 --dropout_ratio 0.5
2026-04-27 13:58:08  INFO        ▶ phase2 | pascal_voc | bridgetower | superpixel_slic g=200 dr_iters=3 dr_ratio=0.5
2026-04-27 13:58:08  ERROR       ✗ phase2 | pascal_voc | bridgetower | superpixel_slic g=200 dr_iters=3 dr_ratio=0.5  exit=2  (0.0s)
2026-04-27 13:58:08  DEBUG     CMD  /home/ge.polymtl.ca/pahoa/random_stuff/poly_ai_project_pnp-ovss/.venv/bin/python /home/ge.polymtl.ca/pahoa/random_stuff/poly_ai_project_pnp-ovss/run_experiment.py --dataset pascal_voc --model bridgetower --spatial_type superpixel_slic --granularity 200 --dropout_iters 5 --dropout_ratio 0.1
2026-04-27 13:58:08  INFO        ▶ phase2 | pascal_voc | bridgetower | superpixel_slic g=200 dr_iters=5 dr_ratio=0.1
2026-04-27 13:58:08  ERROR       ✗ phase2 | pascal_voc | bridgetower | superpixel_slic g=200 dr_iters=5 dr_ratio=0.1  exit=2  (0.0s)
2026-04-27 13:58:08  DEBUG     CMD  /home/ge.polymtl.ca/pahoa/random_stuff/poly_ai_project_pnp-ovss/.venv/bin/python /home/ge.polymtl.ca/pahoa/random_stuff/poly_ai_project_pnp-ovss/run_experiment.py --dataset pascal_voc --model bridgetower --spatial_type superpixel_slic --granularity 200 --dropout_iters 5 --dropout_ratio 0.3
2026-04-27 13:58:08  INFO        ▶ phase2 | pascal_voc | bridgetower | superpixel_slic g=200 dr_iters=5 dr_ratio=0.3
2026-04-27 13:58:08  ERROR       ✗ phase2 | pascal_voc | bridgetower | superpixel_slic g=200 dr_iters=5 dr_ratio=0.3  exit=2  (0.0s)
2026-04-27 13:58:08  DEBUG     CMD  /home/ge.polymtl.ca/pahoa/random_stuff/poly_ai_project_pnp-ovss/.venv/bin/python /home/ge.polymtl.ca/pahoa/random_stuff/poly_ai_project_pnp-ovss/run_experiment.py --dataset pascal_voc --model bridgetower --spatial_type superpixel_slic --granularity 200 --dropout_iters 5 --dropout_ratio 0.5
2026-04-27 13:58:08  INFO        ▶ phase2 | pascal_voc | bridgetower | superpixel_slic g=200 dr_iters=5 dr_ratio=0.5
2026-04-27 13:58:08  ERROR       ✗ phase2 | pascal_voc | bridgetower | superpixel_slic g=200 dr_iters=5 dr_ratio=0.5  exit=2  (0.0s)
2026-04-27 13:58:08  DEBUG     CMD  /home/ge.polymtl.ca/pahoa/random_stuff/poly_ai_project_pnp-ovss/.venv/bin/python /home/ge.polymtl.ca/pahoa/random_stuff/poly_ai_project_pnp-ovss/run_experiment.py --dataset pascal_voc --model bridgetower --spatial_type superpixel_slic --granularity 200 --dropout_iters 7 --dropout_ratio 0.1
2026-04-27 13:58:08  INFO        ▶ phase2 | pascal_voc | bridgetower | superpixel_slic g=200 dr_iters=7 dr_ratio=0.1
2026-04-27 13:58:08  ERROR       ✗ phase2 | pascal_voc | bridgetower | superpixel_slic g=200 dr_iters=7 dr_ratio=0.1  exit=2  (0.0s)
2026-04-27 13:58:08  DEBUG     CMD  /home/ge.polymtl.ca/pahoa/random_stuff/poly_ai_project_pnp-ovss/.venv/bin/python /home/ge.polymtl.ca/pahoa/random_stuff/poly_ai_project_pnp-ovss/run_experiment.py --dataset pascal_voc --model bridgetower --spatial_type superpixel_slic --granularity 200 --dropout_iters 7 --dropout_ratio 0.3
2026-04-27 13:58:08  INFO        ▶ phase2 | pascal_voc | bridgetower | superpixel_slic g=200 dr_iters=7 dr_ratio=0.3
2026-04-27 13:58:08  ERROR       ✗ phase2 | pascal_voc | bridgetower | superpixel_slic g=200 dr_iters=7 dr_ratio=0.3  exit=2  (0.0s)
2026-04-27 13:58:08  DEBUG     CMD  /home/ge.polymtl.ca/pahoa/random_stuff/poly_ai_project_pnp-ovss/.venv/bin/python /home/ge.polymtl.ca/pahoa/random_stuff/poly_ai_project_pnp-ovss/run_experiment.py --dataset pascal_voc --model bridgetower --spatial_type superpixel_slic --granularity 200 --dropout_iters 7 --dropout_ratio 0.5
2026-04-27 13:58:08  INFO        ▶ phase2 | pascal_voc | bridgetower | superpixel_slic g=200 dr_iters=7 dr_ratio=0.5
2026-04-27 13:58:08  ERROR       ✗ phase2 | pascal_voc | bridgetower | superpixel_slic g=200 dr_iters=7 dr_ratio=0.5  exit=2  (0.0s)
2026-04-27 13:58:08  DEBUG     CMD  /home/ge.polymtl.ca/pahoa/random_stuff/poly_ai_project_pnp-ovss/.venv/bin/python /home/ge.polymtl.ca/pahoa/random_stuff/poly_ai_project_pnp-ovss/run_experiment.py --dataset pascal_voc --model bridgetower --spatial_type superpixel_slic --granularity 300 --dropout_iters 3 --dropout_ratio 0.1
2026-04-27 13:58:08  INFO        ▶ phase2 | pascal_voc | bridgetower | superpixel_slic g=300 dr_iters=3 dr_ratio=0.1
2026-04-27 13:58:08  ERROR       ✗ phase2 | pascal_voc | bridgetower | superpixel_slic g=300 dr_iters=3 dr_ratio=0.1  exit=2  (0.0s)
2026-04-27 13:58:08  DEBUG     CMD  /home/ge.polymtl.ca/pahoa/random_stuff/poly_ai_project_pnp-ovss/.venv/bin/python /home/ge.polymtl.ca/pahoa/random_stuff/poly_ai_project_pnp-ovss/run_experiment.py --dataset pascal_voc --model bridgetower --spatial_type superpixel_slic --granularity 300 --dropout_iters 3 --dropout_ratio 0.3
2026-04-27 13:58:08  INFO        ▶ phase2 | pascal_voc | bridgetower | superpixel_slic g=300 dr_iters=3 dr_ratio=0.3
2026-04-27 13:58:08  ERROR       ✗ phase2 | pascal_voc | bridgetower | superpixel_slic g=300 dr_iters=3 dr_ratio=0.3  exit=2  (0.0s)
2026-04-27 13:58:08  DEBUG     CMD  /home/ge.polymtl.ca/pahoa/random_stuff/poly_ai_project_pnp-ovss/.venv/bin/python /home/ge.polymtl.ca/pahoa/random_stuff/poly_ai_project_pnp-ovss/run_experiment.py --dataset pascal_voc --model bridgetower --spatial_type superpixel_slic --granularity 300 --dropout_iters 3 --dropout_ratio 0.5
2026-04-27 13:58:08  INFO        ▶ phase2 | pascal_voc | bridgetower | superpixel_slic g=300 dr_iters=3 dr_ratio=0.5
2026-04-27 13:58:08  ERROR       ✗ phase2 | pascal_voc | bridgetower | superpixel_slic g=300 dr_iters=3 dr_ratio=0.5  exit=2  (0.0s)
2026-04-27 13:58:08  DEBUG     CMD  /home/ge.polymtl.ca/pahoa/random_stuff/poly_ai_project_pnp-ovss/.venv/bin/python /home/ge.polymtl.ca/pahoa/random_stuff/poly_ai_project_pnp-ovss/run_experiment.py --dataset pascal_voc --model bridgetower --spatial_type superpixel_slic --granularity 300 --dropout_iters 5 --dropout_ratio 0.1
2026-04-27 13:58:08  INFO        ▶ phase2 | pascal_voc | bridgetower | superpixel_slic g=300 dr_iters=5 dr_ratio=0.1
2026-04-27 13:58:08  ERROR       ✗ phase2 | pascal_voc | bridgetower | superpixel_slic g=300 dr_iters=5 dr_ratio=0.1  exit=2  (0.0s)
2026-04-27 13:58:08  DEBUG     CMD  /home/ge.polymtl.ca/pahoa/random_stuff/poly_ai_project_pnp-ovss/.venv/bin/python /home/ge.polymtl.ca/pahoa/random_stuff/poly_ai_project_pnp-ovss/run_experiment.py --dataset pascal_voc --model bridgetower --spatial_type superpixel_slic --granularity 300 --dropout_iters 5 --dropout_ratio 0.3
2026-04-27 13:58:08  INFO        ▶ phase2 | pascal_voc | bridgetower | superpixel_slic g=300 dr_iters=5 dr_ratio=0.3
2026-04-27 13:58:08  ERROR       ✗ phase2 | pascal_voc | bridgetower | superpixel_slic g=300 dr_iters=5 dr_ratio=0.3  exit=2  (0.0s)
2026-04-27 13:58:08  DEBUG     CMD  /home/ge.polymtl.ca/pahoa/random_stuff/poly_ai_project_pnp-ovss/.venv/bin/python /home/ge.polymtl.ca/pahoa/random_stuff/poly_ai_project_pnp-ovss/run_experiment.py --dataset pascal_voc --model bridgetower --spatial_type superpixel_slic --granularity 300 --dropout_iters 5 --dropout_ratio 0.5
2026-04-27 13:58:08  INFO        ▶ phase2 | pascal_voc | bridgetower | superpixel_slic g=300 dr_iters=5 dr_ratio=0.5
2026-04-27 13:58:08  ERROR       ✗ phase2 | pascal_voc | bridgetower | superpixel_slic g=300 dr_iters=5 dr_ratio=0.5  exit=2  (0.0s)
2026-04-27 13:58:08  DEBUG     CMD  /home/ge.polymtl.ca/pahoa/random_stuff/poly_ai_project_pnp-ovss/.venv/bin/python /home/ge.polymtl.ca/pahoa/random_stuff/poly_ai_project_pnp-ovss/run_experiment.py --dataset pascal_voc --model bridgetower --spatial_type superpixel_slic --granularity 300 --dropout_iters 7 --dropout_ratio 0.1
2026-04-27 13:58:08  INFO        ▶ phase2 | pascal_voc | bridgetower | superpixel_slic g=300 dr_iters=7 dr_ratio=0.1
2026-04-27 13:58:08  ERROR       ✗ phase2 | pascal_voc | bridgetower | superpixel_slic g=300 dr_iters=7 dr_ratio=0.1  exit=2  (0.0s)
2026-04-27 13:58:08  DEBUG     CMD  /home/ge.polymtl.ca/pahoa/random_stuff/poly_ai_project_pnp-ovss/.venv/bin/python /home/ge.polymtl.ca/pahoa/random_stuff/poly_ai_project_pnp-ovss/run_experiment.py --dataset pascal_voc --model bridgetower --spatial_type superpixel_slic --granularity 300 --dropout_iters 7 --dropout_ratio 0.3
2026-04-27 13:58:08  INFO        ▶ phase2 | pascal_voc | bridgetower | superpixel_slic g=300 dr_iters=7 dr_ratio=0.3
2026-04-27 13:58:08  ERROR       ✗ phase2 | pascal_voc | bridgetower | superpixel_slic g=300 dr_iters=7 dr_ratio=0.3  exit=2  (0.0s)
2026-04-27 13:58:08  DEBUG     CMD  /home/ge.polymtl.ca/pahoa/random_stuff/poly_ai_project_pnp-ovss/.venv/bin/python /home/ge.polymtl.ca/pahoa/random_stuff/poly_ai_project_pnp-ovss/run_experiment.py --dataset pascal_voc --model bridgetower --spatial_type superpixel_slic --granularity 300 --dropout_iters 7 --dropout_ratio 0.5
2026-04-27 13:58:08  INFO        ▶ phase2 | pascal_voc | bridgetower | superpixel_slic g=300 dr_iters=7 dr_ratio=0.5
2026-04-27 13:58:08  ERROR       ✗ phase2 | pascal_voc | bridgetower | superpixel_slic g=300 dr_iters=7 dr_ratio=0.5  exit=2  (0.0s)
2026-04-27 13:58:08  INFO        Phase 2 done  ok=0  fail=45
2026-04-27 13:58:08  INFO        ── Phase 3 ──
2026-04-27 13:58:08  DEBUG     CMD  /home/ge.polymtl.ca/pahoa/random_stuff/poly_ai_project_pnp-ovss/.venv/bin/python /home/ge.polymtl.ca/pahoa/random_stuff/poly_ai_project_pnp-ovss/run_experiment.py --dataset pascal_voc --model bridgetower --tuning_metric zero_shot_heuristic
2026-04-27 13:58:08  INFO        ▶ phase3 | pascal_voc | bridgetower | metric=zero_shot_heuristic
2026-04-27 13:58:08  ERROR       ✗ phase3 | pascal_voc | bridgetower | metric=zero_shot_heuristic  exit=2  (0.0s)
2026-04-27 13:58:08  DEBUG     CMD  /home/ge.polymtl.ca/pahoa/random_stuff/poly_ai_project_pnp-ovss/.venv/bin/python /home/ge.polymtl.ca/pahoa/random_stuff/poly_ai_project_pnp-ovss/run_experiment.py --dataset pascal_voc --model bridgetower --tuning_metric supervised_mdice
2026-04-27 13:58:08  INFO        ▶ phase3 | pascal_voc | bridgetower | metric=supervised_mdice
2026-04-27 13:58:08  ERROR       ✗ phase3 | pascal_voc | bridgetower | metric=supervised_mdice  exit=2  (0.0s)
2026-04-27 13:58:08  INFO        Phase 3 done  ok=0  fail=2
2026-04-27 13:58:08  INFO        ── Phase 4 ──
2026-04-27 13:58:08  DEBUG     CMD  /home/ge.polymtl.ca/pahoa/random_stuff/poly_ai_project_pnp-ovss/.venv/bin/python /home/ge.polymtl.ca/pahoa/random_stuff/poly_ai_project_pnp-ovss/run_experiment.py --run_final_eval True --dataset pascal_voc --model bridgetower
2026-04-27 13:58:08  INFO        ▶ phase4 | pascal_voc | bridgetower
2026-04-27 13:58:08  ERROR       ✗ phase4 | pascal_voc | bridgetower  exit=2  (0.0s)
2026-04-27 13:58:08  INFO        Phase 4 done  ok=0  fail=1
2026-04-27 13:58:08  INFO      ━━━━━━━━━━━━━━━━━━━━━━━━━━━━━━━━━━━━━━━━━━━━━━━━━━━━━━━━━━━━━━━━━━━━━━━━
2026-04-27 13:58:08  INFO        PAIR  dataset=pascal_voc       model=albef
2026-04-27 13:58:08  INFO      ━━━━━━━━━━━━━━━━━━━━━━━━━━━━━━━━━━━━━━━━━━━━━━━━━━━━━━━━━━━━━━━━━━━━━━━━
2026-04-27 13:58:08  INFO        ── Phase 1 ──
2026-04-27 13:58:08  DEBUG     CMD  /home/ge.polymtl.ca/pahoa/random_stuff/poly_ai_project_pnp-ovss/.venv/bin/python /home/ge.polymtl.ca/pahoa/random_stuff/poly_ai_project_pnp-ovss/run_experiment.py --dataset pascal_voc --model albef --spatial_type grid --tuning_metric zero_shot_heuristic
2026-04-27 13:58:08  INFO        ▶ phase1 | pascal_voc | albef
2026-04-27 13:58:08  ERROR       ✗ phase1 | pascal_voc | albef  exit=2  (0.0s)
2026-04-27 13:58:08  INFO        Phase 1 done  ok=0  fail=1
2026-04-27 13:58:08  INFO        ── Phase 2 ──
2026-04-27 13:58:08  DEBUG     CMD  /home/ge.polymtl.ca/pahoa/random_stuff/poly_ai_project_pnp-ovss/.venv/bin/python /home/ge.polymtl.ca/pahoa/random_stuff/poly_ai_project_pnp-ovss/run_experiment.py --dataset pascal_voc --model albef --spatial_type grid --granularity 16 --dropout_iters 3 --dropout_ratio 0.1
2026-04-27 13:58:08  INFO        ▶ phase2 | pascal_voc | albef | grid g=16 dr_iters=3 dr_ratio=0.1
2026-04-27 13:58:08  ERROR       ✗ phase2 | pascal_voc | albef | grid g=16 dr_iters=3 dr_ratio=0.1  exit=2  (0.0s)
2026-04-27 13:58:08  DEBUG     CMD  /home/ge.polymtl.ca/pahoa/random_stuff/poly_ai_project_pnp-ovss/.venv/bin/python /home/ge.polymtl.ca/pahoa/random_stuff/poly_ai_project_pnp-ovss/run_experiment.py --dataset pascal_voc --model albef --spatial_type grid --granularity 16 --dropout_iters 3 --dropout_ratio 0.3
2026-04-27 13:58:08  INFO        ▶ phase2 | pascal_voc | albef | grid g=16 dr_iters=3 dr_ratio=0.3
2026-04-27 13:58:08  ERROR       ✗ phase2 | pascal_voc | albef | grid g=16 dr_iters=3 dr_ratio=0.3  exit=2  (0.0s)
2026-04-27 13:58:08  DEBUG     CMD  /home/ge.polymtl.ca/pahoa/random_stuff/poly_ai_project_pnp-ovss/.venv/bin/python /home/ge.polymtl.ca/pahoa/random_stuff/poly_ai_project_pnp-ovss/run_experiment.py --dataset pascal_voc --model albef --spatial_type grid --granularity 16 --dropout_iters 3 --dropout_ratio 0.5
2026-04-27 13:58:08  INFO        ▶ phase2 | pascal_voc | albef | grid g=16 dr_iters=3 dr_ratio=0.5
2026-04-27 13:58:08  ERROR       ✗ phase2 | pascal_voc | albef | grid g=16 dr_iters=3 dr_ratio=0.5  exit=2  (0.0s)
2026-04-27 13:58:08  DEBUG     CMD  /home/ge.polymtl.ca/pahoa/random_stuff/poly_ai_project_pnp-ovss/.venv/bin/python /home/ge.polymtl.ca/pahoa/random_stuff/poly_ai_project_pnp-ovss/run_experiment.py --dataset pascal_voc --model albef --spatial_type grid --granularity 16 --dropout_iters 5 --dropout_ratio 0.1
2026-04-27 13:58:08  INFO        ▶ phase2 | pascal_voc | albef | grid g=16 dr_iters=5 dr_ratio=0.1
2026-04-27 13:58:08  ERROR       ✗ phase2 | pascal_voc | albef | grid g=16 dr_iters=5 dr_ratio=0.1  exit=2  (0.0s)
2026-04-27 13:58:08  DEBUG     CMD  /home/ge.polymtl.ca/pahoa/random_stuff/poly_ai_project_pnp-ovss/.venv/bin/python /home/ge.polymtl.ca/pahoa/random_stuff/poly_ai_project_pnp-ovss/run_experiment.py --dataset pascal_voc --model albef --spatial_type grid --granularity 16 --dropout_iters 5 --dropout_ratio 0.3
2026-04-27 13:58:08  INFO        ▶ phase2 | pascal_voc | albef | grid g=16 dr_iters=5 dr_ratio=0.3
2026-04-27 13:58:08  ERROR       ✗ phase2 | pascal_voc | albef | grid g=16 dr_iters=5 dr_ratio=0.3  exit=2  (0.0s)
2026-04-27 13:58:08  DEBUG     CMD  /home/ge.polymtl.ca/pahoa/random_stuff/poly_ai_project_pnp-ovss/.venv/bin/python /home/ge.polymtl.ca/pahoa/random_stuff/poly_ai_project_pnp-ovss/run_experiment.py --dataset pascal_voc --model albef --spatial_type grid --granularity 16 --dropout_iters 5 --dropout_ratio 0.5
2026-04-27 13:58:08  INFO        ▶ phase2 | pascal_voc | albef | grid g=16 dr_iters=5 dr_ratio=0.5
2026-04-27 13:58:08  ERROR       ✗ phase2 | pascal_voc | albef | grid g=16 dr_iters=5 dr_ratio=0.5  exit=2  (0.0s)
2026-04-27 13:58:08  DEBUG     CMD  /home/ge.polymtl.ca/pahoa/random_stuff/poly_ai_project_pnp-ovss/.venv/bin/python /home/ge.polymtl.ca/pahoa/random_stuff/poly_ai_project_pnp-ovss/run_experiment.py --dataset pascal_voc --model albef --spatial_type grid --granularity 16 --dropout_iters 7 --dropout_ratio 0.1
2026-04-27 13:58:08  INFO        ▶ phase2 | pascal_voc | albef | grid g=16 dr_iters=7 dr_ratio=0.1
2026-04-27 13:58:08  ERROR       ✗ phase2 | pascal_voc | albef | grid g=16 dr_iters=7 dr_ratio=0.1  exit=2  (0.0s)
2026-04-27 13:58:08  DEBUG     CMD  /home/ge.polymtl.ca/pahoa/random_stuff/poly_ai_project_pnp-ovss/.venv/bin/python /home/ge.polymtl.ca/pahoa/random_stuff/poly_ai_project_pnp-ovss/run_experiment.py --dataset pascal_voc --model albef --spatial_type grid --granularity 16 --dropout_iters 7 --dropout_ratio 0.3
2026-04-27 13:58:08  INFO        ▶ phase2 | pascal_voc | albef | grid g=16 dr_iters=7 dr_ratio=0.3
2026-04-27 13:58:08  ERROR       ✗ phase2 | pascal_voc | albef | grid g=16 dr_iters=7 dr_ratio=0.3  exit=2  (0.0s)
2026-04-27 13:58:08  DEBUG     CMD  /home/ge.polymtl.ca/pahoa/random_stuff/poly_ai_project_pnp-ovss/.venv/bin/python /home/ge.polymtl.ca/pahoa/random_stuff/poly_ai_project_pnp-ovss/run_experiment.py --dataset pascal_voc --model albef --spatial_type grid --granularity 16 --dropout_iters 7 --dropout_ratio 0.5
2026-04-27 13:58:08  INFO        ▶ phase2 | pascal_voc | albef | grid g=16 dr_iters=7 dr_ratio=0.5
2026-04-27 13:58:08  ERROR       ✗ phase2 | pascal_voc | albef | grid g=16 dr_iters=7 dr_ratio=0.5  exit=2  (0.0s)
2026-04-27 13:58:08  DEBUG     CMD  /home/ge.polymtl.ca/pahoa/random_stuff/poly_ai_project_pnp-ovss/.venv/bin/python /home/ge.polymtl.ca/pahoa/random_stuff/poly_ai_project_pnp-ovss/run_experiment.py --dataset pascal_voc --model albef --spatial_type grid --granularity 32 --dropout_iters 3 --dropout_ratio 0.1
2026-04-27 13:58:08  INFO        ▶ phase2 | pascal_voc | albef | grid g=32 dr_iters=3 dr_ratio=0.1
2026-04-27 13:58:08  ERROR       ✗ phase2 | pascal_voc | albef | grid g=32 dr_iters=3 dr_ratio=0.1  exit=2  (0.0s)
2026-04-27 13:58:08  DEBUG     CMD  /home/ge.polymtl.ca/pahoa/random_stuff/poly_ai_project_pnp-ovss/.venv/bin/python /home/ge.polymtl.ca/pahoa/random_stuff/poly_ai_project_pnp-ovss/run_experiment.py --dataset pascal_voc --model albef --spatial_type grid --granularity 32 --dropout_iters 3 --dropout_ratio 0.3
2026-04-27 13:58:08  INFO        ▶ phase2 | pascal_voc | albef | grid g=32 dr_iters=3 dr_ratio=0.3
2026-04-27 13:58:08  ERROR       ✗ phase2 | pascal_voc | albef | grid g=32 dr_iters=3 dr_ratio=0.3  exit=2  (0.0s)
2026-04-27 13:58:08  DEBUG     CMD  /home/ge.polymtl.ca/pahoa/random_stuff/poly_ai_project_pnp-ovss/.venv/bin/python /home/ge.polymtl.ca/pahoa/random_stuff/poly_ai_project_pnp-ovss/run_experiment.py --dataset pascal_voc --model albef --spatial_type grid --granularity 32 --dropout_iters 3 --dropout_ratio 0.5
2026-04-27 13:58:08  INFO        ▶ phase2 | pascal_voc | albef | grid g=32 dr_iters=3 dr_ratio=0.5
2026-04-27 13:58:08  ERROR       ✗ phase2 | pascal_voc | albef | grid g=32 dr_iters=3 dr_ratio=0.5  exit=2  (0.0s)
2026-04-27 13:58:08  DEBUG     CMD  /home/ge.polymtl.ca/pahoa/random_stuff/poly_ai_project_pnp-ovss/.venv/bin/python /home/ge.polymtl.ca/pahoa/random_stuff/poly_ai_project_pnp-ovss/run_experiment.py --dataset pascal_voc --model albef --spatial_type grid --granularity 32 --dropout_iters 5 --dropout_ratio 0.1
2026-04-27 13:58:08  INFO        ▶ phase2 | pascal_voc | albef | grid g=32 dr_iters=5 dr_ratio=0.1
2026-04-27 13:58:08  ERROR       ✗ phase2 | pascal_voc | albef | grid g=32 dr_iters=5 dr_ratio=0.1  exit=2  (0.0s)
2026-04-27 13:58:08  DEBUG     CMD  /home/ge.polymtl.ca/pahoa/random_stuff/poly_ai_project_pnp-ovss/.venv/bin/python /home/ge.polymtl.ca/pahoa/random_stuff/poly_ai_project_pnp-ovss/run_experiment.py --dataset pascal_voc --model albef --spatial_type grid --granularity 32 --dropout_iters 5 --dropout_ratio 0.3
2026-04-27 13:58:08  INFO        ▶ phase2 | pascal_voc | albef | grid g=32 dr_iters=5 dr_ratio=0.3
2026-04-27 13:58:08  ERROR       ✗ phase2 | pascal_voc | albef | grid g=32 dr_iters=5 dr_ratio=0.3  exit=2  (0.0s)
2026-04-27 13:58:08  DEBUG     CMD  /home/ge.polymtl.ca/pahoa/random_stuff/poly_ai_project_pnp-ovss/.venv/bin/python /home/ge.polymtl.ca/pahoa/random_stuff/poly_ai_project_pnp-ovss/run_experiment.py --dataset pascal_voc --model albef --spatial_type grid --granularity 32 --dropout_iters 5 --dropout_ratio 0.5
2026-04-27 13:58:08  INFO        ▶ phase2 | pascal_voc | albef | grid g=32 dr_iters=5 dr_ratio=0.5
2026-04-27 13:58:08  ERROR       ✗ phase2 | pascal_voc | albef | grid g=32 dr_iters=5 dr_ratio=0.5  exit=2  (0.0s)
2026-04-27 13:58:08  DEBUG     CMD  /home/ge.polymtl.ca/pahoa/random_stuff/poly_ai_project_pnp-ovss/.venv/bin/python /home/ge.polymtl.ca/pahoa/random_stuff/poly_ai_project_pnp-ovss/run_experiment.py --dataset pascal_voc --model albef --spatial_type grid --granularity 32 --dropout_iters 7 --dropout_ratio 0.1
2026-04-27 13:58:08  INFO        ▶ phase2 | pascal_voc | albef | grid g=32 dr_iters=7 dr_ratio=0.1
2026-04-27 13:58:08  ERROR       ✗ phase2 | pascal_voc | albef | grid g=32 dr_iters=7 dr_ratio=0.1  exit=2  (0.0s)
2026-04-27 13:58:08  DEBUG     CMD  /home/ge.polymtl.ca/pahoa/random_stuff/poly_ai_project_pnp-ovss/.venv/bin/python /home/ge.polymtl.ca/pahoa/random_stuff/poly_ai_project_pnp-ovss/run_experiment.py --dataset pascal_voc --model albef --spatial_type grid --granularity 32 --dropout_iters 7 --dropout_ratio 0.3
2026-04-27 13:58:08  INFO        ▶ phase2 | pascal_voc | albef | grid g=32 dr_iters=7 dr_ratio=0.3
2026-04-27 13:58:08  ERROR       ✗ phase2 | pascal_voc | albef | grid g=32 dr_iters=7 dr_ratio=0.3  exit=2  (0.0s)
2026-04-27 13:58:08  DEBUG     CMD  /home/ge.polymtl.ca/pahoa/random_stuff/poly_ai_project_pnp-ovss/.venv/bin/python /home/ge.polymtl.ca/pahoa/random_stuff/poly_ai_project_pnp-ovss/run_experiment.py --dataset pascal_voc --model albef --spatial_type grid --granularity 32 --dropout_iters 7 --dropout_ratio 0.5
2026-04-27 13:58:08  INFO        ▶ phase2 | pascal_voc | albef | grid g=32 dr_iters=7 dr_ratio=0.5
2026-04-27 13:58:08  ERROR       ✗ phase2 | pascal_voc | albef | grid g=32 dr_iters=7 dr_ratio=0.5  exit=2  (0.0s)
2026-04-27 13:58:08  DEBUG     CMD  /home/ge.polymtl.ca/pahoa/random_stuff/poly_ai_project_pnp-ovss/.venv/bin/python /home/ge.polymtl.ca/pahoa/random_stuff/poly_ai_project_pnp-ovss/run_experiment.py --dataset pascal_voc --model albef --spatial_type superpixel_slic --granularity 100 --dropout_iters 3 --dropout_ratio 0.1
2026-04-27 13:58:08  INFO        ▶ phase2 | pascal_voc | albef | superpixel_slic g=100 dr_iters=3 dr_ratio=0.1
2026-04-27 13:58:08  ERROR       ✗ phase2 | pascal_voc | albef | superpixel_slic g=100 dr_iters=3 dr_ratio=0.1  exit=2  (0.0s)
2026-04-27 13:58:08  DEBUG     CMD  /home/ge.polymtl.ca/pahoa/random_stuff/poly_ai_project_pnp-ovss/.venv/bin/python /home/ge.polymtl.ca/pahoa/random_stuff/poly_ai_project_pnp-ovss/run_experiment.py --dataset pascal_voc --model albef --spatial_type superpixel_slic --granularity 100 --dropout_iters 3 --dropout_ratio 0.3
2026-04-27 13:58:08  INFO        ▶ phase2 | pascal_voc | albef | superpixel_slic g=100 dr_iters=3 dr_ratio=0.3
2026-04-27 13:58:08  ERROR       ✗ phase2 | pascal_voc | albef | superpixel_slic g=100 dr_iters=3 dr_ratio=0.3  exit=2  (0.0s)
2026-04-27 13:58:08  DEBUG     CMD  /home/ge.polymtl.ca/pahoa/random_stuff/poly_ai_project_pnp-ovss/.venv/bin/python /home/ge.polymtl.ca/pahoa/random_stuff/poly_ai_project_pnp-ovss/run_experiment.py --dataset pascal_voc --model albef --spatial_type superpixel_slic --granularity 100 --dropout_iters 3 --dropout_ratio 0.5
2026-04-27 13:58:08  INFO        ▶ phase2 | pascal_voc | albef | superpixel_slic g=100 dr_iters=3 dr_ratio=0.5
2026-04-27 13:58:08  ERROR       ✗ phase2 | pascal_voc | albef | superpixel_slic g=100 dr_iters=3 dr_ratio=0.5  exit=2  (0.0s)
2026-04-27 13:58:08  DEBUG     CMD  /home/ge.polymtl.ca/pahoa/random_stuff/poly_ai_project_pnp-ovss/.venv/bin/python /home/ge.polymtl.ca/pahoa/random_stuff/poly_ai_project_pnp-ovss/run_experiment.py --dataset pascal_voc --model albef --spatial_type superpixel_slic --granularity 100 --dropout_iters 5 --dropout_ratio 0.1
2026-04-27 13:58:08  INFO        ▶ phase2 | pascal_voc | albef | superpixel_slic g=100 dr_iters=5 dr_ratio=0.1
2026-04-27 13:58:08  ERROR       ✗ phase2 | pascal_voc | albef | superpixel_slic g=100 dr_iters=5 dr_ratio=0.1  exit=2  (0.0s)
2026-04-27 13:58:08  DEBUG     CMD  /home/ge.polymtl.ca/pahoa/random_stuff/poly_ai_project_pnp-ovss/.venv/bin/python /home/ge.polymtl.ca/pahoa/random_stuff/poly_ai_project_pnp-ovss/run_experiment.py --dataset pascal_voc --model albef --spatial_type superpixel_slic --granularity 100 --dropout_iters 5 --dropout_ratio 0.3
2026-04-27 13:58:08  INFO        ▶ phase2 | pascal_voc | albef | superpixel_slic g=100 dr_iters=5 dr_ratio=0.3
2026-04-27 13:58:08  ERROR       ✗ phase2 | pascal_voc | albef | superpixel_slic g=100 dr_iters=5 dr_ratio=0.3  exit=2  (0.0s)
2026-04-27 13:58:08  DEBUG     CMD  /home/ge.polymtl.ca/pahoa/random_stuff/poly_ai_project_pnp-ovss/.venv/bin/python /home/ge.polymtl.ca/pahoa/random_stuff/poly_ai_project_pnp-ovss/run_experiment.py --dataset pascal_voc --model albef --spatial_type superpixel_slic --granularity 100 --dropout_iters 5 --dropout_ratio 0.5
2026-04-27 13:58:08  INFO        ▶ phase2 | pascal_voc | albef | superpixel_slic g=100 dr_iters=5 dr_ratio=0.5
2026-04-27 13:58:08  ERROR       ✗ phase2 | pascal_voc | albef | superpixel_slic g=100 dr_iters=5 dr_ratio=0.5  exit=2  (0.0s)
2026-04-27 13:58:08  DEBUG     CMD  /home/ge.polymtl.ca/pahoa/random_stuff/poly_ai_project_pnp-ovss/.venv/bin/python /home/ge.polymtl.ca/pahoa/random_stuff/poly_ai_project_pnp-ovss/run_experiment.py --dataset pascal_voc --model albef --spatial_type superpixel_slic --granularity 100 --dropout_iters 7 --dropout_ratio 0.1
2026-04-27 13:58:08  INFO        ▶ phase2 | pascal_voc | albef | superpixel_slic g=100 dr_iters=7 dr_ratio=0.1
2026-04-27 13:58:08  ERROR       ✗ phase2 | pascal_voc | albef | superpixel_slic g=100 dr_iters=7 dr_ratio=0.1  exit=2  (0.0s)
2026-04-27 13:58:08  DEBUG     CMD  /home/ge.polymtl.ca/pahoa/random_stuff/poly_ai_project_pnp-ovss/.venv/bin/python /home/ge.polymtl.ca/pahoa/random_stuff/poly_ai_project_pnp-ovss/run_experiment.py --dataset pascal_voc --model albef --spatial_type superpixel_slic --granularity 100 --dropout_iters 7 --dropout_ratio 0.3
2026-04-27 13:58:08  INFO        ▶ phase2 | pascal_voc | albef | superpixel_slic g=100 dr_iters=7 dr_ratio=0.3
2026-04-27 13:58:08  ERROR       ✗ phase2 | pascal_voc | albef | superpixel_slic g=100 dr_iters=7 dr_ratio=0.3  exit=2  (0.0s)
2026-04-27 13:58:08  DEBUG     CMD  /home/ge.polymtl.ca/pahoa/random_stuff/poly_ai_project_pnp-ovss/.venv/bin/python /home/ge.polymtl.ca/pahoa/random_stuff/poly_ai_project_pnp-ovss/run_experiment.py --dataset pascal_voc --model albef --spatial_type superpixel_slic --granularity 100 --dropout_iters 7 --dropout_ratio 0.5
2026-04-27 13:58:08  INFO        ▶ phase2 | pascal_voc | albef | superpixel_slic g=100 dr_iters=7 dr_ratio=0.5
2026-04-27 13:58:08  ERROR       ✗ phase2 | pascal_voc | albef | superpixel_slic g=100 dr_iters=7 dr_ratio=0.5  exit=2  (0.0s)
2026-04-27 13:58:08  DEBUG     CMD  /home/ge.polymtl.ca/pahoa/random_stuff/poly_ai_project_pnp-ovss/.venv/bin/python /home/ge.polymtl.ca/pahoa/random_stuff/poly_ai_project_pnp-ovss/run_experiment.py --dataset pascal_voc --model albef --spatial_type superpixel_slic --granularity 200 --dropout_iters 3 --dropout_ratio 0.1
2026-04-27 13:58:08  INFO        ▶ phase2 | pascal_voc | albef | superpixel_slic g=200 dr_iters=3 dr_ratio=0.1
2026-04-27 13:58:08  ERROR       ✗ phase2 | pascal_voc | albef | superpixel_slic g=200 dr_iters=3 dr_ratio=0.1  exit=2  (0.0s)
2026-04-27 13:58:08  DEBUG     CMD  /home/ge.polymtl.ca/pahoa/random_stuff/poly_ai_project_pnp-ovss/.venv/bin/python /home/ge.polymtl.ca/pahoa/random_stuff/poly_ai_project_pnp-ovss/run_experiment.py --dataset pascal_voc --model albef --spatial_type superpixel_slic --granularity 200 --dropout_iters 3 --dropout_ratio 0.3
2026-04-27 13:58:08  INFO        ▶ phase2 | pascal_voc | albef | superpixel_slic g=200 dr_iters=3 dr_ratio=0.3
2026-04-27 13:58:08  ERROR       ✗ phase2 | pascal_voc | albef | superpixel_slic g=200 dr_iters=3 dr_ratio=0.3  exit=2  (0.0s)
2026-04-27 13:58:08  DEBUG     CMD  /home/ge.polymtl.ca/pahoa/random_stuff/poly_ai_project_pnp-ovss/.venv/bin/python /home/ge.polymtl.ca/pahoa/random_stuff/poly_ai_project_pnp-ovss/run_experiment.py --dataset pascal_voc --model albef --spatial_type superpixel_slic --granularity 200 --dropout_iters 3 --dropout_ratio 0.5
2026-04-27 13:58:08  INFO        ▶ phase2 | pascal_voc | albef | superpixel_slic g=200 dr_iters=3 dr_ratio=0.5
2026-04-27 13:58:08  ERROR       ✗ phase2 | pascal_voc | albef | superpixel_slic g=200 dr_iters=3 dr_ratio=0.5  exit=2  (0.0s)
2026-04-27 13:58:08  DEBUG     CMD  /home/ge.polymtl.ca/pahoa/random_stuff/poly_ai_project_pnp-ovss/.venv/bin/python /home/ge.polymtl.ca/pahoa/random_stuff/poly_ai_project_pnp-ovss/run_experiment.py --dataset pascal_voc --model albef --spatial_type superpixel_slic --granularity 200 --dropout_iters 5 --dropout_ratio 0.1
2026-04-27 13:58:08  INFO        ▶ phase2 | pascal_voc | albef | superpixel_slic g=200 dr_iters=5 dr_ratio=0.1
2026-04-27 13:58:08  ERROR       ✗ phase2 | pascal_voc | albef | superpixel_slic g=200 dr_iters=5 dr_ratio=0.1  exit=2  (0.0s)
2026-04-27 13:58:08  DEBUG     CMD  /home/ge.polymtl.ca/pahoa/random_stuff/poly_ai_project_pnp-ovss/.venv/bin/python /home/ge.polymtl.ca/pahoa/random_stuff/poly_ai_project_pnp-ovss/run_experiment.py --dataset pascal_voc --model albef --spatial_type superpixel_slic --granularity 200 --dropout_iters 5 --dropout_ratio 0.3
2026-04-27 13:58:08  INFO        ▶ phase2 | pascal_voc | albef | superpixel_slic g=200 dr_iters=5 dr_ratio=0.3
2026-04-27 13:58:08  ERROR       ✗ phase2 | pascal_voc | albef | superpixel_slic g=200 dr_iters=5 dr_ratio=0.3  exit=2  (0.0s)
2026-04-27 13:58:08  DEBUG     CMD  /home/ge.polymtl.ca/pahoa/random_stuff/poly_ai_project_pnp-ovss/.venv/bin/python /home/ge.polymtl.ca/pahoa/random_stuff/poly_ai_project_pnp-ovss/run_experiment.py --dataset pascal_voc --model albef --spatial_type superpixel_slic --granularity 200 --dropout_iters 5 --dropout_ratio 0.5
2026-04-27 13:58:08  INFO        ▶ phase2 | pascal_voc | albef | superpixel_slic g=200 dr_iters=5 dr_ratio=0.5
2026-04-27 13:58:08  ERROR       ✗ phase2 | pascal_voc | albef | superpixel_slic g=200 dr_iters=5 dr_ratio=0.5  exit=2  (0.0s)
2026-04-27 13:58:08  DEBUG     CMD  /home/ge.polymtl.ca/pahoa/random_stuff/poly_ai_project_pnp-ovss/.venv/bin/python /home/ge.polymtl.ca/pahoa/random_stuff/poly_ai_project_pnp-ovss/run_experiment.py --dataset pascal_voc --model albef --spatial_type superpixel_slic --granularity 200 --dropout_iters 7 --dropout_ratio 0.1
2026-04-27 13:58:08  INFO        ▶ phase2 | pascal_voc | albef | superpixel_slic g=200 dr_iters=7 dr_ratio=0.1
2026-04-27 13:58:08  ERROR       ✗ phase2 | pascal_voc | albef | superpixel_slic g=200 dr_iters=7 dr_ratio=0.1  exit=2  (0.0s)
2026-04-27 13:58:08  DEBUG     CMD  /home/ge.polymtl.ca/pahoa/random_stuff/poly_ai_project_pnp-ovss/.venv/bin/python /home/ge.polymtl.ca/pahoa/random_stuff/poly_ai_project_pnp-ovss/run_experiment.py --dataset pascal_voc --model albef --spatial_type superpixel_slic --granularity 200 --dropout_iters 7 --dropout_ratio 0.3
2026-04-27 13:58:08  INFO        ▶ phase2 | pascal_voc | albef | superpixel_slic g=200 dr_iters=7 dr_ratio=0.3
2026-04-27 13:58:08  ERROR       ✗ phase2 | pascal_voc | albef | superpixel_slic g=200 dr_iters=7 dr_ratio=0.3  exit=2  (0.0s)
2026-04-27 13:58:08  DEBUG     CMD  /home/ge.polymtl.ca/pahoa/random_stuff/poly_ai_project_pnp-ovss/.venv/bin/python /home/ge.polymtl.ca/pahoa/random_stuff/poly_ai_project_pnp-ovss/run_experiment.py --dataset pascal_voc --model albef --spatial_type superpixel_slic --granularity 200 --dropout_iters 7 --dropout_ratio 0.5
2026-04-27 13:58:08  INFO        ▶ phase2 | pascal_voc | albef | superpixel_slic g=200 dr_iters=7 dr_ratio=0.5
2026-04-27 13:58:08  ERROR       ✗ phase2 | pascal_voc | albef | superpixel_slic g=200 dr_iters=7 dr_ratio=0.5  exit=2  (0.0s)
2026-04-27 13:58:08  DEBUG     CMD  /home/ge.polymtl.ca/pahoa/random_stuff/poly_ai_project_pnp-ovss/.venv/bin/python /home/ge.polymtl.ca/pahoa/random_stuff/poly_ai_project_pnp-ovss/run_experiment.py --dataset pascal_voc --model albef --spatial_type superpixel_slic --granularity 300 --dropout_iters 3 --dropout_ratio 0.1
2026-04-27 13:58:08  INFO        ▶ phase2 | pascal_voc | albef | superpixel_slic g=300 dr_iters=3 dr_ratio=0.1
2026-04-27 13:58:08  ERROR       ✗ phase2 | pascal_voc | albef | superpixel_slic g=300 dr_iters=3 dr_ratio=0.1  exit=2  (0.0s)
2026-04-27 13:58:08  DEBUG     CMD  /home/ge.polymtl.ca/pahoa/random_stuff/poly_ai_project_pnp-ovss/.venv/bin/python /home/ge.polymtl.ca/pahoa/random_stuff/poly_ai_project_pnp-ovss/run_experiment.py --dataset pascal_voc --model albef --spatial_type superpixel_slic --granularity 300 --dropout_iters 3 --dropout_ratio 0.3
2026-04-27 13:58:08  INFO        ▶ phase2 | pascal_voc | albef | superpixel_slic g=300 dr_iters=3 dr_ratio=0.3
2026-04-27 13:58:08  ERROR       ✗ phase2 | pascal_voc | albef | superpixel_slic g=300 dr_iters=3 dr_ratio=0.3  exit=2  (0.0s)
2026-04-27 13:58:08  DEBUG     CMD  /home/ge.polymtl.ca/pahoa/random_stuff/poly_ai_project_pnp-ovss/.venv/bin/python /home/ge.polymtl.ca/pahoa/random_stuff/poly_ai_project_pnp-ovss/run_experiment.py --dataset pascal_voc --model albef --spatial_type superpixel_slic --granularity 300 --dropout_iters 3 --dropout_ratio 0.5
2026-04-27 13:58:08  INFO        ▶ phase2 | pascal_voc | albef | superpixel_slic g=300 dr_iters=3 dr_ratio=0.5
2026-04-27 13:58:08  ERROR       ✗ phase2 | pascal_voc | albef | superpixel_slic g=300 dr_iters=3 dr_ratio=0.5  exit=2  (0.0s)
2026-04-27 13:58:08  DEBUG     CMD  /home/ge.polymtl.ca/pahoa/random_stuff/poly_ai_project_pnp-ovss/.venv/bin/python /home/ge.polymtl.ca/pahoa/random_stuff/poly_ai_project_pnp-ovss/run_experiment.py --dataset pascal_voc --model albef --spatial_type superpixel_slic --granularity 300 --dropout_iters 5 --dropout_ratio 0.1
2026-04-27 13:58:08  INFO        ▶ phase2 | pascal_voc | albef | superpixel_slic g=300 dr_iters=5 dr_ratio=0.1
2026-04-27 13:58:08  ERROR       ✗ phase2 | pascal_voc | albef | superpixel_slic g=300 dr_iters=5 dr_ratio=0.1  exit=2  (0.0s)
2026-04-27 13:58:08  DEBUG     CMD  /home/ge.polymtl.ca/pahoa/random_stuff/poly_ai_project_pnp-ovss/.venv/bin/python /home/ge.polymtl.ca/pahoa/random_stuff/poly_ai_project_pnp-ovss/run_experiment.py --dataset pascal_voc --model albef --spatial_type superpixel_slic --granularity 300 --dropout_iters 5 --dropout_ratio 0.3
2026-04-27 13:58:08  INFO        ▶ phase2 | pascal_voc | albef | superpixel_slic g=300 dr_iters=5 dr_ratio=0.3
2026-04-27 13:58:08  ERROR       ✗ phase2 | pascal_voc | albef | superpixel_slic g=300 dr_iters=5 dr_ratio=0.3  exit=2  (0.0s)
2026-04-27 13:58:08  DEBUG     CMD  /home/ge.polymtl.ca/pahoa/random_stuff/poly_ai_project_pnp-ovss/.venv/bin/python /home/ge.polymtl.ca/pahoa/random_stuff/poly_ai_project_pnp-ovss/run_experiment.py --dataset pascal_voc --model albef --spatial_type superpixel_slic --granularity 300 --dropout_iters 5 --dropout_ratio 0.5
2026-04-27 13:58:08  INFO        ▶ phase2 | pascal_voc | albef | superpixel_slic g=300 dr_iters=5 dr_ratio=0.5
2026-04-27 13:58:08  ERROR       ✗ phase2 | pascal_voc | albef | superpixel_slic g=300 dr_iters=5 dr_ratio=0.5  exit=2  (0.0s)
2026-04-27 13:58:08  DEBUG     CMD  /home/ge.polymtl.ca/pahoa/random_stuff/poly_ai_project_pnp-ovss/.venv/bin/python /home/ge.polymtl.ca/pahoa/random_stuff/poly_ai_project_pnp-ovss/run_experiment.py --dataset pascal_voc --model albef --spatial_type superpixel_slic --granularity 300 --dropout_iters 7 --dropout_ratio 0.1
2026-04-27 13:58:08  INFO        ▶ phase2 | pascal_voc | albef | superpixel_slic g=300 dr_iters=7 dr_ratio=0.1
2026-04-27 13:58:08  ERROR       ✗ phase2 | pascal_voc | albef | superpixel_slic g=300 dr_iters=7 dr_ratio=0.1  exit=2  (0.0s)
2026-04-27 13:58:08  DEBUG     CMD  /home/ge.polymtl.ca/pahoa/random_stuff/poly_ai_project_pnp-ovss/.venv/bin/python /home/ge.polymtl.ca/pahoa/random_stuff/poly_ai_project_pnp-ovss/run_experiment.py --dataset pascal_voc --model albef --spatial_type superpixel_slic --granularity 300 --dropout_iters 7 --dropout_ratio 0.3
2026-04-27 13:58:08  INFO        ▶ phase2 | pascal_voc | albef | superpixel_slic g=300 dr_iters=7 dr_ratio=0.3
2026-04-27 13:58:08  ERROR       ✗ phase2 | pascal_voc | albef | superpixel_slic g=300 dr_iters=7 dr_ratio=0.3  exit=2  (0.0s)
2026-04-27 13:58:08  DEBUG     CMD  /home/ge.polymtl.ca/pahoa/random_stuff/poly_ai_project_pnp-ovss/.venv/bin/python /home/ge.polymtl.ca/pahoa/random_stuff/poly_ai_project_pnp-ovss/run_experiment.py --dataset pascal_voc --model albef --spatial_type superpixel_slic --granularity 300 --dropout_iters 7 --dropout_ratio 0.5
2026-04-27 13:58:08  INFO        ▶ phase2 | pascal_voc | albef | superpixel_slic g=300 dr_iters=7 dr_ratio=0.5
2026-04-27 13:58:08  ERROR       ✗ phase2 | pascal_voc | albef | superpixel_slic g=300 dr_iters=7 dr_ratio=0.5  exit=2  (0.0s)
2026-04-27 13:58:08  INFO        Phase 2 done  ok=0  fail=45
2026-04-27 13:58:08  INFO        ── Phase 3 ──
2026-04-27 13:58:08  DEBUG     CMD  /home/ge.polymtl.ca/pahoa/random_stuff/poly_ai_project_pnp-ovss/.venv/bin/python /home/ge.polymtl.ca/pahoa/random_stuff/poly_ai_project_pnp-ovss/run_experiment.py --dataset pascal_voc --model albef --tuning_metric zero_shot_heuristic
2026-04-27 13:58:08  INFO        ▶ phase3 | pascal_voc | albef | metric=zero_shot_heuristic
2026-04-27 13:58:08  ERROR       ✗ phase3 | pascal_voc | albef | metric=zero_shot_heuristic  exit=2  (0.0s)
2026-04-27 13:58:08  DEBUG     CMD  /home/ge.polymtl.ca/pahoa/random_stuff/poly_ai_project_pnp-ovss/.venv/bin/python /home/ge.polymtl.ca/pahoa/random_stuff/poly_ai_project_pnp-ovss/run_experiment.py --dataset pascal_voc --model albef --tuning_metric supervised_mdice
2026-04-27 13:58:08  INFO        ▶ phase3 | pascal_voc | albef | metric=supervised_mdice
2026-04-27 13:58:08  ERROR       ✗ phase3 | pascal_voc | albef | metric=supervised_mdice  exit=2  (0.0s)
2026-04-27 13:58:08  INFO        Phase 3 done  ok=0  fail=2
2026-04-27 13:58:08  INFO        ── Phase 4 ──
2026-04-27 13:58:08  DEBUG     CMD  /home/ge.polymtl.ca/pahoa/random_stuff/poly_ai_project_pnp-ovss/.venv/bin/python /home/ge.polymtl.ca/pahoa/random_stuff/poly_ai_project_pnp-ovss/run_experiment.py --run_final_eval True --dataset pascal_voc --model albef
2026-04-27 13:58:08  INFO        ▶ phase4 | pascal_voc | albef
2026-04-27 13:58:08  ERROR       ✗ phase4 | pascal_voc | albef  exit=2  (0.0s)
2026-04-27 13:58:08  INFO        Phase 4 done  ok=0  fail=1
2026-04-27 13:58:08  INFO      ━━━━━━━━━━━━━━━━━━━━━━━━━━━━━━━━━━━━━━━━━━━━━━━━━━━━━━━━━━━━━━━━━━━━━━━━
2026-04-27 13:58:08  INFO        PAIR  dataset=chest_xray       model=blip
2026-04-27 13:58:08  INFO      ━━━━━━━━━━━━━━━━━━━━━━━━━━━━━━━━━━━━━━━━━━━━━━━━━━━━━━━━━━━━━━━━━━━━━━━━
2026-04-27 13:58:08  INFO        ── Phase 1 ──
2026-04-27 13:58:08  DEBUG     CMD  /home/ge.polymtl.ca/pahoa/random_stuff/poly_ai_project_pnp-ovss/.venv/bin/python /home/ge.polymtl.ca/pahoa/random_stuff/poly_ai_project_pnp-ovss/run_experiment.py --dataset chest_xray --model blip --spatial_type grid --tuning_metric zero_shot_heuristic
2026-04-27 13:58:08  INFO        ▶ phase1 | chest_xray | blip
2026-04-27 13:58:08  ERROR       ✗ phase1 | chest_xray | blip  exit=2  (0.0s)
2026-04-27 13:58:08  INFO        Phase 1 done  ok=0  fail=1
2026-04-27 13:58:08  INFO        ── Phase 2 ──
2026-04-27 13:58:08  DEBUG     CMD  /home/ge.polymtl.ca/pahoa/random_stuff/poly_ai_project_pnp-ovss/.venv/bin/python /home/ge.polymtl.ca/pahoa/random_stuff/poly_ai_project_pnp-ovss/run_experiment.py --dataset chest_xray --model blip --spatial_type grid --granularity 16 --dropout_iters 3 --dropout_ratio 0.1
2026-04-27 13:58:08  INFO        ▶ phase2 | chest_xray | blip | grid g=16 dr_iters=3 dr_ratio=0.1
2026-04-27 13:58:08  ERROR       ✗ phase2 | chest_xray | blip | grid g=16 dr_iters=3 dr_ratio=0.1  exit=2  (0.0s)
2026-04-27 13:58:08  DEBUG     CMD  /home/ge.polymtl.ca/pahoa/random_stuff/poly_ai_project_pnp-ovss/.venv/bin/python /home/ge.polymtl.ca/pahoa/random_stuff/poly_ai_project_pnp-ovss/run_experiment.py --dataset chest_xray --model blip --spatial_type grid --granularity 16 --dropout_iters 3 --dropout_ratio 0.3
2026-04-27 13:58:08  INFO        ▶ phase2 | chest_xray | blip | grid g=16 dr_iters=3 dr_ratio=0.3
2026-04-27 13:58:08  ERROR       ✗ phase2 | chest_xray | blip | grid g=16 dr_iters=3 dr_ratio=0.3  exit=2  (0.0s)
2026-04-27 13:58:08  DEBUG     CMD  /home/ge.polymtl.ca/pahoa/random_stuff/poly_ai_project_pnp-ovss/.venv/bin/python /home/ge.polymtl.ca/pahoa/random_stuff/poly_ai_project_pnp-ovss/run_experiment.py --dataset chest_xray --model blip --spatial_type grid --granularity 16 --dropout_iters 3 --dropout_ratio 0.5
2026-04-27 13:58:08  INFO        ▶ phase2 | chest_xray | blip | grid g=16 dr_iters=3 dr_ratio=0.5
2026-04-27 13:58:08  ERROR       ✗ phase2 | chest_xray | blip | grid g=16 dr_iters=3 dr_ratio=0.5  exit=2  (0.0s)
2026-04-27 13:58:08  DEBUG     CMD  /home/ge.polymtl.ca/pahoa/random_stuff/poly_ai_project_pnp-ovss/.venv/bin/python /home/ge.polymtl.ca/pahoa/random_stuff/poly_ai_project_pnp-ovss/run_experiment.py --dataset chest_xray --model blip --spatial_type grid --granularity 16 --dropout_iters 5 --dropout_ratio 0.1
2026-04-27 13:58:08  INFO        ▶ phase2 | chest_xray | blip | grid g=16 dr_iters=5 dr_ratio=0.1
2026-04-27 13:58:08  ERROR       ✗ phase2 | chest_xray | blip | grid g=16 dr_iters=5 dr_ratio=0.1  exit=2  (0.0s)
2026-04-27 13:58:08  DEBUG     CMD  /home/ge.polymtl.ca/pahoa/random_stuff/poly_ai_project_pnp-ovss/.venv/bin/python /home/ge.polymtl.ca/pahoa/random_stuff/poly_ai_project_pnp-ovss/run_experiment.py --dataset chest_xray --model blip --spatial_type grid --granularity 16 --dropout_iters 5 --dropout_ratio 0.3
2026-04-27 13:58:08  INFO        ▶ phase2 | chest_xray | blip | grid g=16 dr_iters=5 dr_ratio=0.3
2026-04-27 13:58:08  ERROR       ✗ phase2 | chest_xray | blip | grid g=16 dr_iters=5 dr_ratio=0.3  exit=2  (0.0s)
2026-04-27 13:58:08  DEBUG     CMD  /home/ge.polymtl.ca/pahoa/random_stuff/poly_ai_project_pnp-ovss/.venv/bin/python /home/ge.polymtl.ca/pahoa/random_stuff/poly_ai_project_pnp-ovss/run_experiment.py --dataset chest_xray --model blip --spatial_type grid --granularity 16 --dropout_iters 5 --dropout_ratio 0.5
2026-04-27 13:58:08  INFO        ▶ phase2 | chest_xray | blip | grid g=16 dr_iters=5 dr_ratio=0.5
2026-04-27 13:58:08  ERROR       ✗ phase2 | chest_xray | blip | grid g=16 dr_iters=5 dr_ratio=0.5  exit=2  (0.0s)
2026-04-27 13:58:08  DEBUG     CMD  /home/ge.polymtl.ca/pahoa/random_stuff/poly_ai_project_pnp-ovss/.venv/bin/python /home/ge.polymtl.ca/pahoa/random_stuff/poly_ai_project_pnp-ovss/run_experiment.py --dataset chest_xray --model blip --spatial_type grid --granularity 16 --dropout_iters 7 --dropout_ratio 0.1
2026-04-27 13:58:08  INFO        ▶ phase2 | chest_xray | blip | grid g=16 dr_iters=7 dr_ratio=0.1
2026-04-27 13:58:08  ERROR       ✗ phase2 | chest_xray | blip | grid g=16 dr_iters=7 dr_ratio=0.1  exit=2  (0.0s)
2026-04-27 13:58:08  DEBUG     CMD  /home/ge.polymtl.ca/pahoa/random_stuff/poly_ai_project_pnp-ovss/.venv/bin/python /home/ge.polymtl.ca/pahoa/random_stuff/poly_ai_project_pnp-ovss/run_experiment.py --dataset chest_xray --model blip --spatial_type grid --granularity 16 --dropout_iters 7 --dropout_ratio 0.3
2026-04-27 13:58:08  INFO        ▶ phase2 | chest_xray | blip | grid g=16 dr_iters=7 dr_ratio=0.3
2026-04-27 13:58:08  ERROR       ✗ phase2 | chest_xray | blip | grid g=16 dr_iters=7 dr_ratio=0.3  exit=2  (0.0s)
2026-04-27 13:58:08  DEBUG     CMD  /home/ge.polymtl.ca/pahoa/random_stuff/poly_ai_project_pnp-ovss/.venv/bin/python /home/ge.polymtl.ca/pahoa/random_stuff/poly_ai_project_pnp-ovss/run_experiment.py --dataset chest_xray --model blip --spatial_type grid --granularity 16 --dropout_iters 7 --dropout_ratio 0.5
2026-04-27 13:58:08  INFO        ▶ phase2 | chest_xray | blip | grid g=16 dr_iters=7 dr_ratio=0.5
2026-04-27 13:58:08  ERROR       ✗ phase2 | chest_xray | blip | grid g=16 dr_iters=7 dr_ratio=0.5  exit=2  (0.0s)
2026-04-27 13:58:08  DEBUG     CMD  /home/ge.polymtl.ca/pahoa/random_stuff/poly_ai_project_pnp-ovss/.venv/bin/python /home/ge.polymtl.ca/pahoa/random_stuff/poly_ai_project_pnp-ovss/run_experiment.py --dataset chest_xray --model blip --spatial_type grid --granularity 32 --dropout_iters 3 --dropout_ratio 0.1
2026-04-27 13:58:08  INFO        ▶ phase2 | chest_xray | blip | grid g=32 dr_iters=3 dr_ratio=0.1
2026-04-27 13:58:09  ERROR       ✗ phase2 | chest_xray | blip | grid g=32 dr_iters=3 dr_ratio=0.1  exit=2  (0.0s)
2026-04-27 13:58:09  DEBUG     CMD  /home/ge.polymtl.ca/pahoa/random_stuff/poly_ai_project_pnp-ovss/.venv/bin/python /home/ge.polymtl.ca/pahoa/random_stuff/poly_ai_project_pnp-ovss/run_experiment.py --dataset chest_xray --model blip --spatial_type grid --granularity 32 --dropout_iters 3 --dropout_ratio 0.3
2026-04-27 13:58:09  INFO        ▶ phase2 | chest_xray | blip | grid g=32 dr_iters=3 dr_ratio=0.3
2026-04-27 13:58:09  ERROR       ✗ phase2 | chest_xray | blip | grid g=32 dr_iters=3 dr_ratio=0.3  exit=2  (0.0s)
2026-04-27 13:58:09  DEBUG     CMD  /home/ge.polymtl.ca/pahoa/random_stuff/poly_ai_project_pnp-ovss/.venv/bin/python /home/ge.polymtl.ca/pahoa/random_stuff/poly_ai_project_pnp-ovss/run_experiment.py --dataset chest_xray --model blip --spatial_type grid --granularity 32 --dropout_iters 3 --dropout_ratio 0.5
2026-04-27 13:58:09  INFO        ▶ phase2 | chest_xray | blip | grid g=32 dr_iters=3 dr_ratio=0.5
2026-04-27 13:58:09  ERROR       ✗ phase2 | chest_xray | blip | grid g=32 dr_iters=3 dr_ratio=0.5  exit=2  (0.0s)
2026-04-27 13:58:09  DEBUG     CMD  /home/ge.polymtl.ca/pahoa/random_stuff/poly_ai_project_pnp-ovss/.venv/bin/python /home/ge.polymtl.ca/pahoa/random_stuff/poly_ai_project_pnp-ovss/run_experiment.py --dataset chest_xray --model blip --spatial_type grid --granularity 32 --dropout_iters 5 --dropout_ratio 0.1
2026-04-27 13:58:09  INFO        ▶ phase2 | chest_xray | blip | grid g=32 dr_iters=5 dr_ratio=0.1
2026-04-27 13:58:09  ERROR       ✗ phase2 | chest_xray | blip | grid g=32 dr_iters=5 dr_ratio=0.1  exit=2  (0.0s)
2026-04-27 13:58:09  DEBUG     CMD  /home/ge.polymtl.ca/pahoa/random_stuff/poly_ai_project_pnp-ovss/.venv/bin/python /home/ge.polymtl.ca/pahoa/random_stuff/poly_ai_project_pnp-ovss/run_experiment.py --dataset chest_xray --model blip --spatial_type grid --granularity 32 --dropout_iters 5 --dropout_ratio 0.3
2026-04-27 13:58:09  INFO        ▶ phase2 | chest_xray | blip | grid g=32 dr_iters=5 dr_ratio=0.3
2026-04-27 13:58:09  ERROR       ✗ phase2 | chest_xray | blip | grid g=32 dr_iters=5 dr_ratio=0.3  exit=2  (0.0s)
2026-04-27 13:58:09  DEBUG     CMD  /home/ge.polymtl.ca/pahoa/random_stuff/poly_ai_project_pnp-ovss/.venv/bin/python /home/ge.polymtl.ca/pahoa/random_stuff/poly_ai_project_pnp-ovss/run_experiment.py --dataset chest_xray --model blip --spatial_type grid --granularity 32 --dropout_iters 5 --dropout_ratio 0.5
2026-04-27 13:58:09  INFO        ▶ phase2 | chest_xray | blip | grid g=32 dr_iters=5 dr_ratio=0.5
2026-04-27 13:58:09  ERROR       ✗ phase2 | chest_xray | blip | grid g=32 dr_iters=5 dr_ratio=0.5  exit=2  (0.0s)
2026-04-27 13:58:09  DEBUG     CMD  /home/ge.polymtl.ca/pahoa/random_stuff/poly_ai_project_pnp-ovss/.venv/bin/python /home/ge.polymtl.ca/pahoa/random_stuff/poly_ai_project_pnp-ovss/run_experiment.py --dataset chest_xray --model blip --spatial_type grid --granularity 32 --dropout_iters 7 --dropout_ratio 0.1
2026-04-27 13:58:09  INFO        ▶ phase2 | chest_xray | blip | grid g=32 dr_iters=7 dr_ratio=0.1
2026-04-27 13:58:09  ERROR       ✗ phase2 | chest_xray | blip | grid g=32 dr_iters=7 dr_ratio=0.1  exit=2  (0.0s)
2026-04-27 13:58:09  DEBUG     CMD  /home/ge.polymtl.ca/pahoa/random_stuff/poly_ai_project_pnp-ovss/.venv/bin/python /home/ge.polymtl.ca/pahoa/random_stuff/poly_ai_project_pnp-ovss/run_experiment.py --dataset chest_xray --model blip --spatial_type grid --granularity 32 --dropout_iters 7 --dropout_ratio 0.3
2026-04-27 13:58:09  INFO        ▶ phase2 | chest_xray | blip | grid g=32 dr_iters=7 dr_ratio=0.3
2026-04-27 13:58:09  ERROR       ✗ phase2 | chest_xray | blip | grid g=32 dr_iters=7 dr_ratio=0.3  exit=2  (0.0s)
2026-04-27 13:58:09  DEBUG     CMD  /home/ge.polymtl.ca/pahoa/random_stuff/poly_ai_project_pnp-ovss/.venv/bin/python /home/ge.polymtl.ca/pahoa/random_stuff/poly_ai_project_pnp-ovss/run_experiment.py --dataset chest_xray --model blip --spatial_type grid --granularity 32 --dropout_iters 7 --dropout_ratio 0.5
2026-04-27 13:58:09  INFO        ▶ phase2 | chest_xray | blip | grid g=32 dr_iters=7 dr_ratio=0.5
2026-04-27 13:58:09  ERROR       ✗ phase2 | chest_xray | blip | grid g=32 dr_iters=7 dr_ratio=0.5  exit=2  (0.0s)
2026-04-27 13:58:09  DEBUG     CMD  /home/ge.polymtl.ca/pahoa/random_stuff/poly_ai_project_pnp-ovss/.venv/bin/python /home/ge.polymtl.ca/pahoa/random_stuff/poly_ai_project_pnp-ovss/run_experiment.py --dataset chest_xray --model blip --spatial_type superpixel_slic --granularity 100 --dropout_iters 3 --dropout_ratio 0.1
2026-04-27 13:58:09  INFO        ▶ phase2 | chest_xray | blip | superpixel_slic g=100 dr_iters=3 dr_ratio=0.1
2026-04-27 13:58:09  ERROR       ✗ phase2 | chest_xray | blip | superpixel_slic g=100 dr_iters=3 dr_ratio=0.1  exit=2  (0.0s)
2026-04-27 13:58:09  DEBUG     CMD  /home/ge.polymtl.ca/pahoa/random_stuff/poly_ai_project_pnp-ovss/.venv/bin/python /home/ge.polymtl.ca/pahoa/random_stuff/poly_ai_project_pnp-ovss/run_experiment.py --dataset chest_xray --model blip --spatial_type superpixel_slic --granularity 100 --dropout_iters 3 --dropout_ratio 0.3
2026-04-27 13:58:09  INFO        ▶ phase2 | chest_xray | blip | superpixel_slic g=100 dr_iters=3 dr_ratio=0.3
2026-04-27 13:58:09  ERROR       ✗ phase2 | chest_xray | blip | superpixel_slic g=100 dr_iters=3 dr_ratio=0.3  exit=2  (0.0s)
2026-04-27 13:58:09  DEBUG     CMD  /home/ge.polymtl.ca/pahoa/random_stuff/poly_ai_project_pnp-ovss/.venv/bin/python /home/ge.polymtl.ca/pahoa/random_stuff/poly_ai_project_pnp-ovss/run_experiment.py --dataset chest_xray --model blip --spatial_type superpixel_slic --granularity 100 --dropout_iters 3 --dropout_ratio 0.5
2026-04-27 13:58:09  INFO        ▶ phase2 | chest_xray | blip | superpixel_slic g=100 dr_iters=3 dr_ratio=0.5
2026-04-27 13:58:09  ERROR       ✗ phase2 | chest_xray | blip | superpixel_slic g=100 dr_iters=3 dr_ratio=0.5  exit=2  (0.0s)
2026-04-27 13:58:09  DEBUG     CMD  /home/ge.polymtl.ca/pahoa/random_stuff/poly_ai_project_pnp-ovss/.venv/bin/python /home/ge.polymtl.ca/pahoa/random_stuff/poly_ai_project_pnp-ovss/run_experiment.py --dataset chest_xray --model blip --spatial_type superpixel_slic --granularity 100 --dropout_iters 5 --dropout_ratio 0.1
2026-04-27 13:58:09  INFO        ▶ phase2 | chest_xray | blip | superpixel_slic g=100 dr_iters=5 dr_ratio=0.1
2026-04-27 13:58:09  ERROR       ✗ phase2 | chest_xray | blip | superpixel_slic g=100 dr_iters=5 dr_ratio=0.1  exit=2  (0.0s)
2026-04-27 13:58:09  DEBUG     CMD  /home/ge.polymtl.ca/pahoa/random_stuff/poly_ai_project_pnp-ovss/.venv/bin/python /home/ge.polymtl.ca/pahoa/random_stuff/poly_ai_project_pnp-ovss/run_experiment.py --dataset chest_xray --model blip --spatial_type superpixel_slic --granularity 100 --dropout_iters 5 --dropout_ratio 0.3
2026-04-27 13:58:09  INFO        ▶ phase2 | chest_xray | blip | superpixel_slic g=100 dr_iters=5 dr_ratio=0.3
2026-04-27 13:58:09  ERROR       ✗ phase2 | chest_xray | blip | superpixel_slic g=100 dr_iters=5 dr_ratio=0.3  exit=2  (0.0s)
2026-04-27 13:58:09  DEBUG     CMD  /home/ge.polymtl.ca/pahoa/random_stuff/poly_ai_project_pnp-ovss/.venv/bin/python /home/ge.polymtl.ca/pahoa/random_stuff/poly_ai_project_pnp-ovss/run_experiment.py --dataset chest_xray --model blip --spatial_type superpixel_slic --granularity 100 --dropout_iters 5 --dropout_ratio 0.5
2026-04-27 13:58:09  INFO        ▶ phase2 | chest_xray | blip | superpixel_slic g=100 dr_iters=5 dr_ratio=0.5
2026-04-27 13:58:09  ERROR       ✗ phase2 | chest_xray | blip | superpixel_slic g=100 dr_iters=5 dr_ratio=0.5  exit=2  (0.0s)
2026-04-27 13:58:09  DEBUG     CMD  /home/ge.polymtl.ca/pahoa/random_stuff/poly_ai_project_pnp-ovss/.venv/bin/python /home/ge.polymtl.ca/pahoa/random_stuff/poly_ai_project_pnp-ovss/run_experiment.py --dataset chest_xray --model blip --spatial_type superpixel_slic --granularity 100 --dropout_iters 7 --dropout_ratio 0.1
2026-04-27 13:58:09  INFO        ▶ phase2 | chest_xray | blip | superpixel_slic g=100 dr_iters=7 dr_ratio=0.1
2026-04-27 13:58:09  ERROR       ✗ phase2 | chest_xray | blip | superpixel_slic g=100 dr_iters=7 dr_ratio=0.1  exit=2  (0.0s)
2026-04-27 13:58:09  DEBUG     CMD  /home/ge.polymtl.ca/pahoa/random_stuff/poly_ai_project_pnp-ovss/.venv/bin/python /home/ge.polymtl.ca/pahoa/random_stuff/poly_ai_project_pnp-ovss/run_experiment.py --dataset chest_xray --model blip --spatial_type superpixel_slic --granularity 100 --dropout_iters 7 --dropout_ratio 0.3
2026-04-27 13:58:09  INFO        ▶ phase2 | chest_xray | blip | superpixel_slic g=100 dr_iters=7 dr_ratio=0.3
2026-04-27 13:58:09  ERROR       ✗ phase2 | chest_xray | blip | superpixel_slic g=100 dr_iters=7 dr_ratio=0.3  exit=2  (0.0s)
2026-04-27 13:58:09  DEBUG     CMD  /home/ge.polymtl.ca/pahoa/random_stuff/poly_ai_project_pnp-ovss/.venv/bin/python /home/ge.polymtl.ca/pahoa/random_stuff/poly_ai_project_pnp-ovss/run_experiment.py --dataset chest_xray --model blip --spatial_type superpixel_slic --granularity 100 --dropout_iters 7 --dropout_ratio 0.5
2026-04-27 13:58:09  INFO        ▶ phase2 | chest_xray | blip | superpixel_slic g=100 dr_iters=7 dr_ratio=0.5
2026-04-27 13:58:09  ERROR       ✗ phase2 | chest_xray | blip | superpixel_slic g=100 dr_iters=7 dr_ratio=0.5  exit=2  (0.0s)
2026-04-27 13:58:09  DEBUG     CMD  /home/ge.polymtl.ca/pahoa/random_stuff/poly_ai_project_pnp-ovss/.venv/bin/python /home/ge.polymtl.ca/pahoa/random_stuff/poly_ai_project_pnp-ovss/run_experiment.py --dataset chest_xray --model blip --spatial_type superpixel_slic --granularity 200 --dropout_iters 3 --dropout_ratio 0.1
2026-04-27 13:58:09  INFO        ▶ phase2 | chest_xray | blip | superpixel_slic g=200 dr_iters=3 dr_ratio=0.1
2026-04-27 13:58:09  ERROR       ✗ phase2 | chest_xray | blip | superpixel_slic g=200 dr_iters=3 dr_ratio=0.1  exit=2  (0.0s)
2026-04-27 13:58:09  DEBUG     CMD  /home/ge.polymtl.ca/pahoa/random_stuff/poly_ai_project_pnp-ovss/.venv/bin/python /home/ge.polymtl.ca/pahoa/random_stuff/poly_ai_project_pnp-ovss/run_experiment.py --dataset chest_xray --model blip --spatial_type superpixel_slic --granularity 200 --dropout_iters 3 --dropout_ratio 0.3
2026-04-27 13:58:09  INFO        ▶ phase2 | chest_xray | blip | superpixel_slic g=200 dr_iters=3 dr_ratio=0.3
2026-04-27 13:58:09  ERROR       ✗ phase2 | chest_xray | blip | superpixel_slic g=200 dr_iters=3 dr_ratio=0.3  exit=2  (0.0s)
2026-04-27 13:58:09  DEBUG     CMD  /home/ge.polymtl.ca/pahoa/random_stuff/poly_ai_project_pnp-ovss/.venv/bin/python /home/ge.polymtl.ca/pahoa/random_stuff/poly_ai_project_pnp-ovss/run_experiment.py --dataset chest_xray --model blip --spatial_type superpixel_slic --granularity 200 --dropout_iters 3 --dropout_ratio 0.5
2026-04-27 13:58:09  INFO        ▶ phase2 | chest_xray | blip | superpixel_slic g=200 dr_iters=3 dr_ratio=0.5
2026-04-27 13:58:09  ERROR       ✗ phase2 | chest_xray | blip | superpixel_slic g=200 dr_iters=3 dr_ratio=0.5  exit=2  (0.0s)
2026-04-27 13:58:09  DEBUG     CMD  /home/ge.polymtl.ca/pahoa/random_stuff/poly_ai_project_pnp-ovss/.venv/bin/python /home/ge.polymtl.ca/pahoa/random_stuff/poly_ai_project_pnp-ovss/run_experiment.py --dataset chest_xray --model blip --spatial_type superpixel_slic --granularity 200 --dropout_iters 5 --dropout_ratio 0.1
2026-04-27 13:58:09  INFO        ▶ phase2 | chest_xray | blip | superpixel_slic g=200 dr_iters=5 dr_ratio=0.1
2026-04-27 13:58:09  ERROR       ✗ phase2 | chest_xray | blip | superpixel_slic g=200 dr_iters=5 dr_ratio=0.1  exit=2  (0.0s)
2026-04-27 13:58:09  DEBUG     CMD  /home/ge.polymtl.ca/pahoa/random_stuff/poly_ai_project_pnp-ovss/.venv/bin/python /home/ge.polymtl.ca/pahoa/random_stuff/poly_ai_project_pnp-ovss/run_experiment.py --dataset chest_xray --model blip --spatial_type superpixel_slic --granularity 200 --dropout_iters 5 --dropout_ratio 0.3
2026-04-27 13:58:09  INFO        ▶ phase2 | chest_xray | blip | superpixel_slic g=200 dr_iters=5 dr_ratio=0.3
2026-04-27 13:58:09  ERROR       ✗ phase2 | chest_xray | blip | superpixel_slic g=200 dr_iters=5 dr_ratio=0.3  exit=2  (0.0s)
2026-04-27 13:58:09  DEBUG     CMD  /home/ge.polymtl.ca/pahoa/random_stuff/poly_ai_project_pnp-ovss/.venv/bin/python /home/ge.polymtl.ca/pahoa/random_stuff/poly_ai_project_pnp-ovss/run_experiment.py --dataset chest_xray --model blip --spatial_type superpixel_slic --granularity 200 --dropout_iters 5 --dropout_ratio 0.5
2026-04-27 13:58:09  INFO        ▶ phase2 | chest_xray | blip | superpixel_slic g=200 dr_iters=5 dr_ratio=0.5
2026-04-27 13:58:09  ERROR       ✗ phase2 | chest_xray | blip | superpixel_slic g=200 dr_iters=5 dr_ratio=0.5  exit=2  (0.0s)
2026-04-27 13:58:09  DEBUG     CMD  /home/ge.polymtl.ca/pahoa/random_stuff/poly_ai_project_pnp-ovss/.venv/bin/python /home/ge.polymtl.ca/pahoa/random_stuff/poly_ai_project_pnp-ovss/run_experiment.py --dataset chest_xray --model blip --spatial_type superpixel_slic --granularity 200 --dropout_iters 7 --dropout_ratio 0.1
2026-04-27 13:58:09  INFO        ▶ phase2 | chest_xray | blip | superpixel_slic g=200 dr_iters=7 dr_ratio=0.1
2026-04-27 13:58:09  ERROR       ✗ phase2 | chest_xray | blip | superpixel_slic g=200 dr_iters=7 dr_ratio=0.1  exit=2  (0.0s)
2026-04-27 13:58:09  DEBUG     CMD  /home/ge.polymtl.ca/pahoa/random_stuff/poly_ai_project_pnp-ovss/.venv/bin/python /home/ge.polymtl.ca/pahoa/random_stuff/poly_ai_project_pnp-ovss/run_experiment.py --dataset chest_xray --model blip --spatial_type superpixel_slic --granularity 200 --dropout_iters 7 --dropout_ratio 0.3
2026-04-27 13:58:09  INFO        ▶ phase2 | chest_xray | blip | superpixel_slic g=200 dr_iters=7 dr_ratio=0.3
2026-04-27 13:58:09  ERROR       ✗ phase2 | chest_xray | blip | superpixel_slic g=200 dr_iters=7 dr_ratio=0.3  exit=2  (0.0s)
2026-04-27 13:58:09  DEBUG     CMD  /home/ge.polymtl.ca/pahoa/random_stuff/poly_ai_project_pnp-ovss/.venv/bin/python /home/ge.polymtl.ca/pahoa/random_stuff/poly_ai_project_pnp-ovss/run_experiment.py --dataset chest_xray --model blip --spatial_type superpixel_slic --granularity 200 --dropout_iters 7 --dropout_ratio 0.5
2026-04-27 13:58:09  INFO        ▶ phase2 | chest_xray | blip | superpixel_slic g=200 dr_iters=7 dr_ratio=0.5
2026-04-27 13:58:09  ERROR       ✗ phase2 | chest_xray | blip | superpixel_slic g=200 dr_iters=7 dr_ratio=0.5  exit=2  (0.0s)
2026-04-27 13:58:09  DEBUG     CMD  /home/ge.polymtl.ca/pahoa/random_stuff/poly_ai_project_pnp-ovss/.venv/bin/python /home/ge.polymtl.ca/pahoa/random_stuff/poly_ai_project_pnp-ovss/run_experiment.py --dataset chest_xray --model blip --spatial_type superpixel_slic --granularity 300 --dropout_iters 3 --dropout_ratio 0.1
2026-04-27 13:58:09  INFO        ▶ phase2 | chest_xray | blip | superpixel_slic g=300 dr_iters=3 dr_ratio=0.1
2026-04-27 13:58:09  ERROR       ✗ phase2 | chest_xray | blip | superpixel_slic g=300 dr_iters=3 dr_ratio=0.1  exit=2  (0.0s)
2026-04-27 13:58:09  DEBUG     CMD  /home/ge.polymtl.ca/pahoa/random_stuff/poly_ai_project_pnp-ovss/.venv/bin/python /home/ge.polymtl.ca/pahoa/random_stuff/poly_ai_project_pnp-ovss/run_experiment.py --dataset chest_xray --model blip --spatial_type superpixel_slic --granularity 300 --dropout_iters 3 --dropout_ratio 0.3
2026-04-27 13:58:09  INFO        ▶ phase2 | chest_xray | blip | superpixel_slic g=300 dr_iters=3 dr_ratio=0.3
2026-04-27 13:58:09  ERROR       ✗ phase2 | chest_xray | blip | superpixel_slic g=300 dr_iters=3 dr_ratio=0.3  exit=2  (0.0s)
2026-04-27 13:58:09  DEBUG     CMD  /home/ge.polymtl.ca/pahoa/random_stuff/poly_ai_project_pnp-ovss/.venv/bin/python /home/ge.polymtl.ca/pahoa/random_stuff/poly_ai_project_pnp-ovss/run_experiment.py --dataset chest_xray --model blip --spatial_type superpixel_slic --granularity 300 --dropout_iters 3 --dropout_ratio 0.5
2026-04-27 13:58:09  INFO        ▶ phase2 | chest_xray | blip | superpixel_slic g=300 dr_iters=3 dr_ratio=0.5
2026-04-27 13:58:09  ERROR       ✗ phase2 | chest_xray | blip | superpixel_slic g=300 dr_iters=3 dr_ratio=0.5  exit=2  (0.0s)
2026-04-27 13:58:09  DEBUG     CMD  /home/ge.polymtl.ca/pahoa/random_stuff/poly_ai_project_pnp-ovss/.venv/bin/python /home/ge.polymtl.ca/pahoa/random_stuff/poly_ai_project_pnp-ovss/run_experiment.py --dataset chest_xray --model blip --spatial_type superpixel_slic --granularity 300 --dropout_iters 5 --dropout_ratio 0.1
2026-04-27 13:58:09  INFO        ▶ phase2 | chest_xray | blip | superpixel_slic g=300 dr_iters=5 dr_ratio=0.1
2026-04-27 13:58:09  ERROR       ✗ phase2 | chest_xray | blip | superpixel_slic g=300 dr_iters=5 dr_ratio=0.1  exit=2  (0.0s)
2026-04-27 13:58:09  DEBUG     CMD  /home/ge.polymtl.ca/pahoa/random_stuff/poly_ai_project_pnp-ovss/.venv/bin/python /home/ge.polymtl.ca/pahoa/random_stuff/poly_ai_project_pnp-ovss/run_experiment.py --dataset chest_xray --model blip --spatial_type superpixel_slic --granularity 300 --dropout_iters 5 --dropout_ratio 0.3
2026-04-27 13:58:09  INFO        ▶ phase2 | chest_xray | blip | superpixel_slic g=300 dr_iters=5 dr_ratio=0.3
2026-04-27 13:58:09  ERROR       ✗ phase2 | chest_xray | blip | superpixel_slic g=300 dr_iters=5 dr_ratio=0.3  exit=2  (0.0s)
2026-04-27 13:58:09  DEBUG     CMD  /home/ge.polymtl.ca/pahoa/random_stuff/poly_ai_project_pnp-ovss/.venv/bin/python /home/ge.polymtl.ca/pahoa/random_stuff/poly_ai_project_pnp-ovss/run_experiment.py --dataset chest_xray --model blip --spatial_type superpixel_slic --granularity 300 --dropout_iters 5 --dropout_ratio 0.5
2026-04-27 13:58:09  INFO        ▶ phase2 | chest_xray | blip | superpixel_slic g=300 dr_iters=5 dr_ratio=0.5
2026-04-27 13:58:09  ERROR       ✗ phase2 | chest_xray | blip | superpixel_slic g=300 dr_iters=5 dr_ratio=0.5  exit=2  (0.0s)
2026-04-27 13:58:09  DEBUG     CMD  /home/ge.polymtl.ca/pahoa/random_stuff/poly_ai_project_pnp-ovss/.venv/bin/python /home/ge.polymtl.ca/pahoa/random_stuff/poly_ai_project_pnp-ovss/run_experiment.py --dataset chest_xray --model blip --spatial_type superpixel_slic --granularity 300 --dropout_iters 7 --dropout_ratio 0.1
2026-04-27 13:58:09  INFO        ▶ phase2 | chest_xray | blip | superpixel_slic g=300 dr_iters=7 dr_ratio=0.1
2026-04-27 13:58:09  ERROR       ✗ phase2 | chest_xray | blip | superpixel_slic g=300 dr_iters=7 dr_ratio=0.1  exit=2  (0.0s)
2026-04-27 13:58:09  DEBUG     CMD  /home/ge.polymtl.ca/pahoa/random_stuff/poly_ai_project_pnp-ovss/.venv/bin/python /home/ge.polymtl.ca/pahoa/random_stuff/poly_ai_project_pnp-ovss/run_experiment.py --dataset chest_xray --model blip --spatial_type superpixel_slic --granularity 300 --dropout_iters 7 --dropout_ratio 0.3
2026-04-27 13:58:09  INFO        ▶ phase2 | chest_xray | blip | superpixel_slic g=300 dr_iters=7 dr_ratio=0.3
2026-04-27 13:58:09  ERROR       ✗ phase2 | chest_xray | blip | superpixel_slic g=300 dr_iters=7 dr_ratio=0.3  exit=2  (0.0s)
2026-04-27 13:58:09  DEBUG     CMD  /home/ge.polymtl.ca/pahoa/random_stuff/poly_ai_project_pnp-ovss/.venv/bin/python /home/ge.polymtl.ca/pahoa/random_stuff/poly_ai_project_pnp-ovss/run_experiment.py --dataset chest_xray --model blip --spatial_type superpixel_slic --granularity 300 --dropout_iters 7 --dropout_ratio 0.5
2026-04-27 13:58:09  INFO        ▶ phase2 | chest_xray | blip | superpixel_slic g=300 dr_iters=7 dr_ratio=0.5
2026-04-27 13:58:09  ERROR       ✗ phase2 | chest_xray | blip | superpixel_slic g=300 dr_iters=7 dr_ratio=0.5  exit=2  (0.0s)
2026-04-27 13:58:09  INFO        Phase 2 done  ok=0  fail=45
2026-04-27 13:58:09  INFO        ── Phase 3 ──
2026-04-27 13:58:09  DEBUG     CMD  /home/ge.polymtl.ca/pahoa/random_stuff/poly_ai_project_pnp-ovss/.venv/bin/python /home/ge.polymtl.ca/pahoa/random_stuff/poly_ai_project_pnp-ovss/run_experiment.py --dataset chest_xray --model blip --tuning_metric zero_shot_heuristic
2026-04-27 13:58:09  INFO        ▶ phase3 | chest_xray | blip | metric=zero_shot_heuristic
2026-04-27 13:58:09  ERROR       ✗ phase3 | chest_xray | blip | metric=zero_shot_heuristic  exit=2  (0.0s)
2026-04-27 13:58:09  DEBUG     CMD  /home/ge.polymtl.ca/pahoa/random_stuff/poly_ai_project_pnp-ovss/.venv/bin/python /home/ge.polymtl.ca/pahoa/random_stuff/poly_ai_project_pnp-ovss/run_experiment.py --dataset chest_xray --model blip --tuning_metric supervised_mdice
2026-04-27 13:58:09  INFO        ▶ phase3 | chest_xray | blip | metric=supervised_mdice
2026-04-27 13:58:09  ERROR       ✗ phase3 | chest_xray | blip | metric=supervised_mdice  exit=2  (0.0s)
2026-04-27 13:58:09  INFO        Phase 3 done  ok=0  fail=2
2026-04-27 13:58:09  INFO        ── Phase 4 ──
2026-04-27 13:58:09  DEBUG     CMD  /home/ge.polymtl.ca/pahoa/random_stuff/poly_ai_project_pnp-ovss/.venv/bin/python /home/ge.polymtl.ca/pahoa/random_stuff/poly_ai_project_pnp-ovss/run_experiment.py --run_final_eval True --dataset chest_xray --model blip
2026-04-27 13:58:09  INFO        ▶ phase4 | chest_xray | blip
2026-04-27 13:58:09  ERROR       ✗ phase4 | chest_xray | blip  exit=2  (0.0s)
2026-04-27 13:58:09  INFO        Phase 4 done  ok=0  fail=1
2026-04-27 13:58:09  INFO      ━━━━━━━━━━━━━━━━━━━━━━━━━━━━━━━━━━━━━━━━━━━━━━━━━━━━━━━━━━━━━━━━━━━━━━━━
2026-04-27 13:58:09  INFO        PAIR  dataset=chest_xray       model=bridgetower
2026-04-27 13:58:09  INFO      ━━━━━━━━━━━━━━━━━━━━━━━━━━━━━━━━━━━━━━━━━━━━━━━━━━━━━━━━━━━━━━━━━━━━━━━━
2026-04-27 13:58:09  INFO        ── Phase 1 ──
2026-04-27 13:58:09  DEBUG     CMD  /home/ge.polymtl.ca/pahoa/random_stuff/poly_ai_project_pnp-ovss/.venv/bin/python /home/ge.polymtl.ca/pahoa/random_stuff/poly_ai_project_pnp-ovss/run_experiment.py --dataset chest_xray --model bridgetower --spatial_type grid --tuning_metric zero_shot_heuristic
2026-04-27 13:58:09  INFO        ▶ phase1 | chest_xray | bridgetower
2026-04-27 13:58:09  ERROR       ✗ phase1 | chest_xray | bridgetower  exit=2  (0.0s)
2026-04-27 13:58:09  INFO        Phase 1 done  ok=0  fail=1
2026-04-27 13:58:09  INFO        ── Phase 2 ──
2026-04-27 13:58:09  DEBUG     CMD  /home/ge.polymtl.ca/pahoa/random_stuff/poly_ai_project_pnp-ovss/.venv/bin/python /home/ge.polymtl.ca/pahoa/random_stuff/poly_ai_project_pnp-ovss/run_experiment.py --dataset chest_xray --model bridgetower --spatial_type grid --granularity 16 --dropout_iters 3 --dropout_ratio 0.1
2026-04-27 13:58:09  INFO        ▶ phase2 | chest_xray | bridgetower | grid g=16 dr_iters=3 dr_ratio=0.1
2026-04-27 13:58:09  ERROR       ✗ phase2 | chest_xray | bridgetower | grid g=16 dr_iters=3 dr_ratio=0.1  exit=2  (0.0s)
2026-04-27 13:58:09  DEBUG     CMD  /home/ge.polymtl.ca/pahoa/random_stuff/poly_ai_project_pnp-ovss/.venv/bin/python /home/ge.polymtl.ca/pahoa/random_stuff/poly_ai_project_pnp-ovss/run_experiment.py --dataset chest_xray --model bridgetower --spatial_type grid --granularity 16 --dropout_iters 3 --dropout_ratio 0.3
2026-04-27 13:58:09  INFO        ▶ phase2 | chest_xray | bridgetower | grid g=16 dr_iters=3 dr_ratio=0.3
2026-04-27 13:58:09  ERROR       ✗ phase2 | chest_xray | bridgetower | grid g=16 dr_iters=3 dr_ratio=0.3  exit=2  (0.0s)
2026-04-27 13:58:09  DEBUG     CMD  /home/ge.polymtl.ca/pahoa/random_stuff/poly_ai_project_pnp-ovss/.venv/bin/python /home/ge.polymtl.ca/pahoa/random_stuff/poly_ai_project_pnp-ovss/run_experiment.py --dataset chest_xray --model bridgetower --spatial_type grid --granularity 16 --dropout_iters 3 --dropout_ratio 0.5
2026-04-27 13:58:09  INFO        ▶ phase2 | chest_xray | bridgetower | grid g=16 dr_iters=3 dr_ratio=0.5
2026-04-27 13:58:09  ERROR       ✗ phase2 | chest_xray | bridgetower | grid g=16 dr_iters=3 dr_ratio=0.5  exit=2  (0.0s)
2026-04-27 13:58:09  DEBUG     CMD  /home/ge.polymtl.ca/pahoa/random_stuff/poly_ai_project_pnp-ovss/.venv/bin/python /home/ge.polymtl.ca/pahoa/random_stuff/poly_ai_project_pnp-ovss/run_experiment.py --dataset chest_xray --model bridgetower --spatial_type grid --granularity 16 --dropout_iters 5 --dropout_ratio 0.1
2026-04-27 13:58:09  INFO        ▶ phase2 | chest_xray | bridgetower | grid g=16 dr_iters=5 dr_ratio=0.1
2026-04-27 13:58:09  ERROR       ✗ phase2 | chest_xray | bridgetower | grid g=16 dr_iters=5 dr_ratio=0.1  exit=2  (0.0s)
2026-04-27 13:58:09  DEBUG     CMD  /home/ge.polymtl.ca/pahoa/random_stuff/poly_ai_project_pnp-ovss/.venv/bin/python /home/ge.polymtl.ca/pahoa/random_stuff/poly_ai_project_pnp-ovss/run_experiment.py --dataset chest_xray --model bridgetower --spatial_type grid --granularity 16 --dropout_iters 5 --dropout_ratio 0.3
2026-04-27 13:58:09  INFO        ▶ phase2 | chest_xray | bridgetower | grid g=16 dr_iters=5 dr_ratio=0.3
2026-04-27 13:58:09  ERROR       ✗ phase2 | chest_xray | bridgetower | grid g=16 dr_iters=5 dr_ratio=0.3  exit=2  (0.0s)
2026-04-27 13:58:09  DEBUG     CMD  /home/ge.polymtl.ca/pahoa/random_stuff/poly_ai_project_pnp-ovss/.venv/bin/python /home/ge.polymtl.ca/pahoa/random_stuff/poly_ai_project_pnp-ovss/run_experiment.py --dataset chest_xray --model bridgetower --spatial_type grid --granularity 16 --dropout_iters 5 --dropout_ratio 0.5
2026-04-27 13:58:09  INFO        ▶ phase2 | chest_xray | bridgetower | grid g=16 dr_iters=5 dr_ratio=0.5
2026-04-27 13:58:09  ERROR       ✗ phase2 | chest_xray | bridgetower | grid g=16 dr_iters=5 dr_ratio=0.5  exit=2  (0.0s)
2026-04-27 13:58:09  DEBUG     CMD  /home/ge.polymtl.ca/pahoa/random_stuff/poly_ai_project_pnp-ovss/.venv/bin/python /home/ge.polymtl.ca/pahoa/random_stuff/poly_ai_project_pnp-ovss/run_experiment.py --dataset chest_xray --model bridgetower --spatial_type grid --granularity 16 --dropout_iters 7 --dropout_ratio 0.1
2026-04-27 13:58:09  INFO        ▶ phase2 | chest_xray | bridgetower | grid g=16 dr_iters=7 dr_ratio=0.1
2026-04-27 13:58:09  ERROR       ✗ phase2 | chest_xray | bridgetower | grid g=16 dr_iters=7 dr_ratio=0.1  exit=2  (0.0s)
2026-04-27 13:58:09  DEBUG     CMD  /home/ge.polymtl.ca/pahoa/random_stuff/poly_ai_project_pnp-ovss/.venv/bin/python /home/ge.polymtl.ca/pahoa/random_stuff/poly_ai_project_pnp-ovss/run_experiment.py --dataset chest_xray --model bridgetower --spatial_type grid --granularity 16 --dropout_iters 7 --dropout_ratio 0.3
2026-04-27 13:58:09  INFO        ▶ phase2 | chest_xray | bridgetower | grid g=16 dr_iters=7 dr_ratio=0.3
2026-04-27 13:58:09  ERROR       ✗ phase2 | chest_xray | bridgetower | grid g=16 dr_iters=7 dr_ratio=0.3  exit=2  (0.0s)
2026-04-27 13:58:09  DEBUG     CMD  /home/ge.polymtl.ca/pahoa/random_stuff/poly_ai_project_pnp-ovss/.venv/bin/python /home/ge.polymtl.ca/pahoa/random_stuff/poly_ai_project_pnp-ovss/run_experiment.py --dataset chest_xray --model bridgetower --spatial_type grid --granularity 16 --dropout_iters 7 --dropout_ratio 0.5
2026-04-27 13:58:09  INFO        ▶ phase2 | chest_xray | bridgetower | grid g=16 dr_iters=7 dr_ratio=0.5
2026-04-27 13:58:09  ERROR       ✗ phase2 | chest_xray | bridgetower | grid g=16 dr_iters=7 dr_ratio=0.5  exit=2  (0.0s)
2026-04-27 13:58:09  DEBUG     CMD  /home/ge.polymtl.ca/pahoa/random_stuff/poly_ai_project_pnp-ovss/.venv/bin/python /home/ge.polymtl.ca/pahoa/random_stuff/poly_ai_project_pnp-ovss/run_experiment.py --dataset chest_xray --model bridgetower --spatial_type grid --granularity 32 --dropout_iters 3 --dropout_ratio 0.1
2026-04-27 13:58:09  INFO        ▶ phase2 | chest_xray | bridgetower | grid g=32 dr_iters=3 dr_ratio=0.1
2026-04-27 13:58:09  ERROR       ✗ phase2 | chest_xray | bridgetower | grid g=32 dr_iters=3 dr_ratio=0.1  exit=2  (0.0s)
2026-04-27 13:58:09  DEBUG     CMD  /home/ge.polymtl.ca/pahoa/random_stuff/poly_ai_project_pnp-ovss/.venv/bin/python /home/ge.polymtl.ca/pahoa/random_stuff/poly_ai_project_pnp-ovss/run_experiment.py --dataset chest_xray --model bridgetower --spatial_type grid --granularity 32 --dropout_iters 3 --dropout_ratio 0.3
2026-04-27 13:58:09  INFO        ▶ phase2 | chest_xray | bridgetower | grid g=32 dr_iters=3 dr_ratio=0.3
2026-04-27 13:58:09  ERROR       ✗ phase2 | chest_xray | bridgetower | grid g=32 dr_iters=3 dr_ratio=0.3  exit=2  (0.0s)
2026-04-27 13:58:09  DEBUG     CMD  /home/ge.polymtl.ca/pahoa/random_stuff/poly_ai_project_pnp-ovss/.venv/bin/python /home/ge.polymtl.ca/pahoa/random_stuff/poly_ai_project_pnp-ovss/run_experiment.py --dataset chest_xray --model bridgetower --spatial_type grid --granularity 32 --dropout_iters 3 --dropout_ratio 0.5
2026-04-27 13:58:09  INFO        ▶ phase2 | chest_xray | bridgetower | grid g=32 dr_iters=3 dr_ratio=0.5
2026-04-27 13:58:09  ERROR       ✗ phase2 | chest_xray | bridgetower | grid g=32 dr_iters=3 dr_ratio=0.5  exit=2  (0.0s)
2026-04-27 13:58:09  DEBUG     CMD  /home/ge.polymtl.ca/pahoa/random_stuff/poly_ai_project_pnp-ovss/.venv/bin/python /home/ge.polymtl.ca/pahoa/random_stuff/poly_ai_project_pnp-ovss/run_experiment.py --dataset chest_xray --model bridgetower --spatial_type grid --granularity 32 --dropout_iters 5 --dropout_ratio 0.1
2026-04-27 13:58:09  INFO        ▶ phase2 | chest_xray | bridgetower | grid g=32 dr_iters=5 dr_ratio=0.1
2026-04-27 13:58:09  ERROR       ✗ phase2 | chest_xray | bridgetower | grid g=32 dr_iters=5 dr_ratio=0.1  exit=2  (0.0s)
2026-04-27 13:58:09  DEBUG     CMD  /home/ge.polymtl.ca/pahoa/random_stuff/poly_ai_project_pnp-ovss/.venv/bin/python /home/ge.polymtl.ca/pahoa/random_stuff/poly_ai_project_pnp-ovss/run_experiment.py --dataset chest_xray --model bridgetower --spatial_type grid --granularity 32 --dropout_iters 5 --dropout_ratio 0.3
2026-04-27 13:58:09  INFO        ▶ phase2 | chest_xray | bridgetower | grid g=32 dr_iters=5 dr_ratio=0.3
2026-04-27 13:58:09  ERROR       ✗ phase2 | chest_xray | bridgetower | grid g=32 dr_iters=5 dr_ratio=0.3  exit=2  (0.0s)
2026-04-27 13:58:09  DEBUG     CMD  /home/ge.polymtl.ca/pahoa/random_stuff/poly_ai_project_pnp-ovss/.venv/bin/python /home/ge.polymtl.ca/pahoa/random_stuff/poly_ai_project_pnp-ovss/run_experiment.py --dataset chest_xray --model bridgetower --spatial_type grid --granularity 32 --dropout_iters 5 --dropout_ratio 0.5
2026-04-27 13:58:09  INFO        ▶ phase2 | chest_xray | bridgetower | grid g=32 dr_iters=5 dr_ratio=0.5
2026-04-27 13:58:09  ERROR       ✗ phase2 | chest_xray | bridgetower | grid g=32 dr_iters=5 dr_ratio=0.5  exit=2  (0.0s)
2026-04-27 13:58:09  DEBUG     CMD  /home/ge.polymtl.ca/pahoa/random_stuff/poly_ai_project_pnp-ovss/.venv/bin/python /home/ge.polymtl.ca/pahoa/random_stuff/poly_ai_project_pnp-ovss/run_experiment.py --dataset chest_xray --model bridgetower --spatial_type grid --granularity 32 --dropout_iters 7 --dropout_ratio 0.1
2026-04-27 13:58:09  INFO        ▶ phase2 | chest_xray | bridgetower | grid g=32 dr_iters=7 dr_ratio=0.1
2026-04-27 13:58:09  ERROR       ✗ phase2 | chest_xray | bridgetower | grid g=32 dr_iters=7 dr_ratio=0.1  exit=2  (0.0s)
2026-04-27 13:58:09  DEBUG     CMD  /home/ge.polymtl.ca/pahoa/random_stuff/poly_ai_project_pnp-ovss/.venv/bin/python /home/ge.polymtl.ca/pahoa/random_stuff/poly_ai_project_pnp-ovss/run_experiment.py --dataset chest_xray --model bridgetower --spatial_type grid --granularity 32 --dropout_iters 7 --dropout_ratio 0.3
2026-04-27 13:58:09  INFO        ▶ phase2 | chest_xray | bridgetower | grid g=32 dr_iters=7 dr_ratio=0.3
2026-04-27 13:58:09  ERROR       ✗ phase2 | chest_xray | bridgetower | grid g=32 dr_iters=7 dr_ratio=0.3  exit=2  (0.0s)
2026-04-27 13:58:09  DEBUG     CMD  /home/ge.polymtl.ca/pahoa/random_stuff/poly_ai_project_pnp-ovss/.venv/bin/python /home/ge.polymtl.ca/pahoa/random_stuff/poly_ai_project_pnp-ovss/run_experiment.py --dataset chest_xray --model bridgetower --spatial_type grid --granularity 32 --dropout_iters 7 --dropout_ratio 0.5
2026-04-27 13:58:09  INFO        ▶ phase2 | chest_xray | bridgetower | grid g=32 dr_iters=7 dr_ratio=0.5
2026-04-27 13:58:09  ERROR       ✗ phase2 | chest_xray | bridgetower | grid g=32 dr_iters=7 dr_ratio=0.5  exit=2  (0.0s)
2026-04-27 13:58:09  DEBUG     CMD  /home/ge.polymtl.ca/pahoa/random_stuff/poly_ai_project_pnp-ovss/.venv/bin/python /home/ge.polymtl.ca/pahoa/random_stuff/poly_ai_project_pnp-ovss/run_experiment.py --dataset chest_xray --model bridgetower --spatial_type superpixel_slic --granularity 100 --dropout_iters 3 --dropout_ratio 0.1
2026-04-27 13:58:09  INFO        ▶ phase2 | chest_xray | bridgetower | superpixel_slic g=100 dr_iters=3 dr_ratio=0.1
2026-04-27 13:58:09  ERROR       ✗ phase2 | chest_xray | bridgetower | superpixel_slic g=100 dr_iters=3 dr_ratio=0.1  exit=2  (0.0s)
2026-04-27 13:58:09  DEBUG     CMD  /home/ge.polymtl.ca/pahoa/random_stuff/poly_ai_project_pnp-ovss/.venv/bin/python /home/ge.polymtl.ca/pahoa/random_stuff/poly_ai_project_pnp-ovss/run_experiment.py --dataset chest_xray --model bridgetower --spatial_type superpixel_slic --granularity 100 --dropout_iters 3 --dropout_ratio 0.3
2026-04-27 13:58:09  INFO        ▶ phase2 | chest_xray | bridgetower | superpixel_slic g=100 dr_iters=3 dr_ratio=0.3
2026-04-27 13:58:09  ERROR       ✗ phase2 | chest_xray | bridgetower | superpixel_slic g=100 dr_iters=3 dr_ratio=0.3  exit=2  (0.0s)
2026-04-27 13:58:09  DEBUG     CMD  /home/ge.polymtl.ca/pahoa/random_stuff/poly_ai_project_pnp-ovss/.venv/bin/python /home/ge.polymtl.ca/pahoa/random_stuff/poly_ai_project_pnp-ovss/run_experiment.py --dataset chest_xray --model bridgetower --spatial_type superpixel_slic --granularity 100 --dropout_iters 3 --dropout_ratio 0.5
2026-04-27 13:58:09  INFO        ▶ phase2 | chest_xray | bridgetower | superpixel_slic g=100 dr_iters=3 dr_ratio=0.5
2026-04-27 13:58:09  ERROR       ✗ phase2 | chest_xray | bridgetower | superpixel_slic g=100 dr_iters=3 dr_ratio=0.5  exit=2  (0.0s)
2026-04-27 13:58:09  DEBUG     CMD  /home/ge.polymtl.ca/pahoa/random_stuff/poly_ai_project_pnp-ovss/.venv/bin/python /home/ge.polymtl.ca/pahoa/random_stuff/poly_ai_project_pnp-ovss/run_experiment.py --dataset chest_xray --model bridgetower --spatial_type superpixel_slic --granularity 100 --dropout_iters 5 --dropout_ratio 0.1
2026-04-27 13:58:09  INFO        ▶ phase2 | chest_xray | bridgetower | superpixel_slic g=100 dr_iters=5 dr_ratio=0.1
2026-04-27 13:58:09  ERROR       ✗ phase2 | chest_xray | bridgetower | superpixel_slic g=100 dr_iters=5 dr_ratio=0.1  exit=2  (0.0s)
2026-04-27 13:58:09  DEBUG     CMD  /home/ge.polymtl.ca/pahoa/random_stuff/poly_ai_project_pnp-ovss/.venv/bin/python /home/ge.polymtl.ca/pahoa/random_stuff/poly_ai_project_pnp-ovss/run_experiment.py --dataset chest_xray --model bridgetower --spatial_type superpixel_slic --granularity 100 --dropout_iters 5 --dropout_ratio 0.3
2026-04-27 13:58:09  INFO        ▶ phase2 | chest_xray | bridgetower | superpixel_slic g=100 dr_iters=5 dr_ratio=0.3
2026-04-27 13:58:09  ERROR       ✗ phase2 | chest_xray | bridgetower | superpixel_slic g=100 dr_iters=5 dr_ratio=0.3  exit=2  (0.0s)
2026-04-27 13:58:09  DEBUG     CMD  /home/ge.polymtl.ca/pahoa/random_stuff/poly_ai_project_pnp-ovss/.venv/bin/python /home/ge.polymtl.ca/pahoa/random_stuff/poly_ai_project_pnp-ovss/run_experiment.py --dataset chest_xray --model bridgetower --spatial_type superpixel_slic --granularity 100 --dropout_iters 5 --dropout_ratio 0.5
2026-04-27 13:58:09  INFO        ▶ phase2 | chest_xray | bridgetower | superpixel_slic g=100 dr_iters=5 dr_ratio=0.5
2026-04-27 13:58:09  ERROR       ✗ phase2 | chest_xray | bridgetower | superpixel_slic g=100 dr_iters=5 dr_ratio=0.5  exit=2  (0.0s)
2026-04-27 13:58:09  DEBUG     CMD  /home/ge.polymtl.ca/pahoa/random_stuff/poly_ai_project_pnp-ovss/.venv/bin/python /home/ge.polymtl.ca/pahoa/random_stuff/poly_ai_project_pnp-ovss/run_experiment.py --dataset chest_xray --model bridgetower --spatial_type superpixel_slic --granularity 100 --dropout_iters 7 --dropout_ratio 0.1
2026-04-27 13:58:09  INFO        ▶ phase2 | chest_xray | bridgetower | superpixel_slic g=100 dr_iters=7 dr_ratio=0.1
2026-04-27 13:58:09  ERROR       ✗ phase2 | chest_xray | bridgetower | superpixel_slic g=100 dr_iters=7 dr_ratio=0.1  exit=2  (0.0s)
2026-04-27 13:58:09  DEBUG     CMD  /home/ge.polymtl.ca/pahoa/random_stuff/poly_ai_project_pnp-ovss/.venv/bin/python /home/ge.polymtl.ca/pahoa/random_stuff/poly_ai_project_pnp-ovss/run_experiment.py --dataset chest_xray --model bridgetower --spatial_type superpixel_slic --granularity 100 --dropout_iters 7 --dropout_ratio 0.3
2026-04-27 13:58:09  INFO        ▶ phase2 | chest_xray | bridgetower | superpixel_slic g=100 dr_iters=7 dr_ratio=0.3
2026-04-27 13:58:09  ERROR       ✗ phase2 | chest_xray | bridgetower | superpixel_slic g=100 dr_iters=7 dr_ratio=0.3  exit=2  (0.0s)
2026-04-27 13:58:09  DEBUG     CMD  /home/ge.polymtl.ca/pahoa/random_stuff/poly_ai_project_pnp-ovss/.venv/bin/python /home/ge.polymtl.ca/pahoa/random_stuff/poly_ai_project_pnp-ovss/run_experiment.py --dataset chest_xray --model bridgetower --spatial_type superpixel_slic --granularity 100 --dropout_iters 7 --dropout_ratio 0.5
2026-04-27 13:58:09  INFO        ▶ phase2 | chest_xray | bridgetower | superpixel_slic g=100 dr_iters=7 dr_ratio=0.5
2026-04-27 13:58:09  ERROR       ✗ phase2 | chest_xray | bridgetower | superpixel_slic g=100 dr_iters=7 dr_ratio=0.5  exit=2  (0.0s)
2026-04-27 13:58:09  DEBUG     CMD  /home/ge.polymtl.ca/pahoa/random_stuff/poly_ai_project_pnp-ovss/.venv/bin/python /home/ge.polymtl.ca/pahoa/random_stuff/poly_ai_project_pnp-ovss/run_experiment.py --dataset chest_xray --model bridgetower --spatial_type superpixel_slic --granularity 200 --dropout_iters 3 --dropout_ratio 0.1
2026-04-27 13:58:09  INFO        ▶ phase2 | chest_xray | bridgetower | superpixel_slic g=200 dr_iters=3 dr_ratio=0.1
2026-04-27 13:58:09  ERROR       ✗ phase2 | chest_xray | bridgetower | superpixel_slic g=200 dr_iters=3 dr_ratio=0.1  exit=2  (0.0s)
2026-04-27 13:58:09  DEBUG     CMD  /home/ge.polymtl.ca/pahoa/random_stuff/poly_ai_project_pnp-ovss/.venv/bin/python /home/ge.polymtl.ca/pahoa/random_stuff/poly_ai_project_pnp-ovss/run_experiment.py --dataset chest_xray --model bridgetower --spatial_type superpixel_slic --granularity 200 --dropout_iters 3 --dropout_ratio 0.3
2026-04-27 13:58:09  INFO        ▶ phase2 | chest_xray | bridgetower | superpixel_slic g=200 dr_iters=3 dr_ratio=0.3
2026-04-27 13:58:09  ERROR       ✗ phase2 | chest_xray | bridgetower | superpixel_slic g=200 dr_iters=3 dr_ratio=0.3  exit=2  (0.0s)
2026-04-27 13:58:09  DEBUG     CMD  /home/ge.polymtl.ca/pahoa/random_stuff/poly_ai_project_pnp-ovss/.venv/bin/python /home/ge.polymtl.ca/pahoa/random_stuff/poly_ai_project_pnp-ovss/run_experiment.py --dataset chest_xray --model bridgetower --spatial_type superpixel_slic --granularity 200 --dropout_iters 3 --dropout_ratio 0.5
2026-04-27 13:58:09  INFO        ▶ phase2 | chest_xray | bridgetower | superpixel_slic g=200 dr_iters=3 dr_ratio=0.5
2026-04-27 13:58:09  ERROR       ✗ phase2 | chest_xray | bridgetower | superpixel_slic g=200 dr_iters=3 dr_ratio=0.5  exit=2  (0.0s)
2026-04-27 13:58:09  DEBUG     CMD  /home/ge.polymtl.ca/pahoa/random_stuff/poly_ai_project_pnp-ovss/.venv/bin/python /home/ge.polymtl.ca/pahoa/random_stuff/poly_ai_project_pnp-ovss/run_experiment.py --dataset chest_xray --model bridgetower --spatial_type superpixel_slic --granularity 200 --dropout_iters 5 --dropout_ratio 0.1
2026-04-27 13:58:09  INFO        ▶ phase2 | chest_xray | bridgetower | superpixel_slic g=200 dr_iters=5 dr_ratio=0.1
2026-04-27 13:58:09  ERROR       ✗ phase2 | chest_xray | bridgetower | superpixel_slic g=200 dr_iters=5 dr_ratio=0.1  exit=2  (0.0s)
2026-04-27 13:58:09  DEBUG     CMD  /home/ge.polymtl.ca/pahoa/random_stuff/poly_ai_project_pnp-ovss/.venv/bin/python /home/ge.polymtl.ca/pahoa/random_stuff/poly_ai_project_pnp-ovss/run_experiment.py --dataset chest_xray --model bridgetower --spatial_type superpixel_slic --granularity 200 --dropout_iters 5 --dropout_ratio 0.3
2026-04-27 13:58:09  INFO        ▶ phase2 | chest_xray | bridgetower | superpixel_slic g=200 dr_iters=5 dr_ratio=0.3
2026-04-27 13:58:09  ERROR       ✗ phase2 | chest_xray | bridgetower | superpixel_slic g=200 dr_iters=5 dr_ratio=0.3  exit=2  (0.0s)
2026-04-27 13:58:09  DEBUG     CMD  /home/ge.polymtl.ca/pahoa/random_stuff/poly_ai_project_pnp-ovss/.venv/bin/python /home/ge.polymtl.ca/pahoa/random_stuff/poly_ai_project_pnp-ovss/run_experiment.py --dataset chest_xray --model bridgetower --spatial_type superpixel_slic --granularity 200 --dropout_iters 5 --dropout_ratio 0.5
2026-04-27 13:58:09  INFO        ▶ phase2 | chest_xray | bridgetower | superpixel_slic g=200 dr_iters=5 dr_ratio=0.5
2026-04-27 13:58:09  ERROR       ✗ phase2 | chest_xray | bridgetower | superpixel_slic g=200 dr_iters=5 dr_ratio=0.5  exit=2  (0.0s)
2026-04-27 13:58:09  DEBUG     CMD  /home/ge.polymtl.ca/pahoa/random_stuff/poly_ai_project_pnp-ovss/.venv/bin/python /home/ge.polymtl.ca/pahoa/random_stuff/poly_ai_project_pnp-ovss/run_experiment.py --dataset chest_xray --model bridgetower --spatial_type superpixel_slic --granularity 200 --dropout_iters 7 --dropout_ratio 0.1
2026-04-27 13:58:09  INFO        ▶ phase2 | chest_xray | bridgetower | superpixel_slic g=200 dr_iters=7 dr_ratio=0.1
2026-04-27 13:58:09  ERROR       ✗ phase2 | chest_xray | bridgetower | superpixel_slic g=200 dr_iters=7 dr_ratio=0.1  exit=2  (0.0s)
2026-04-27 13:58:09  DEBUG     CMD  /home/ge.polymtl.ca/pahoa/random_stuff/poly_ai_project_pnp-ovss/.venv/bin/python /home/ge.polymtl.ca/pahoa/random_stuff/poly_ai_project_pnp-ovss/run_experiment.py --dataset chest_xray --model bridgetower --spatial_type superpixel_slic --granularity 200 --dropout_iters 7 --dropout_ratio 0.3
2026-04-27 13:58:09  INFO        ▶ phase2 | chest_xray | bridgetower | superpixel_slic g=200 dr_iters=7 dr_ratio=0.3
2026-04-27 13:58:09  ERROR       ✗ phase2 | chest_xray | bridgetower | superpixel_slic g=200 dr_iters=7 dr_ratio=0.3  exit=2  (0.0s)
2026-04-27 13:58:09  DEBUG     CMD  /home/ge.polymtl.ca/pahoa/random_stuff/poly_ai_project_pnp-ovss/.venv/bin/python /home/ge.polymtl.ca/pahoa/random_stuff/poly_ai_project_pnp-ovss/run_experiment.py --dataset chest_xray --model bridgetower --spatial_type superpixel_slic --granularity 200 --dropout_iters 7 --dropout_ratio 0.5
2026-04-27 13:58:09  INFO        ▶ phase2 | chest_xray | bridgetower | superpixel_slic g=200 dr_iters=7 dr_ratio=0.5
2026-04-27 13:58:09  ERROR       ✗ phase2 | chest_xray | bridgetower | superpixel_slic g=200 dr_iters=7 dr_ratio=0.5  exit=2  (0.0s)
2026-04-27 13:58:09  DEBUG     CMD  /home/ge.polymtl.ca/pahoa/random_stuff/poly_ai_project_pnp-ovss/.venv/bin/python /home/ge.polymtl.ca/pahoa/random_stuff/poly_ai_project_pnp-ovss/run_experiment.py --dataset chest_xray --model bridgetower --spatial_type superpixel_slic --granularity 300 --dropout_iters 3 --dropout_ratio 0.1
2026-04-27 13:58:09  INFO        ▶ phase2 | chest_xray | bridgetower | superpixel_slic g=300 dr_iters=3 dr_ratio=0.1
2026-04-27 13:58:09  ERROR       ✗ phase2 | chest_xray | bridgetower | superpixel_slic g=300 dr_iters=3 dr_ratio=0.1  exit=2  (0.0s)
2026-04-27 13:58:09  DEBUG     CMD  /home/ge.polymtl.ca/pahoa/random_stuff/poly_ai_project_pnp-ovss/.venv/bin/python /home/ge.polymtl.ca/pahoa/random_stuff/poly_ai_project_pnp-ovss/run_experiment.py --dataset chest_xray --model bridgetower --spatial_type superpixel_slic --granularity 300 --dropout_iters 3 --dropout_ratio 0.3
2026-04-27 13:58:09  INFO        ▶ phase2 | chest_xray | bridgetower | superpixel_slic g=300 dr_iters=3 dr_ratio=0.3
2026-04-27 13:58:09  ERROR       ✗ phase2 | chest_xray | bridgetower | superpixel_slic g=300 dr_iters=3 dr_ratio=0.3  exit=2  (0.0s)
2026-04-27 13:58:09  DEBUG     CMD  /home/ge.polymtl.ca/pahoa/random_stuff/poly_ai_project_pnp-ovss/.venv/bin/python /home/ge.polymtl.ca/pahoa/random_stuff/poly_ai_project_pnp-ovss/run_experiment.py --dataset chest_xray --model bridgetower --spatial_type superpixel_slic --granularity 300 --dropout_iters 3 --dropout_ratio 0.5
2026-04-27 13:58:09  INFO        ▶ phase2 | chest_xray | bridgetower | superpixel_slic g=300 dr_iters=3 dr_ratio=0.5
2026-04-27 13:58:09  ERROR       ✗ phase2 | chest_xray | bridgetower | superpixel_slic g=300 dr_iters=3 dr_ratio=0.5  exit=2  (0.0s)
2026-04-27 13:58:09  DEBUG     CMD  /home/ge.polymtl.ca/pahoa/random_stuff/poly_ai_project_pnp-ovss/.venv/bin/python /home/ge.polymtl.ca/pahoa/random_stuff/poly_ai_project_pnp-ovss/run_experiment.py --dataset chest_xray --model bridgetower --spatial_type superpixel_slic --granularity 300 --dropout_iters 5 --dropout_ratio 0.1
2026-04-27 13:58:09  INFO        ▶ phase2 | chest_xray | bridgetower | superpixel_slic g=300 dr_iters=5 dr_ratio=0.1
2026-04-27 13:58:09  ERROR       ✗ phase2 | chest_xray | bridgetower | superpixel_slic g=300 dr_iters=5 dr_ratio=0.1  exit=2  (0.0s)
2026-04-27 13:58:09  DEBUG     CMD  /home/ge.polymtl.ca/pahoa/random_stuff/poly_ai_project_pnp-ovss/.venv/bin/python /home/ge.polymtl.ca/pahoa/random_stuff/poly_ai_project_pnp-ovss/run_experiment.py --dataset chest_xray --model bridgetower --spatial_type superpixel_slic --granularity 300 --dropout_iters 5 --dropout_ratio 0.3
2026-04-27 13:58:09  INFO        ▶ phase2 | chest_xray | bridgetower | superpixel_slic g=300 dr_iters=5 dr_ratio=0.3
2026-04-27 13:58:09  ERROR       ✗ phase2 | chest_xray | bridgetower | superpixel_slic g=300 dr_iters=5 dr_ratio=0.3  exit=2  (0.0s)
2026-04-27 13:58:09  DEBUG     CMD  /home/ge.polymtl.ca/pahoa/random_stuff/poly_ai_project_pnp-ovss/.venv/bin/python /home/ge.polymtl.ca/pahoa/random_stuff/poly_ai_project_pnp-ovss/run_experiment.py --dataset chest_xray --model bridgetower --spatial_type superpixel_slic --granularity 300 --dropout_iters 5 --dropout_ratio 0.5
2026-04-27 13:58:09  INFO        ▶ phase2 | chest_xray | bridgetower | superpixel_slic g=300 dr_iters=5 dr_ratio=0.5
2026-04-27 13:58:09  ERROR       ✗ phase2 | chest_xray | bridgetower | superpixel_slic g=300 dr_iters=5 dr_ratio=0.5  exit=2  (0.0s)
2026-04-27 13:58:09  DEBUG     CMD  /home/ge.polymtl.ca/pahoa/random_stuff/poly_ai_project_pnp-ovss/.venv/bin/python /home/ge.polymtl.ca/pahoa/random_stuff/poly_ai_project_pnp-ovss/run_experiment.py --dataset chest_xray --model bridgetower --spatial_type superpixel_slic --granularity 300 --dropout_iters 7 --dropout_ratio 0.1
2026-04-27 13:58:09  INFO        ▶ phase2 | chest_xray | bridgetower | superpixel_slic g=300 dr_iters=7 dr_ratio=0.1
2026-04-27 13:58:09  ERROR       ✗ phase2 | chest_xray | bridgetower | superpixel_slic g=300 dr_iters=7 dr_ratio=0.1  exit=2  (0.0s)
2026-04-27 13:58:09  DEBUG     CMD  /home/ge.polymtl.ca/pahoa/random_stuff/poly_ai_project_pnp-ovss/.venv/bin/python /home/ge.polymtl.ca/pahoa/random_stuff/poly_ai_project_pnp-ovss/run_experiment.py --dataset chest_xray --model bridgetower --spatial_type superpixel_slic --granularity 300 --dropout_iters 7 --dropout_ratio 0.3
2026-04-27 13:58:09  INFO        ▶ phase2 | chest_xray | bridgetower | superpixel_slic g=300 dr_iters=7 dr_ratio=0.3
2026-04-27 13:58:09  ERROR       ✗ phase2 | chest_xray | bridgetower | superpixel_slic g=300 dr_iters=7 dr_ratio=0.3  exit=2  (0.0s)
2026-04-27 13:58:09  DEBUG     CMD  /home/ge.polymtl.ca/pahoa/random_stuff/poly_ai_project_pnp-ovss/.venv/bin/python /home/ge.polymtl.ca/pahoa/random_stuff/poly_ai_project_pnp-ovss/run_experiment.py --dataset chest_xray --model bridgetower --spatial_type superpixel_slic --granularity 300 --dropout_iters 7 --dropout_ratio 0.5
2026-04-27 13:58:09  INFO        ▶ phase2 | chest_xray | bridgetower | superpixel_slic g=300 dr_iters=7 dr_ratio=0.5
2026-04-27 13:58:09  ERROR       ✗ phase2 | chest_xray | bridgetower | superpixel_slic g=300 dr_iters=7 dr_ratio=0.5  exit=2  (0.0s)
2026-04-27 13:58:09  INFO        Phase 2 done  ok=0  fail=45
2026-04-27 13:58:09  INFO        ── Phase 3 ──
2026-04-27 13:58:09  DEBUG     CMD  /home/ge.polymtl.ca/pahoa/random_stuff/poly_ai_project_pnp-ovss/.venv/bin/python /home/ge.polymtl.ca/pahoa/random_stuff/poly_ai_project_pnp-ovss/run_experiment.py --dataset chest_xray --model bridgetower --tuning_metric zero_shot_heuristic
2026-04-27 13:58:09  INFO        ▶ phase3 | chest_xray | bridgetower | metric=zero_shot_heuristic
2026-04-27 13:58:09  ERROR       ✗ phase3 | chest_xray | bridgetower | metric=zero_shot_heuristic  exit=2  (0.0s)
2026-04-27 13:58:09  DEBUG     CMD  /home/ge.polymtl.ca/pahoa/random_stuff/poly_ai_project_pnp-ovss/.venv/bin/python /home/ge.polymtl.ca/pahoa/random_stuff/poly_ai_project_pnp-ovss/run_experiment.py --dataset chest_xray --model bridgetower --tuning_metric supervised_mdice
2026-04-27 13:58:09  INFO        ▶ phase3 | chest_xray | bridgetower | metric=supervised_mdice
2026-04-27 13:58:09  ERROR       ✗ phase3 | chest_xray | bridgetower | metric=supervised_mdice  exit=2  (0.0s)
2026-04-27 13:58:09  INFO        Phase 3 done  ok=0  fail=2
2026-04-27 13:58:09  INFO        ── Phase 4 ──
2026-04-27 13:58:09  DEBUG     CMD  /home/ge.polymtl.ca/pahoa/random_stuff/poly_ai_project_pnp-ovss/.venv/bin/python /home/ge.polymtl.ca/pahoa/random_stuff/poly_ai_project_pnp-ovss/run_experiment.py --run_final_eval True --dataset chest_xray --model bridgetower
2026-04-27 13:58:09  INFO        ▶ phase4 | chest_xray | bridgetower
2026-04-27 13:58:09  ERROR       ✗ phase4 | chest_xray | bridgetower  exit=2  (0.0s)
2026-04-27 13:58:09  INFO        Phase 4 done  ok=0  fail=1
2026-04-27 13:58:09  INFO      ━━━━━━━━━━━━━━━━━━━━━━━━━━━━━━━━━━━━━━━━━━━━━━━━━━━━━━━━━━━━━━━━━━━━━━━━
2026-04-27 13:58:09  INFO        PAIR  dataset=chest_xray       model=albef
2026-04-27 13:58:09  INFO      ━━━━━━━━━━━━━━━━━━━━━━━━━━━━━━━━━━━━━━━━━━━━━━━━━━━━━━━━━━━━━━━━━━━━━━━━
2026-04-27 13:58:09  INFO        ── Phase 1 ──
2026-04-27 13:58:09  DEBUG     CMD  /home/ge.polymtl.ca/pahoa/random_stuff/poly_ai_project_pnp-ovss/.venv/bin/python /home/ge.polymtl.ca/pahoa/random_stuff/poly_ai_project_pnp-ovss/run_experiment.py --dataset chest_xray --model albef --spatial_type grid --tuning_metric zero_shot_heuristic
2026-04-27 13:58:09  INFO        ▶ phase1 | chest_xray | albef
2026-04-27 13:58:09  ERROR       ✗ phase1 | chest_xray | albef  exit=2  (0.0s)
2026-04-27 13:58:09  INFO        Phase 1 done  ok=0  fail=1
2026-04-27 13:58:09  INFO        ── Phase 2 ──
2026-04-27 13:58:09  DEBUG     CMD  /home/ge.polymtl.ca/pahoa/random_stuff/poly_ai_project_pnp-ovss/.venv/bin/python /home/ge.polymtl.ca/pahoa/random_stuff/poly_ai_project_pnp-ovss/run_experiment.py --dataset chest_xray --model albef --spatial_type grid --granularity 16 --dropout_iters 3 --dropout_ratio 0.1
2026-04-27 13:58:09  INFO        ▶ phase2 | chest_xray | albef | grid g=16 dr_iters=3 dr_ratio=0.1
2026-04-27 13:58:09  ERROR       ✗ phase2 | chest_xray | albef | grid g=16 dr_iters=3 dr_ratio=0.1  exit=2  (0.0s)
2026-04-27 13:58:09  DEBUG     CMD  /home/ge.polymtl.ca/pahoa/random_stuff/poly_ai_project_pnp-ovss/.venv/bin/python /home/ge.polymtl.ca/pahoa/random_stuff/poly_ai_project_pnp-ovss/run_experiment.py --dataset chest_xray --model albef --spatial_type grid --granularity 16 --dropout_iters 3 --dropout_ratio 0.3
2026-04-27 13:58:09  INFO        ▶ phase2 | chest_xray | albef | grid g=16 dr_iters=3 dr_ratio=0.3
2026-04-27 13:58:09  ERROR       ✗ phase2 | chest_xray | albef | grid g=16 dr_iters=3 dr_ratio=0.3  exit=2  (0.0s)
2026-04-27 13:58:09  DEBUG     CMD  /home/ge.polymtl.ca/pahoa/random_stuff/poly_ai_project_pnp-ovss/.venv/bin/python /home/ge.polymtl.ca/pahoa/random_stuff/poly_ai_project_pnp-ovss/run_experiment.py --dataset chest_xray --model albef --spatial_type grid --granularity 16 --dropout_iters 3 --dropout_ratio 0.5
2026-04-27 13:58:09  INFO        ▶ phase2 | chest_xray | albef | grid g=16 dr_iters=3 dr_ratio=0.5
2026-04-27 13:58:09  ERROR       ✗ phase2 | chest_xray | albef | grid g=16 dr_iters=3 dr_ratio=0.5  exit=2  (0.0s)
2026-04-27 13:58:09  DEBUG     CMD  /home/ge.polymtl.ca/pahoa/random_stuff/poly_ai_project_pnp-ovss/.venv/bin/python /home/ge.polymtl.ca/pahoa/random_stuff/poly_ai_project_pnp-ovss/run_experiment.py --dataset chest_xray --model albef --spatial_type grid --granularity 16 --dropout_iters 5 --dropout_ratio 0.1
2026-04-27 13:58:09  INFO        ▶ phase2 | chest_xray | albef | grid g=16 dr_iters=5 dr_ratio=0.1
2026-04-27 13:58:10  ERROR       ✗ phase2 | chest_xray | albef | grid g=16 dr_iters=5 dr_ratio=0.1  exit=2  (0.0s)
2026-04-27 13:58:10  DEBUG     CMD  /home/ge.polymtl.ca/pahoa/random_stuff/poly_ai_project_pnp-ovss/.venv/bin/python /home/ge.polymtl.ca/pahoa/random_stuff/poly_ai_project_pnp-ovss/run_experiment.py --dataset chest_xray --model albef --spatial_type grid --granularity 16 --dropout_iters 5 --dropout_ratio 0.3
2026-04-27 13:58:10  INFO        ▶ phase2 | chest_xray | albef | grid g=16 dr_iters=5 dr_ratio=0.3
2026-04-27 13:58:10  ERROR       ✗ phase2 | chest_xray | albef | grid g=16 dr_iters=5 dr_ratio=0.3  exit=2  (0.0s)
2026-04-27 13:58:10  DEBUG     CMD  /home/ge.polymtl.ca/pahoa/random_stuff/poly_ai_project_pnp-ovss/.venv/bin/python /home/ge.polymtl.ca/pahoa/random_stuff/poly_ai_project_pnp-ovss/run_experiment.py --dataset chest_xray --model albef --spatial_type grid --granularity 16 --dropout_iters 5 --dropout_ratio 0.5
2026-04-27 13:58:10  INFO        ▶ phase2 | chest_xray | albef | grid g=16 dr_iters=5 dr_ratio=0.5
2026-04-27 13:58:10  ERROR       ✗ phase2 | chest_xray | albef | grid g=16 dr_iters=5 dr_ratio=0.5  exit=2  (0.0s)
2026-04-27 13:58:10  DEBUG     CMD  /home/ge.polymtl.ca/pahoa/random_stuff/poly_ai_project_pnp-ovss/.venv/bin/python /home/ge.polymtl.ca/pahoa/random_stuff/poly_ai_project_pnp-ovss/run_experiment.py --dataset chest_xray --model albef --spatial_type grid --granularity 16 --dropout_iters 7 --dropout_ratio 0.1
2026-04-27 13:58:10  INFO        ▶ phase2 | chest_xray | albef | grid g=16 dr_iters=7 dr_ratio=0.1
2026-04-27 13:58:10  ERROR       ✗ phase2 | chest_xray | albef | grid g=16 dr_iters=7 dr_ratio=0.1  exit=2  (0.0s)
2026-04-27 13:58:10  DEBUG     CMD  /home/ge.polymtl.ca/pahoa/random_stuff/poly_ai_project_pnp-ovss/.venv/bin/python /home/ge.polymtl.ca/pahoa/random_stuff/poly_ai_project_pnp-ovss/run_experiment.py --dataset chest_xray --model albef --spatial_type grid --granularity 16 --dropout_iters 7 --dropout_ratio 0.3
2026-04-27 13:58:10  INFO        ▶ phase2 | chest_xray | albef | grid g=16 dr_iters=7 dr_ratio=0.3
2026-04-27 13:58:10  ERROR       ✗ phase2 | chest_xray | albef | grid g=16 dr_iters=7 dr_ratio=0.3  exit=2  (0.0s)
2026-04-27 13:58:10  DEBUG     CMD  /home/ge.polymtl.ca/pahoa/random_stuff/poly_ai_project_pnp-ovss/.venv/bin/python /home/ge.polymtl.ca/pahoa/random_stuff/poly_ai_project_pnp-ovss/run_experiment.py --dataset chest_xray --model albef --spatial_type grid --granularity 16 --dropout_iters 7 --dropout_ratio 0.5
2026-04-27 13:58:10  INFO        ▶ phase2 | chest_xray | albef | grid g=16 dr_iters=7 dr_ratio=0.5
2026-04-27 13:58:10  ERROR       ✗ phase2 | chest_xray | albef | grid g=16 dr_iters=7 dr_ratio=0.5  exit=2  (0.0s)
2026-04-27 13:58:10  DEBUG     CMD  /home/ge.polymtl.ca/pahoa/random_stuff/poly_ai_project_pnp-ovss/.venv/bin/python /home/ge.polymtl.ca/pahoa/random_stuff/poly_ai_project_pnp-ovss/run_experiment.py --dataset chest_xray --model albef --spatial_type grid --granularity 32 --dropout_iters 3 --dropout_ratio 0.1
2026-04-27 13:58:10  INFO        ▶ phase2 | chest_xray | albef | grid g=32 dr_iters=3 dr_ratio=0.1
2026-04-27 13:58:10  ERROR       ✗ phase2 | chest_xray | albef | grid g=32 dr_iters=3 dr_ratio=0.1  exit=2  (0.0s)
2026-04-27 13:58:10  DEBUG     CMD  /home/ge.polymtl.ca/pahoa/random_stuff/poly_ai_project_pnp-ovss/.venv/bin/python /home/ge.polymtl.ca/pahoa/random_stuff/poly_ai_project_pnp-ovss/run_experiment.py --dataset chest_xray --model albef --spatial_type grid --granularity 32 --dropout_iters 3 --dropout_ratio 0.3
2026-04-27 13:58:10  INFO        ▶ phase2 | chest_xray | albef | grid g=32 dr_iters=3 dr_ratio=0.3
2026-04-27 13:58:10  ERROR       ✗ phase2 | chest_xray | albef | grid g=32 dr_iters=3 dr_ratio=0.3  exit=2  (0.0s)
2026-04-27 13:58:10  DEBUG     CMD  /home/ge.polymtl.ca/pahoa/random_stuff/poly_ai_project_pnp-ovss/.venv/bin/python /home/ge.polymtl.ca/pahoa/random_stuff/poly_ai_project_pnp-ovss/run_experiment.py --dataset chest_xray --model albef --spatial_type grid --granularity 32 --dropout_iters 3 --dropout_ratio 0.5
2026-04-27 13:58:10  INFO        ▶ phase2 | chest_xray | albef | grid g=32 dr_iters=3 dr_ratio=0.5
2026-04-27 13:58:10  ERROR       ✗ phase2 | chest_xray | albef | grid g=32 dr_iters=3 dr_ratio=0.5  exit=2  (0.0s)
2026-04-27 13:58:10  DEBUG     CMD  /home/ge.polymtl.ca/pahoa/random_stuff/poly_ai_project_pnp-ovss/.venv/bin/python /home/ge.polymtl.ca/pahoa/random_stuff/poly_ai_project_pnp-ovss/run_experiment.py --dataset chest_xray --model albef --spatial_type grid --granularity 32 --dropout_iters 5 --dropout_ratio 0.1
2026-04-27 13:58:10  INFO        ▶ phase2 | chest_xray | albef | grid g=32 dr_iters=5 dr_ratio=0.1
2026-04-27 13:58:10  ERROR       ✗ phase2 | chest_xray | albef | grid g=32 dr_iters=5 dr_ratio=0.1  exit=2  (0.0s)
2026-04-27 13:58:10  DEBUG     CMD  /home/ge.polymtl.ca/pahoa/random_stuff/poly_ai_project_pnp-ovss/.venv/bin/python /home/ge.polymtl.ca/pahoa/random_stuff/poly_ai_project_pnp-ovss/run_experiment.py --dataset chest_xray --model albef --spatial_type grid --granularity 32 --dropout_iters 5 --dropout_ratio 0.3
2026-04-27 13:58:10  INFO        ▶ phase2 | chest_xray | albef | grid g=32 dr_iters=5 dr_ratio=0.3
2026-04-27 13:58:10  ERROR       ✗ phase2 | chest_xray | albef | grid g=32 dr_iters=5 dr_ratio=0.3  exit=2  (0.0s)
2026-04-27 13:58:10  DEBUG     CMD  /home/ge.polymtl.ca/pahoa/random_stuff/poly_ai_project_pnp-ovss/.venv/bin/python /home/ge.polymtl.ca/pahoa/random_stuff/poly_ai_project_pnp-ovss/run_experiment.py --dataset chest_xray --model albef --spatial_type grid --granularity 32 --dropout_iters 5 --dropout_ratio 0.5
2026-04-27 13:58:10  INFO        ▶ phase2 | chest_xray | albef | grid g=32 dr_iters=5 dr_ratio=0.5
2026-04-27 13:58:10  ERROR       ✗ phase2 | chest_xray | albef | grid g=32 dr_iters=5 dr_ratio=0.5  exit=2  (0.0s)
2026-04-27 13:58:10  DEBUG     CMD  /home/ge.polymtl.ca/pahoa/random_stuff/poly_ai_project_pnp-ovss/.venv/bin/python /home/ge.polymtl.ca/pahoa/random_stuff/poly_ai_project_pnp-ovss/run_experiment.py --dataset chest_xray --model albef --spatial_type grid --granularity 32 --dropout_iters 7 --dropout_ratio 0.1
2026-04-27 13:58:10  INFO        ▶ phase2 | chest_xray | albef | grid g=32 dr_iters=7 dr_ratio=0.1
2026-04-27 13:58:10  ERROR       ✗ phase2 | chest_xray | albef | grid g=32 dr_iters=7 dr_ratio=0.1  exit=2  (0.0s)
2026-04-27 13:58:10  DEBUG     CMD  /home/ge.polymtl.ca/pahoa/random_stuff/poly_ai_project_pnp-ovss/.venv/bin/python /home/ge.polymtl.ca/pahoa/random_stuff/poly_ai_project_pnp-ovss/run_experiment.py --dataset chest_xray --model albef --spatial_type grid --granularity 32 --dropout_iters 7 --dropout_ratio 0.3
2026-04-27 13:58:10  INFO        ▶ phase2 | chest_xray | albef | grid g=32 dr_iters=7 dr_ratio=0.3
2026-04-27 13:58:10  ERROR       ✗ phase2 | chest_xray | albef | grid g=32 dr_iters=7 dr_ratio=0.3  exit=2  (0.0s)
2026-04-27 13:58:10  DEBUG     CMD  /home/ge.polymtl.ca/pahoa/random_stuff/poly_ai_project_pnp-ovss/.venv/bin/python /home/ge.polymtl.ca/pahoa/random_stuff/poly_ai_project_pnp-ovss/run_experiment.py --dataset chest_xray --model albef --spatial_type grid --granularity 32 --dropout_iters 7 --dropout_ratio 0.5
2026-04-27 13:58:10  INFO        ▶ phase2 | chest_xray | albef | grid g=32 dr_iters=7 dr_ratio=0.5
2026-04-27 13:58:10  ERROR       ✗ phase2 | chest_xray | albef | grid g=32 dr_iters=7 dr_ratio=0.5  exit=2  (0.0s)
2026-04-27 13:58:10  DEBUG     CMD  /home/ge.polymtl.ca/pahoa/random_stuff/poly_ai_project_pnp-ovss/.venv/bin/python /home/ge.polymtl.ca/pahoa/random_stuff/poly_ai_project_pnp-ovss/run_experiment.py --dataset chest_xray --model albef --spatial_type superpixel_slic --granularity 100 --dropout_iters 3 --dropout_ratio 0.1
2026-04-27 13:58:10  INFO        ▶ phase2 | chest_xray | albef | superpixel_slic g=100 dr_iters=3 dr_ratio=0.1
2026-04-27 13:58:10  ERROR       ✗ phase2 | chest_xray | albef | superpixel_slic g=100 dr_iters=3 dr_ratio=0.1  exit=2  (0.0s)
2026-04-27 13:58:10  DEBUG     CMD  /home/ge.polymtl.ca/pahoa/random_stuff/poly_ai_project_pnp-ovss/.venv/bin/python /home/ge.polymtl.ca/pahoa/random_stuff/poly_ai_project_pnp-ovss/run_experiment.py --dataset chest_xray --model albef --spatial_type superpixel_slic --granularity 100 --dropout_iters 3 --dropout_ratio 0.3
2026-04-27 13:58:10  INFO        ▶ phase2 | chest_xray | albef | superpixel_slic g=100 dr_iters=3 dr_ratio=0.3
2026-04-27 13:58:10  ERROR       ✗ phase2 | chest_xray | albef | superpixel_slic g=100 dr_iters=3 dr_ratio=0.3  exit=2  (0.0s)
2026-04-27 13:58:10  DEBUG     CMD  /home/ge.polymtl.ca/pahoa/random_stuff/poly_ai_project_pnp-ovss/.venv/bin/python /home/ge.polymtl.ca/pahoa/random_stuff/poly_ai_project_pnp-ovss/run_experiment.py --dataset chest_xray --model albef --spatial_type superpixel_slic --granularity 100 --dropout_iters 3 --dropout_ratio 0.5
2026-04-27 13:58:10  INFO        ▶ phase2 | chest_xray | albef | superpixel_slic g=100 dr_iters=3 dr_ratio=0.5
2026-04-27 13:58:10  ERROR       ✗ phase2 | chest_xray | albef | superpixel_slic g=100 dr_iters=3 dr_ratio=0.5  exit=2  (0.0s)
2026-04-27 13:58:10  DEBUG     CMD  /home/ge.polymtl.ca/pahoa/random_stuff/poly_ai_project_pnp-ovss/.venv/bin/python /home/ge.polymtl.ca/pahoa/random_stuff/poly_ai_project_pnp-ovss/run_experiment.py --dataset chest_xray --model albef --spatial_type superpixel_slic --granularity 100 --dropout_iters 5 --dropout_ratio 0.1
2026-04-27 13:58:10  INFO        ▶ phase2 | chest_xray | albef | superpixel_slic g=100 dr_iters=5 dr_ratio=0.1
2026-04-27 13:58:10  ERROR       ✗ phase2 | chest_xray | albef | superpixel_slic g=100 dr_iters=5 dr_ratio=0.1  exit=2  (0.0s)
2026-04-27 13:58:10  DEBUG     CMD  /home/ge.polymtl.ca/pahoa/random_stuff/poly_ai_project_pnp-ovss/.venv/bin/python /home/ge.polymtl.ca/pahoa/random_stuff/poly_ai_project_pnp-ovss/run_experiment.py --dataset chest_xray --model albef --spatial_type superpixel_slic --granularity 100 --dropout_iters 5 --dropout_ratio 0.3
2026-04-27 13:58:10  INFO        ▶ phase2 | chest_xray | albef | superpixel_slic g=100 dr_iters=5 dr_ratio=0.3
2026-04-27 13:58:10  ERROR       ✗ phase2 | chest_xray | albef | superpixel_slic g=100 dr_iters=5 dr_ratio=0.3  exit=2  (0.0s)
2026-04-27 13:58:10  DEBUG     CMD  /home/ge.polymtl.ca/pahoa/random_stuff/poly_ai_project_pnp-ovss/.venv/bin/python /home/ge.polymtl.ca/pahoa/random_stuff/poly_ai_project_pnp-ovss/run_experiment.py --dataset chest_xray --model albef --spatial_type superpixel_slic --granularity 100 --dropout_iters 5 --dropout_ratio 0.5
2026-04-27 13:58:10  INFO        ▶ phase2 | chest_xray | albef | superpixel_slic g=100 dr_iters=5 dr_ratio=0.5
2026-04-27 13:58:10  ERROR       ✗ phase2 | chest_xray | albef | superpixel_slic g=100 dr_iters=5 dr_ratio=0.5  exit=2  (0.0s)
2026-04-27 13:58:10  DEBUG     CMD  /home/ge.polymtl.ca/pahoa/random_stuff/poly_ai_project_pnp-ovss/.venv/bin/python /home/ge.polymtl.ca/pahoa/random_stuff/poly_ai_project_pnp-ovss/run_experiment.py --dataset chest_xray --model albef --spatial_type superpixel_slic --granularity 100 --dropout_iters 7 --dropout_ratio 0.1
2026-04-27 13:58:10  INFO        ▶ phase2 | chest_xray | albef | superpixel_slic g=100 dr_iters=7 dr_ratio=0.1
2026-04-27 13:58:10  ERROR       ✗ phase2 | chest_xray | albef | superpixel_slic g=100 dr_iters=7 dr_ratio=0.1  exit=2  (0.0s)
2026-04-27 13:58:10  DEBUG     CMD  /home/ge.polymtl.ca/pahoa/random_stuff/poly_ai_project_pnp-ovss/.venv/bin/python /home/ge.polymtl.ca/pahoa/random_stuff/poly_ai_project_pnp-ovss/run_experiment.py --dataset chest_xray --model albef --spatial_type superpixel_slic --granularity 100 --dropout_iters 7 --dropout_ratio 0.3
2026-04-27 13:58:10  INFO        ▶ phase2 | chest_xray | albef | superpixel_slic g=100 dr_iters=7 dr_ratio=0.3
2026-04-27 13:58:10  ERROR       ✗ phase2 | chest_xray | albef | superpixel_slic g=100 dr_iters=7 dr_ratio=0.3  exit=2  (0.0s)
2026-04-27 13:58:10  DEBUG     CMD  /home/ge.polymtl.ca/pahoa/random_stuff/poly_ai_project_pnp-ovss/.venv/bin/python /home/ge.polymtl.ca/pahoa/random_stuff/poly_ai_project_pnp-ovss/run_experiment.py --dataset chest_xray --model albef --spatial_type superpixel_slic --granularity 100 --dropout_iters 7 --dropout_ratio 0.5
2026-04-27 13:58:10  INFO        ▶ phase2 | chest_xray | albef | superpixel_slic g=100 dr_iters=7 dr_ratio=0.5
2026-04-27 13:58:10  ERROR       ✗ phase2 | chest_xray | albef | superpixel_slic g=100 dr_iters=7 dr_ratio=0.5  exit=2  (0.0s)
2026-04-27 13:58:10  DEBUG     CMD  /home/ge.polymtl.ca/pahoa/random_stuff/poly_ai_project_pnp-ovss/.venv/bin/python /home/ge.polymtl.ca/pahoa/random_stuff/poly_ai_project_pnp-ovss/run_experiment.py --dataset chest_xray --model albef --spatial_type superpixel_slic --granularity 200 --dropout_iters 3 --dropout_ratio 0.1
2026-04-27 13:58:10  INFO        ▶ phase2 | chest_xray | albef | superpixel_slic g=200 dr_iters=3 dr_ratio=0.1
2026-04-27 13:58:10  ERROR       ✗ phase2 | chest_xray | albef | superpixel_slic g=200 dr_iters=3 dr_ratio=0.1  exit=2  (0.0s)
2026-04-27 13:58:10  DEBUG     CMD  /home/ge.polymtl.ca/pahoa/random_stuff/poly_ai_project_pnp-ovss/.venv/bin/python /home/ge.polymtl.ca/pahoa/random_stuff/poly_ai_project_pnp-ovss/run_experiment.py --dataset chest_xray --model albef --spatial_type superpixel_slic --granularity 200 --dropout_iters 3 --dropout_ratio 0.3
2026-04-27 13:58:10  INFO        ▶ phase2 | chest_xray | albef | superpixel_slic g=200 dr_iters=3 dr_ratio=0.3
2026-04-27 13:58:10  ERROR       ✗ phase2 | chest_xray | albef | superpixel_slic g=200 dr_iters=3 dr_ratio=0.3  exit=2  (0.0s)
2026-04-27 13:58:10  DEBUG     CMD  /home/ge.polymtl.ca/pahoa/random_stuff/poly_ai_project_pnp-ovss/.venv/bin/python /home/ge.polymtl.ca/pahoa/random_stuff/poly_ai_project_pnp-ovss/run_experiment.py --dataset chest_xray --model albef --spatial_type superpixel_slic --granularity 200 --dropout_iters 3 --dropout_ratio 0.5
2026-04-27 13:58:10  INFO        ▶ phase2 | chest_xray | albef | superpixel_slic g=200 dr_iters=3 dr_ratio=0.5
2026-04-27 13:58:10  ERROR       ✗ phase2 | chest_xray | albef | superpixel_slic g=200 dr_iters=3 dr_ratio=0.5  exit=2  (0.0s)
2026-04-27 13:58:10  DEBUG     CMD  /home/ge.polymtl.ca/pahoa/random_stuff/poly_ai_project_pnp-ovss/.venv/bin/python /home/ge.polymtl.ca/pahoa/random_stuff/poly_ai_project_pnp-ovss/run_experiment.py --dataset chest_xray --model albef --spatial_type superpixel_slic --granularity 200 --dropout_iters 5 --dropout_ratio 0.1
2026-04-27 13:58:10  INFO        ▶ phase2 | chest_xray | albef | superpixel_slic g=200 dr_iters=5 dr_ratio=0.1
2026-04-27 13:58:10  ERROR       ✗ phase2 | chest_xray | albef | superpixel_slic g=200 dr_iters=5 dr_ratio=0.1  exit=2  (0.0s)
2026-04-27 13:58:10  DEBUG     CMD  /home/ge.polymtl.ca/pahoa/random_stuff/poly_ai_project_pnp-ovss/.venv/bin/python /home/ge.polymtl.ca/pahoa/random_stuff/poly_ai_project_pnp-ovss/run_experiment.py --dataset chest_xray --model albef --spatial_type superpixel_slic --granularity 200 --dropout_iters 5 --dropout_ratio 0.3
2026-04-27 13:58:10  INFO        ▶ phase2 | chest_xray | albef | superpixel_slic g=200 dr_iters=5 dr_ratio=0.3
2026-04-27 13:58:10  ERROR       ✗ phase2 | chest_xray | albef | superpixel_slic g=200 dr_iters=5 dr_ratio=0.3  exit=2  (0.0s)
2026-04-27 13:58:10  DEBUG     CMD  /home/ge.polymtl.ca/pahoa/random_stuff/poly_ai_project_pnp-ovss/.venv/bin/python /home/ge.polymtl.ca/pahoa/random_stuff/poly_ai_project_pnp-ovss/run_experiment.py --dataset chest_xray --model albef --spatial_type superpixel_slic --granularity 200 --dropout_iters 5 --dropout_ratio 0.5
2026-04-27 13:58:10  INFO        ▶ phase2 | chest_xray | albef | superpixel_slic g=200 dr_iters=5 dr_ratio=0.5
2026-04-27 13:58:10  ERROR       ✗ phase2 | chest_xray | albef | superpixel_slic g=200 dr_iters=5 dr_ratio=0.5  exit=2  (0.0s)
2026-04-27 13:58:10  DEBUG     CMD  /home/ge.polymtl.ca/pahoa/random_stuff/poly_ai_project_pnp-ovss/.venv/bin/python /home/ge.polymtl.ca/pahoa/random_stuff/poly_ai_project_pnp-ovss/run_experiment.py --dataset chest_xray --model albef --spatial_type superpixel_slic --granularity 200 --dropout_iters 7 --dropout_ratio 0.1
2026-04-27 13:58:10  INFO        ▶ phase2 | chest_xray | albef | superpixel_slic g=200 dr_iters=7 dr_ratio=0.1
2026-04-27 13:58:10  ERROR       ✗ phase2 | chest_xray | albef | superpixel_slic g=200 dr_iters=7 dr_ratio=0.1  exit=2  (0.0s)
2026-04-27 13:58:10  DEBUG     CMD  /home/ge.polymtl.ca/pahoa/random_stuff/poly_ai_project_pnp-ovss/.venv/bin/python /home/ge.polymtl.ca/pahoa/random_stuff/poly_ai_project_pnp-ovss/run_experiment.py --dataset chest_xray --model albef --spatial_type superpixel_slic --granularity 200 --dropout_iters 7 --dropout_ratio 0.3
2026-04-27 13:58:10  INFO        ▶ phase2 | chest_xray | albef | superpixel_slic g=200 dr_iters=7 dr_ratio=0.3
2026-04-27 13:58:10  ERROR       ✗ phase2 | chest_xray | albef | superpixel_slic g=200 dr_iters=7 dr_ratio=0.3  exit=2  (0.0s)
2026-04-27 13:58:10  DEBUG     CMD  /home/ge.polymtl.ca/pahoa/random_stuff/poly_ai_project_pnp-ovss/.venv/bin/python /home/ge.polymtl.ca/pahoa/random_stuff/poly_ai_project_pnp-ovss/run_experiment.py --dataset chest_xray --model albef --spatial_type superpixel_slic --granularity 200 --dropout_iters 7 --dropout_ratio 0.5
2026-04-27 13:58:10  INFO        ▶ phase2 | chest_xray | albef | superpixel_slic g=200 dr_iters=7 dr_ratio=0.5
2026-04-27 13:58:10  ERROR       ✗ phase2 | chest_xray | albef | superpixel_slic g=200 dr_iters=7 dr_ratio=0.5  exit=2  (0.0s)
2026-04-27 13:58:10  DEBUG     CMD  /home/ge.polymtl.ca/pahoa/random_stuff/poly_ai_project_pnp-ovss/.venv/bin/python /home/ge.polymtl.ca/pahoa/random_stuff/poly_ai_project_pnp-ovss/run_experiment.py --dataset chest_xray --model albef --spatial_type superpixel_slic --granularity 300 --dropout_iters 3 --dropout_ratio 0.1
2026-04-27 13:58:10  INFO        ▶ phase2 | chest_xray | albef | superpixel_slic g=300 dr_iters=3 dr_ratio=0.1
2026-04-27 13:58:10  ERROR       ✗ phase2 | chest_xray | albef | superpixel_slic g=300 dr_iters=3 dr_ratio=0.1  exit=2  (0.0s)
2026-04-27 13:58:10  DEBUG     CMD  /home/ge.polymtl.ca/pahoa/random_stuff/poly_ai_project_pnp-ovss/.venv/bin/python /home/ge.polymtl.ca/pahoa/random_stuff/poly_ai_project_pnp-ovss/run_experiment.py --dataset chest_xray --model albef --spatial_type superpixel_slic --granularity 300 --dropout_iters 3 --dropout_ratio 0.3
2026-04-27 13:58:10  INFO        ▶ phase2 | chest_xray | albef | superpixel_slic g=300 dr_iters=3 dr_ratio=0.3
2026-04-27 13:58:10  ERROR       ✗ phase2 | chest_xray | albef | superpixel_slic g=300 dr_iters=3 dr_ratio=0.3  exit=2  (0.0s)
2026-04-27 13:58:10  DEBUG     CMD  /home/ge.polymtl.ca/pahoa/random_stuff/poly_ai_project_pnp-ovss/.venv/bin/python /home/ge.polymtl.ca/pahoa/random_stuff/poly_ai_project_pnp-ovss/run_experiment.py --dataset chest_xray --model albef --spatial_type superpixel_slic --granularity 300 --dropout_iters 3 --dropout_ratio 0.5
2026-04-27 13:58:10  INFO        ▶ phase2 | chest_xray | albef | superpixel_slic g=300 dr_iters=3 dr_ratio=0.5
2026-04-27 13:58:10  ERROR       ✗ phase2 | chest_xray | albef | superpixel_slic g=300 dr_iters=3 dr_ratio=0.5  exit=2  (0.0s)
2026-04-27 13:58:10  DEBUG     CMD  /home/ge.polymtl.ca/pahoa/random_stuff/poly_ai_project_pnp-ovss/.venv/bin/python /home/ge.polymtl.ca/pahoa/random_stuff/poly_ai_project_pnp-ovss/run_experiment.py --dataset chest_xray --model albef --spatial_type superpixel_slic --granularity 300 --dropout_iters 5 --dropout_ratio 0.1
2026-04-27 13:58:10  INFO        ▶ phase2 | chest_xray | albef | superpixel_slic g=300 dr_iters=5 dr_ratio=0.1
2026-04-27 13:58:10  ERROR       ✗ phase2 | chest_xray | albef | superpixel_slic g=300 dr_iters=5 dr_ratio=0.1  exit=2  (0.0s)
2026-04-27 13:58:10  DEBUG     CMD  /home/ge.polymtl.ca/pahoa/random_stuff/poly_ai_project_pnp-ovss/.venv/bin/python /home/ge.polymtl.ca/pahoa/random_stuff/poly_ai_project_pnp-ovss/run_experiment.py --dataset chest_xray --model albef --spatial_type superpixel_slic --granularity 300 --dropout_iters 5 --dropout_ratio 0.3
2026-04-27 13:58:10  INFO        ▶ phase2 | chest_xray | albef | superpixel_slic g=300 dr_iters=5 dr_ratio=0.3
2026-04-27 13:58:10  ERROR       ✗ phase2 | chest_xray | albef | superpixel_slic g=300 dr_iters=5 dr_ratio=0.3  exit=2  (0.0s)
2026-04-27 13:58:10  DEBUG     CMD  /home/ge.polymtl.ca/pahoa/random_stuff/poly_ai_project_pnp-ovss/.venv/bin/python /home/ge.polymtl.ca/pahoa/random_stuff/poly_ai_project_pnp-ovss/run_experiment.py --dataset chest_xray --model albef --spatial_type superpixel_slic --granularity 300 --dropout_iters 5 --dropout_ratio 0.5
2026-04-27 13:58:10  INFO        ▶ phase2 | chest_xray | albef | superpixel_slic g=300 dr_iters=5 dr_ratio=0.5
2026-04-27 13:58:10  ERROR       ✗ phase2 | chest_xray | albef | superpixel_slic g=300 dr_iters=5 dr_ratio=0.5  exit=2  (0.0s)
2026-04-27 13:58:10  DEBUG     CMD  /home/ge.polymtl.ca/pahoa/random_stuff/poly_ai_project_pnp-ovss/.venv/bin/python /home/ge.polymtl.ca/pahoa/random_stuff/poly_ai_project_pnp-ovss/run_experiment.py --dataset chest_xray --model albef --spatial_type superpixel_slic --granularity 300 --dropout_iters 7 --dropout_ratio 0.1
2026-04-27 13:58:10  INFO        ▶ phase2 | chest_xray | albef | superpixel_slic g=300 dr_iters=7 dr_ratio=0.1
2026-04-27 13:58:10  ERROR       ✗ phase2 | chest_xray | albef | superpixel_slic g=300 dr_iters=7 dr_ratio=0.1  exit=2  (0.0s)
2026-04-27 13:58:10  DEBUG     CMD  /home/ge.polymtl.ca/pahoa/random_stuff/poly_ai_project_pnp-ovss/.venv/bin/python /home/ge.polymtl.ca/pahoa/random_stuff/poly_ai_project_pnp-ovss/run_experiment.py --dataset chest_xray --model albef --spatial_type superpixel_slic --granularity 300 --dropout_iters 7 --dropout_ratio 0.3
2026-04-27 13:58:10  INFO        ▶ phase2 | chest_xray | albef | superpixel_slic g=300 dr_iters=7 dr_ratio=0.3
2026-04-27 13:58:10  ERROR       ✗ phase2 | chest_xray | albef | superpixel_slic g=300 dr_iters=7 dr_ratio=0.3  exit=2  (0.0s)
2026-04-27 13:58:10  DEBUG     CMD  /home/ge.polymtl.ca/pahoa/random_stuff/poly_ai_project_pnp-ovss/.venv/bin/python /home/ge.polymtl.ca/pahoa/random_stuff/poly_ai_project_pnp-ovss/run_experiment.py --dataset chest_xray --model albef --spatial_type superpixel_slic --granularity 300 --dropout_iters 7 --dropout_ratio 0.5
2026-04-27 13:58:10  INFO        ▶ phase2 | chest_xray | albef | superpixel_slic g=300 dr_iters=7 dr_ratio=0.5
2026-04-27 13:58:10  ERROR       ✗ phase2 | chest_xray | albef | superpixel_slic g=300 dr_iters=7 dr_ratio=0.5  exit=2  (0.0s)
2026-04-27 13:58:10  INFO        Phase 2 done  ok=0  fail=45
2026-04-27 13:58:10  INFO        ── Phase 3 ──
2026-04-27 13:58:10  DEBUG     CMD  /home/ge.polymtl.ca/pahoa/random_stuff/poly_ai_project_pnp-ovss/.venv/bin/python /home/ge.polymtl.ca/pahoa/random_stuff/poly_ai_project_pnp-ovss/run_experiment.py --dataset chest_xray --model albef --tuning_metric zero_shot_heuristic
2026-04-27 13:58:10  INFO        ▶ phase3 | chest_xray | albef | metric=zero_shot_heuristic
2026-04-27 13:58:10  ERROR       ✗ phase3 | chest_xray | albef | metric=zero_shot_heuristic  exit=2  (0.0s)
2026-04-27 13:58:10  DEBUG     CMD  /home/ge.polymtl.ca/pahoa/random_stuff/poly_ai_project_pnp-ovss/.venv/bin/python /home/ge.polymtl.ca/pahoa/random_stuff/poly_ai_project_pnp-ovss/run_experiment.py --dataset chest_xray --model albef --tuning_metric supervised_mdice
2026-04-27 13:58:10  INFO        ▶ phase3 | chest_xray | albef | metric=supervised_mdice
2026-04-27 13:58:10  ERROR       ✗ phase3 | chest_xray | albef | metric=supervised_mdice  exit=2  (0.0s)
2026-04-27 13:58:10  INFO        Phase 3 done  ok=0  fail=2
2026-04-27 13:58:10  INFO        ── Phase 4 ──
2026-04-27 13:58:10  DEBUG     CMD  /home/ge.polymtl.ca/pahoa/random_stuff/poly_ai_project_pnp-ovss/.venv/bin/python /home/ge.polymtl.ca/pahoa/random_stuff/poly_ai_project_pnp-ovss/run_experiment.py --run_final_eval True --dataset chest_xray --model albef
2026-04-27 13:58:10  INFO        ▶ phase4 | chest_xray | albef
2026-04-27 13:58:10  ERROR       ✗ phase4 | chest_xray | albef  exit=2  (0.0s)
2026-04-27 13:58:10  INFO        Phase 4 done  ok=0  fail=1
2026-04-27 13:58:10  INFO      
2026-04-27 13:58:10  INFO      Total wall time: 3.2s (0.1 min)
2026-04-27 13:58:10  INFO      
2026-04-27 13:58:10  INFO      ========================================================================
2026-04-27 13:58:10  INFO        MACRO-MACRO RUN — FINAL SUMMARY
2026-04-27 13:58:10  INFO      ========================================================================
2026-04-27 13:58:10  INFO        ✗  Phase 1 | pascal_voc      | blip          ok=0  fail=1
2026-04-27 13:58:10  INFO             FAILED: phase1 | pascal_voc | blip
2026-04-27 13:58:10  INFO        ✗  Phase 2 | pascal_voc      | blip          ok=0  fail=45
2026-04-27 13:58:10  INFO             FAILED: phase2 | pascal_voc | blip | grid g=16 dr_iters=3 dr_ratio=0.1
2026-04-27 13:58:10  INFO             FAILED: phase2 | pascal_voc | blip | grid g=16 dr_iters=3 dr_ratio=0.3
2026-04-27 13:58:10  INFO             FAILED: phase2 | pascal_voc | blip | grid g=16 dr_iters=3 dr_ratio=0.5
2026-04-27 13:58:10  INFO             FAILED: phase2 | pascal_voc | blip | grid g=16 dr_iters=5 dr_ratio=0.1
2026-04-27 13:58:10  INFO             FAILED: phase2 | pascal_voc | blip | grid g=16 dr_iters=5 dr_ratio=0.3
2026-04-27 13:58:10  INFO             FAILED: phase2 | pascal_voc | blip | grid g=16 dr_iters=5 dr_ratio=0.5
2026-04-27 13:58:10  INFO             FAILED: phase2 | pascal_voc | blip | grid g=16 dr_iters=7 dr_ratio=0.1
2026-04-27 13:58:10  INFO             FAILED: phase2 | pascal_voc | blip | grid g=16 dr_iters=7 dr_ratio=0.3
2026-04-27 13:58:10  INFO             FAILED: phase2 | pascal_voc | blip | grid g=16 dr_iters=7 dr_ratio=0.5
2026-04-27 13:58:10  INFO             FAILED: phase2 | pascal_voc | blip | grid g=32 dr_iters=3 dr_ratio=0.1
2026-04-27 13:58:10  INFO             FAILED: phase2 | pascal_voc | blip | grid g=32 dr_iters=3 dr_ratio=0.3
2026-04-27 13:58:10  INFO             FAILED: phase2 | pascal_voc | blip | grid g=32 dr_iters=3 dr_ratio=0.5
2026-04-27 13:58:10  INFO             FAILED: phase2 | pascal_voc | blip | grid g=32 dr_iters=5 dr_ratio=0.1
2026-04-27 13:58:10  INFO             FAILED: phase2 | pascal_voc | blip | grid g=32 dr_iters=5 dr_ratio=0.3
2026-04-27 13:58:10  INFO             FAILED: phase2 | pascal_voc | blip | grid g=32 dr_iters=5 dr_ratio=0.5
2026-04-27 13:58:10  INFO             FAILED: phase2 | pascal_voc | blip | grid g=32 dr_iters=7 dr_ratio=0.1
2026-04-27 13:58:10  INFO             FAILED: phase2 | pascal_voc | blip | grid g=32 dr_iters=7 dr_ratio=0.3
2026-04-27 13:58:10  INFO             FAILED: phase2 | pascal_voc | blip | grid g=32 dr_iters=7 dr_ratio=0.5
2026-04-27 13:58:10  INFO             FAILED: phase2 | pascal_voc | blip | superpixel_slic g=100 dr_iters=3 dr_ratio=0.1
2026-04-27 13:58:10  INFO             FAILED: phase2 | pascal_voc | blip | superpixel_slic g=100 dr_iters=3 dr_ratio=0.3
2026-04-27 13:58:10  INFO             FAILED: phase2 | pascal_voc | blip | superpixel_slic g=100 dr_iters=3 dr_ratio=0.5
2026-04-27 13:58:10  INFO             FAILED: phase2 | pascal_voc | blip | superpixel_slic g=100 dr_iters=5 dr_ratio=0.1
2026-04-27 13:58:10  INFO             FAILED: phase2 | pascal_voc | blip | superpixel_slic g=100 dr_iters=5 dr_ratio=0.3
2026-04-27 13:58:10  INFO             FAILED: phase2 | pascal_voc | blip | superpixel_slic g=100 dr_iters=5 dr_ratio=0.5
2026-04-27 13:58:10  INFO             FAILED: phase2 | pascal_voc | blip | superpixel_slic g=100 dr_iters=7 dr_ratio=0.1
2026-04-27 13:58:10  INFO             FAILED: phase2 | pascal_voc | blip | superpixel_slic g=100 dr_iters=7 dr_ratio=0.3
2026-04-27 13:58:10  INFO             FAILED: phase2 | pascal_voc | blip | superpixel_slic g=100 dr_iters=7 dr_ratio=0.5
2026-04-27 13:58:10  INFO             FAILED: phase2 | pascal_voc | blip | superpixel_slic g=200 dr_iters=3 dr_ratio=0.1
2026-04-27 13:58:10  INFO             FAILED: phase2 | pascal_voc | blip | superpixel_slic g=200 dr_iters=3 dr_ratio=0.3
2026-04-27 13:58:10  INFO             FAILED: phase2 | pascal_voc | blip | superpixel_slic g=200 dr_iters=3 dr_ratio=0.5
2026-04-27 13:58:10  INFO             FAILED: phase2 | pascal_voc | blip | superpixel_slic g=200 dr_iters=5 dr_ratio=0.1
2026-04-27 13:58:10  INFO             FAILED: phase2 | pascal_voc | blip | superpixel_slic g=200 dr_iters=5 dr_ratio=0.3
2026-04-27 13:58:10  INFO             FAILED: phase2 | pascal_voc | blip | superpixel_slic g=200 dr_iters=5 dr_ratio=0.5
2026-04-27 13:58:10  INFO             FAILED: phase2 | pascal_voc | blip | superpixel_slic g=200 dr_iters=7 dr_ratio=0.1
2026-04-27 13:58:10  INFO             FAILED: phase2 | pascal_voc | blip | superpixel_slic g=200 dr_iters=7 dr_ratio=0.3
2026-04-27 13:58:10  INFO             FAILED: phase2 | pascal_voc | blip | superpixel_slic g=200 dr_iters=7 dr_ratio=0.5
2026-04-27 13:58:10  INFO             FAILED: phase2 | pascal_voc | blip | superpixel_slic g=300 dr_iters=3 dr_ratio=0.1
2026-04-27 13:58:10  INFO             FAILED: phase2 | pascal_voc | blip | superpixel_slic g=300 dr_iters=3 dr_ratio=0.3
2026-04-27 13:58:10  INFO             FAILED: phase2 | pascal_voc | blip | superpixel_slic g=300 dr_iters=3 dr_ratio=0.5
2026-04-27 13:58:10  INFO             FAILED: phase2 | pascal_voc | blip | superpixel_slic g=300 dr_iters=5 dr_ratio=0.1
2026-04-27 13:58:10  INFO             FAILED: phase2 | pascal_voc | blip | superpixel_slic g=300 dr_iters=5 dr_ratio=0.3
2026-04-27 13:58:10  INFO             FAILED: phase2 | pascal_voc | blip | superpixel_slic g=300 dr_iters=5 dr_ratio=0.5
2026-04-27 13:58:10  INFO             FAILED: phase2 | pascal_voc | blip | superpixel_slic g=300 dr_iters=7 dr_ratio=0.1
2026-04-27 13:58:10  INFO             FAILED: phase2 | pascal_voc | blip | superpixel_slic g=300 dr_iters=7 dr_ratio=0.3
2026-04-27 13:58:10  INFO             FAILED: phase2 | pascal_voc | blip | superpixel_slic g=300 dr_iters=7 dr_ratio=0.5
2026-04-27 13:58:10  INFO        ✗  Phase 3 | pascal_voc      | blip          ok=0  fail=2
2026-04-27 13:58:10  INFO             FAILED: phase3 | pascal_voc | blip | metric=zero_shot_heuristic
2026-04-27 13:58:10  INFO             FAILED: phase3 | pascal_voc | blip | metric=supervised_mdice
2026-04-27 13:58:10  INFO        ✗  Phase 4 | pascal_voc      | blip          ok=0  fail=1
2026-04-27 13:58:10  INFO             FAILED: phase4 | pascal_voc | blip
2026-04-27 13:58:10  INFO        ✗  Phase 1 | pascal_voc      | bridgetower   ok=0  fail=1
2026-04-27 13:58:10  INFO             FAILED: phase1 | pascal_voc | bridgetower
2026-04-27 13:58:10  INFO        ✗  Phase 2 | pascal_voc      | bridgetower   ok=0  fail=45
2026-04-27 13:58:10  INFO             FAILED: phase2 | pascal_voc | bridgetower | grid g=16 dr_iters=3 dr_ratio=0.1
2026-04-27 13:58:10  INFO             FAILED: phase2 | pascal_voc | bridgetower | grid g=16 dr_iters=3 dr_ratio=0.3
2026-04-27 13:58:10  INFO             FAILED: phase2 | pascal_voc | bridgetower | grid g=16 dr_iters=3 dr_ratio=0.5
2026-04-27 13:58:10  INFO             FAILED: phase2 | pascal_voc | bridgetower | grid g=16 dr_iters=5 dr_ratio=0.1
2026-04-27 13:58:10  INFO             FAILED: phase2 | pascal_voc | bridgetower | grid g=16 dr_iters=5 dr_ratio=0.3
2026-04-27 13:58:10  INFO             FAILED: phase2 | pascal_voc | bridgetower | grid g=16 dr_iters=5 dr_ratio=0.5
2026-04-27 13:58:10  INFO             FAILED: phase2 | pascal_voc | bridgetower | grid g=16 dr_iters=7 dr_ratio=0.1
2026-04-27 13:58:10  INFO             FAILED: phase2 | pascal_voc | bridgetower | grid g=16 dr_iters=7 dr_ratio=0.3
2026-04-27 13:58:10  INFO             FAILED: phase2 | pascal_voc | bridgetower | grid g=16 dr_iters=7 dr_ratio=0.5
2026-04-27 13:58:10  INFO             FAILED: phase2 | pascal_voc | bridgetower | grid g=32 dr_iters=3 dr_ratio=0.1
2026-04-27 13:58:10  INFO             FAILED: phase2 | pascal_voc | bridgetower | grid g=32 dr_iters=3 dr_ratio=0.3
2026-04-27 13:58:10  INFO             FAILED: phase2 | pascal_voc | bridgetower | grid g=32 dr_iters=3 dr_ratio=0.5
2026-04-27 13:58:10  INFO             FAILED: phase2 | pascal_voc | bridgetower | grid g=32 dr_iters=5 dr_ratio=0.1
2026-04-27 13:58:10  INFO             FAILED: phase2 | pascal_voc | bridgetower | grid g=32 dr_iters=5 dr_ratio=0.3
2026-04-27 13:58:10  INFO             FAILED: phase2 | pascal_voc | bridgetower | grid g=32 dr_iters=5 dr_ratio=0.5
2026-04-27 13:58:10  INFO             FAILED: phase2 | pascal_voc | bridgetower | grid g=32 dr_iters=7 dr_ratio=0.1
2026-04-27 13:58:10  INFO             FAILED: phase2 | pascal_voc | bridgetower | grid g=32 dr_iters=7 dr_ratio=0.3
2026-04-27 13:58:10  INFO             FAILED: phase2 | pascal_voc | bridgetower | grid g=32 dr_iters=7 dr_ratio=0.5
2026-04-27 13:58:10  INFO             FAILED: phase2 | pascal_voc | bridgetower | superpixel_slic g=100 dr_iters=3 dr_ratio=0.1
2026-04-27 13:58:10  INFO             FAILED: phase2 | pascal_voc | bridgetower | superpixel_slic g=100 dr_iters=3 dr_ratio=0.3
2026-04-27 13:58:10  INFO             FAILED: phase2 | pascal_voc | bridgetower | superpixel_slic g=100 dr_iters=3 dr_ratio=0.5
2026-04-27 13:58:10  INFO             FAILED: phase2 | pascal_voc | bridgetower | superpixel_slic g=100 dr_iters=5 dr_ratio=0.1
2026-04-27 13:58:10  INFO             FAILED: phase2 | pascal_voc | bridgetower | superpixel_slic g=100 dr_iters=5 dr_ratio=0.3
2026-04-27 13:58:10  INFO             FAILED: phase2 | pascal_voc | bridgetower | superpixel_slic g=100 dr_iters=5 dr_ratio=0.5
2026-04-27 13:58:10  INFO             FAILED: phase2 | pascal_voc | bridgetower | superpixel_slic g=100 dr_iters=7 dr_ratio=0.1
2026-04-27 13:58:10  INFO             FAILED: phase2 | pascal_voc | bridgetower | superpixel_slic g=100 dr_iters=7 dr_ratio=0.3
2026-04-27 13:58:10  INFO             FAILED: phase2 | pascal_voc | bridgetower | superpixel_slic g=100 dr_iters=7 dr_ratio=0.5
2026-04-27 13:58:10  INFO             FAILED: phase2 | pascal_voc | bridgetower | superpixel_slic g=200 dr_iters=3 dr_ratio=0.1
2026-04-27 13:58:10  INFO             FAILED: phase2 | pascal_voc | bridgetower | superpixel_slic g=200 dr_iters=3 dr_ratio=0.3
2026-04-27 13:58:10  INFO             FAILED: phase2 | pascal_voc | bridgetower | superpixel_slic g=200 dr_iters=3 dr_ratio=0.5
2026-04-27 13:58:10  INFO             FAILED: phase2 | pascal_voc | bridgetower | superpixel_slic g=200 dr_iters=5 dr_ratio=0.1
2026-04-27 13:58:10  INFO             FAILED: phase2 | pascal_voc | bridgetower | superpixel_slic g=200 dr_iters=5 dr_ratio=0.3
2026-04-27 13:58:10  INFO             FAILED: phase2 | pascal_voc | bridgetower | superpixel_slic g=200 dr_iters=5 dr_ratio=0.5
2026-04-27 13:58:10  INFO             FAILED: phase2 | pascal_voc | bridgetower | superpixel_slic g=200 dr_iters=7 dr_ratio=0.1
2026-04-27 13:58:10  INFO             FAILED: phase2 | pascal_voc | bridgetower | superpixel_slic g=200 dr_iters=7 dr_ratio=0.3
2026-04-27 13:58:10  INFO             FAILED: phase2 | pascal_voc | bridgetower | superpixel_slic g=200 dr_iters=7 dr_ratio=0.5
2026-04-27 13:58:10  INFO             FAILED: phase2 | pascal_voc | bridgetower | superpixel_slic g=300 dr_iters=3 dr_ratio=0.1
2026-04-27 13:58:10  INFO             FAILED: phase2 | pascal_voc | bridgetower | superpixel_slic g=300 dr_iters=3 dr_ratio=0.3
2026-04-27 13:58:10  INFO             FAILED: phase2 | pascal_voc | bridgetower | superpixel_slic g=300 dr_iters=3 dr_ratio=0.5
2026-04-27 13:58:10  INFO             FAILED: phase2 | pascal_voc | bridgetower | superpixel_slic g=300 dr_iters=5 dr_ratio=0.1
2026-04-27 13:58:10  INFO             FAILED: phase2 | pascal_voc | bridgetower | superpixel_slic g=300 dr_iters=5 dr_ratio=0.3
2026-04-27 13:58:10  INFO             FAILED: phase2 | pascal_voc | bridgetower | superpixel_slic g=300 dr_iters=5 dr_ratio=0.5
2026-04-27 13:58:10  INFO             FAILED: phase2 | pascal_voc | bridgetower | superpixel_slic g=300 dr_iters=7 dr_ratio=0.1
2026-04-27 13:58:10  INFO             FAILED: phase2 | pascal_voc | bridgetower | superpixel_slic g=300 dr_iters=7 dr_ratio=0.3
2026-04-27 13:58:10  INFO             FAILED: phase2 | pascal_voc | bridgetower | superpixel_slic g=300 dr_iters=7 dr_ratio=0.5
2026-04-27 13:58:10  INFO        ✗  Phase 3 | pascal_voc      | bridgetower   ok=0  fail=2
2026-04-27 13:58:10  INFO             FAILED: phase3 | pascal_voc | bridgetower | metric=zero_shot_heuristic
2026-04-27 13:58:10  INFO             FAILED: phase3 | pascal_voc | bridgetower | metric=supervised_mdice
2026-04-27 13:58:10  INFO        ✗  Phase 4 | pascal_voc      | bridgetower   ok=0  fail=1
2026-04-27 13:58:10  INFO             FAILED: phase4 | pascal_voc | bridgetower
2026-04-27 13:58:10  INFO        ✗  Phase 1 | pascal_voc      | albef         ok=0  fail=1
2026-04-27 13:58:10  INFO             FAILED: phase1 | pascal_voc | albef
2026-04-27 13:58:10  INFO        ✗  Phase 2 | pascal_voc      | albef         ok=0  fail=45
2026-04-27 13:58:10  INFO             FAILED: phase2 | pascal_voc | albef | grid g=16 dr_iters=3 dr_ratio=0.1
2026-04-27 13:58:10  INFO             FAILED: phase2 | pascal_voc | albef | grid g=16 dr_iters=3 dr_ratio=0.3
2026-04-27 13:58:10  INFO             FAILED: phase2 | pascal_voc | albef | grid g=16 dr_iters=3 dr_ratio=0.5
2026-04-27 13:58:10  INFO             FAILED: phase2 | pascal_voc | albef | grid g=16 dr_iters=5 dr_ratio=0.1
2026-04-27 13:58:10  INFO             FAILED: phase2 | pascal_voc | albef | grid g=16 dr_iters=5 dr_ratio=0.3
2026-04-27 13:58:10  INFO             FAILED: phase2 | pascal_voc | albef | grid g=16 dr_iters=5 dr_ratio=0.5
2026-04-27 13:58:10  INFO             FAILED: phase2 | pascal_voc | albef | grid g=16 dr_iters=7 dr_ratio=0.1
2026-04-27 13:58:10  INFO             FAILED: phase2 | pascal_voc | albef | grid g=16 dr_iters=7 dr_ratio=0.3
2026-04-27 13:58:10  INFO             FAILED: phase2 | pascal_voc | albef | grid g=16 dr_iters=7 dr_ratio=0.5
2026-04-27 13:58:10  INFO             FAILED: phase2 | pascal_voc | albef | grid g=32 dr_iters=3 dr_ratio=0.1
2026-04-27 13:58:10  INFO             FAILED: phase2 | pascal_voc | albef | grid g=32 dr_iters=3 dr_ratio=0.3
2026-04-27 13:58:10  INFO             FAILED: phase2 | pascal_voc | albef | grid g=32 dr_iters=3 dr_ratio=0.5
2026-04-27 13:58:10  INFO             FAILED: phase2 | pascal_voc | albef | grid g=32 dr_iters=5 dr_ratio=0.1
2026-04-27 13:58:10  INFO             FAILED: phase2 | pascal_voc | albef | grid g=32 dr_iters=5 dr_ratio=0.3
2026-04-27 13:58:10  INFO             FAILED: phase2 | pascal_voc | albef | grid g=32 dr_iters=5 dr_ratio=0.5
2026-04-27 13:58:10  INFO             FAILED: phase2 | pascal_voc | albef | grid g=32 dr_iters=7 dr_ratio=0.1
2026-04-27 13:58:10  INFO             FAILED: phase2 | pascal_voc | albef | grid g=32 dr_iters=7 dr_ratio=0.3
2026-04-27 13:58:10  INFO             FAILED: phase2 | pascal_voc | albef | grid g=32 dr_iters=7 dr_ratio=0.5
2026-04-27 13:58:10  INFO             FAILED: phase2 | pascal_voc | albef | superpixel_slic g=100 dr_iters=3 dr_ratio=0.1
2026-04-27 13:58:10  INFO             FAILED: phase2 | pascal_voc | albef | superpixel_slic g=100 dr_iters=3 dr_ratio=0.3
2026-04-27 13:58:10  INFO             FAILED: phase2 | pascal_voc | albef | superpixel_slic g=100 dr_iters=3 dr_ratio=0.5
2026-04-27 13:58:10  INFO             FAILED: phase2 | pascal_voc | albef | superpixel_slic g=100 dr_iters=5 dr_ratio=0.1
2026-04-27 13:58:10  INFO             FAILED: phase2 | pascal_voc | albef | superpixel_slic g=100 dr_iters=5 dr_ratio=0.3
2026-04-27 13:58:10  INFO             FAILED: phase2 | pascal_voc | albef | superpixel_slic g=100 dr_iters=5 dr_ratio=0.5
2026-04-27 13:58:10  INFO             FAILED: phase2 | pascal_voc | albef | superpixel_slic g=100 dr_iters=7 dr_ratio=0.1
2026-04-27 13:58:10  INFO             FAILED: phase2 | pascal_voc | albef | superpixel_slic g=100 dr_iters=7 dr_ratio=0.3
2026-04-27 13:58:10  INFO             FAILED: phase2 | pascal_voc | albef | superpixel_slic g=100 dr_iters=7 dr_ratio=0.5
2026-04-27 13:58:10  INFO             FAILED: phase2 | pascal_voc | albef | superpixel_slic g=200 dr_iters=3 dr_ratio=0.1
2026-04-27 13:58:10  INFO             FAILED: phase2 | pascal_voc | albef | superpixel_slic g=200 dr_iters=3 dr_ratio=0.3
2026-04-27 13:58:10  INFO             FAILED: phase2 | pascal_voc | albef | superpixel_slic g=200 dr_iters=3 dr_ratio=0.5
2026-04-27 13:58:10  INFO             FAILED: phase2 | pascal_voc | albef | superpixel_slic g=200 dr_iters=5 dr_ratio=0.1
2026-04-27 13:58:10  INFO             FAILED: phase2 | pascal_voc | albef | superpixel_slic g=200 dr_iters=5 dr_ratio=0.3
2026-04-27 13:58:10  INFO             FAILED: phase2 | pascal_voc | albef | superpixel_slic g=200 dr_iters=5 dr_ratio=0.5
2026-04-27 13:58:10  INFO             FAILED: phase2 | pascal_voc | albef | superpixel_slic g=200 dr_iters=7 dr_ratio=0.1
2026-04-27 13:58:10  INFO             FAILED: phase2 | pascal_voc | albef | superpixel_slic g=200 dr_iters=7 dr_ratio=0.3
2026-04-27 13:58:10  INFO             FAILED: phase2 | pascal_voc | albef | superpixel_slic g=200 dr_iters=7 dr_ratio=0.5
2026-04-27 13:58:10  INFO             FAILED: phase2 | pascal_voc | albef | superpixel_slic g=300 dr_iters=3 dr_ratio=0.1
2026-04-27 13:58:10  INFO             FAILED: phase2 | pascal_voc | albef | superpixel_slic g=300 dr_iters=3 dr_ratio=0.3
2026-04-27 13:58:10  INFO             FAILED: phase2 | pascal_voc | albef | superpixel_slic g=300 dr_iters=3 dr_ratio=0.5
2026-04-27 13:58:10  INFO             FAILED: phase2 | pascal_voc | albef | superpixel_slic g=300 dr_iters=5 dr_ratio=0.1
2026-04-27 13:58:10  INFO             FAILED: phase2 | pascal_voc | albef | superpixel_slic g=300 dr_iters=5 dr_ratio=0.3
2026-04-27 13:58:10  INFO             FAILED: phase2 | pascal_voc | albef | superpixel_slic g=300 dr_iters=5 dr_ratio=0.5
2026-04-27 13:58:10  INFO             FAILED: phase2 | pascal_voc | albef | superpixel_slic g=300 dr_iters=7 dr_ratio=0.1
2026-04-27 13:58:10  INFO             FAILED: phase2 | pascal_voc | albef | superpixel_slic g=300 dr_iters=7 dr_ratio=0.3
2026-04-27 13:58:10  INFO             FAILED: phase2 | pascal_voc | albef | superpixel_slic g=300 dr_iters=7 dr_ratio=0.5
2026-04-27 13:58:10  INFO        ✗  Phase 3 | pascal_voc      | albef         ok=0  fail=2
2026-04-27 13:58:10  INFO             FAILED: phase3 | pascal_voc | albef | metric=zero_shot_heuristic
2026-04-27 13:58:10  INFO             FAILED: phase3 | pascal_voc | albef | metric=supervised_mdice
2026-04-27 13:58:10  INFO        ✗  Phase 4 | pascal_voc      | albef         ok=0  fail=1
2026-04-27 13:58:10  INFO             FAILED: phase4 | pascal_voc | albef
2026-04-27 13:58:10  INFO        ✗  Phase 1 | chest_xray      | blip          ok=0  fail=1
2026-04-27 13:58:10  INFO             FAILED: phase1 | chest_xray | blip
2026-04-27 13:58:10  INFO        ✗  Phase 2 | chest_xray      | blip          ok=0  fail=45
2026-04-27 13:58:10  INFO             FAILED: phase2 | chest_xray | blip | grid g=16 dr_iters=3 dr_ratio=0.1
2026-04-27 13:58:10  INFO             FAILED: phase2 | chest_xray | blip | grid g=16 dr_iters=3 dr_ratio=0.3
2026-04-27 13:58:10  INFO             FAILED: phase2 | chest_xray | blip | grid g=16 dr_iters=3 dr_ratio=0.5
2026-04-27 13:58:10  INFO             FAILED: phase2 | chest_xray | blip | grid g=16 dr_iters=5 dr_ratio=0.1
2026-04-27 13:58:10  INFO             FAILED: phase2 | chest_xray | blip | grid g=16 dr_iters=5 dr_ratio=0.3
2026-04-27 13:58:10  INFO             FAILED: phase2 | chest_xray | blip | grid g=16 dr_iters=5 dr_ratio=0.5
2026-04-27 13:58:10  INFO             FAILED: phase2 | chest_xray | blip | grid g=16 dr_iters=7 dr_ratio=0.1
2026-04-27 13:58:10  INFO             FAILED: phase2 | chest_xray | blip | grid g=16 dr_iters=7 dr_ratio=0.3
2026-04-27 13:58:10  INFO             FAILED: phase2 | chest_xray | blip | grid g=16 dr_iters=7 dr_ratio=0.5
2026-04-27 13:58:10  INFO             FAILED: phase2 | chest_xray | blip | grid g=32 dr_iters=3 dr_ratio=0.1
2026-04-27 13:58:10  INFO             FAILED: phase2 | chest_xray | blip | grid g=32 dr_iters=3 dr_ratio=0.3
2026-04-27 13:58:10  INFO             FAILED: phase2 | chest_xray | blip | grid g=32 dr_iters=3 dr_ratio=0.5
2026-04-27 13:58:10  INFO             FAILED: phase2 | chest_xray | blip | grid g=32 dr_iters=5 dr_ratio=0.1
2026-04-27 13:58:10  INFO             FAILED: phase2 | chest_xray | blip | grid g=32 dr_iters=5 dr_ratio=0.3
2026-04-27 13:58:10  INFO             FAILED: phase2 | chest_xray | blip | grid g=32 dr_iters=5 dr_ratio=0.5
2026-04-27 13:58:10  INFO             FAILED: phase2 | chest_xray | blip | grid g=32 dr_iters=7 dr_ratio=0.1
2026-04-27 13:58:10  INFO             FAILED: phase2 | chest_xray | blip | grid g=32 dr_iters=7 dr_ratio=0.3
2026-04-27 13:58:10  INFO             FAILED: phase2 | chest_xray | blip | grid g=32 dr_iters=7 dr_ratio=0.5
2026-04-27 13:58:10  INFO             FAILED: phase2 | chest_xray | blip | superpixel_slic g=100 dr_iters=3 dr_ratio=0.1
2026-04-27 13:58:10  INFO             FAILED: phase2 | chest_xray | blip | superpixel_slic g=100 dr_iters=3 dr_ratio=0.3
2026-04-27 13:58:10  INFO             FAILED: phase2 | chest_xray | blip | superpixel_slic g=100 dr_iters=3 dr_ratio=0.5
2026-04-27 13:58:10  INFO             FAILED: phase2 | chest_xray | blip | superpixel_slic g=100 dr_iters=5 dr_ratio=0.1
2026-04-27 13:58:10  INFO             FAILED: phase2 | chest_xray | blip | superpixel_slic g=100 dr_iters=5 dr_ratio=0.3
2026-04-27 13:58:10  INFO             FAILED: phase2 | chest_xray | blip | superpixel_slic g=100 dr_iters=5 dr_ratio=0.5
2026-04-27 13:58:10  INFO             FAILED: phase2 | chest_xray | blip | superpixel_slic g=100 dr_iters=7 dr_ratio=0.1
2026-04-27 13:58:10  INFO             FAILED: phase2 | chest_xray | blip | superpixel_slic g=100 dr_iters=7 dr_ratio=0.3
2026-04-27 13:58:10  INFO             FAILED: phase2 | chest_xray | blip | superpixel_slic g=100 dr_iters=7 dr_ratio=0.5
2026-04-27 13:58:10  INFO             FAILED: phase2 | chest_xray | blip | superpixel_slic g=200 dr_iters=3 dr_ratio=0.1
2026-04-27 13:58:10  INFO             FAILED: phase2 | chest_xray | blip | superpixel_slic g=200 dr_iters=3 dr_ratio=0.3
2026-04-27 13:58:10  INFO             FAILED: phase2 | chest_xray | blip | superpixel_slic g=200 dr_iters=3 dr_ratio=0.5
2026-04-27 13:58:10  INFO             FAILED: phase2 | chest_xray | blip | superpixel_slic g=200 dr_iters=5 dr_ratio=0.1
2026-04-27 13:58:10  INFO             FAILED: phase2 | chest_xray | blip | superpixel_slic g=200 dr_iters=5 dr_ratio=0.3
2026-04-27 13:58:10  INFO             FAILED: phase2 | chest_xray | blip | superpixel_slic g=200 dr_iters=5 dr_ratio=0.5
2026-04-27 13:58:10  INFO             FAILED: phase2 | chest_xray | blip | superpixel_slic g=200 dr_iters=7 dr_ratio=0.1
2026-04-27 13:58:10  INFO             FAILED: phase2 | chest_xray | blip | superpixel_slic g=200 dr_iters=7 dr_ratio=0.3
2026-04-27 13:58:10  INFO             FAILED: phase2 | chest_xray | blip | superpixel_slic g=200 dr_iters=7 dr_ratio=0.5
2026-04-27 13:58:10  INFO             FAILED: phase2 | chest_xray | blip | superpixel_slic g=300 dr_iters=3 dr_ratio=0.1
2026-04-27 13:58:10  INFO             FAILED: phase2 | chest_xray | blip | superpixel_slic g=300 dr_iters=3 dr_ratio=0.3
2026-04-27 13:58:10  INFO             FAILED: phase2 | chest_xray | blip | superpixel_slic g=300 dr_iters=3 dr_ratio=0.5
2026-04-27 13:58:10  INFO             FAILED: phase2 | chest_xray | blip | superpixel_slic g=300 dr_iters=5 dr_ratio=0.1
2026-04-27 13:58:10  INFO             FAILED: phase2 | chest_xray | blip | superpixel_slic g=300 dr_iters=5 dr_ratio=0.3
2026-04-27 13:58:10  INFO             FAILED: phase2 | chest_xray | blip | superpixel_slic g=300 dr_iters=5 dr_ratio=0.5
2026-04-27 13:58:10  INFO             FAILED: phase2 | chest_xray | blip | superpixel_slic g=300 dr_iters=7 dr_ratio=0.1
2026-04-27 13:58:10  INFO             FAILED: phase2 | chest_xray | blip | superpixel_slic g=300 dr_iters=7 dr_ratio=0.3
2026-04-27 13:58:10  INFO             FAILED: phase2 | chest_xray | blip | superpixel_slic g=300 dr_iters=7 dr_ratio=0.5
2026-04-27 13:58:10  INFO        ✗  Phase 3 | chest_xray      | blip          ok=0  fail=2
2026-04-27 13:58:10  INFO             FAILED: phase3 | chest_xray | blip | metric=zero_shot_heuristic
2026-04-27 13:58:10  INFO             FAILED: phase3 | chest_xray | blip | metric=supervised_mdice
2026-04-27 13:58:10  INFO        ✗  Phase 4 | chest_xray      | blip          ok=0  fail=1
2026-04-27 13:58:10  INFO             FAILED: phase4 | chest_xray | blip
2026-04-27 13:58:10  INFO        ✗  Phase 1 | chest_xray      | bridgetower   ok=0  fail=1
2026-04-27 13:58:10  INFO             FAILED: phase1 | chest_xray | bridgetower
2026-04-27 13:58:10  INFO        ✗  Phase 2 | chest_xray      | bridgetower   ok=0  fail=45
2026-04-27 13:58:10  INFO             FAILED: phase2 | chest_xray | bridgetower | grid g=16 dr_iters=3 dr_ratio=0.1
2026-04-27 13:58:10  INFO             FAILED: phase2 | chest_xray | bridgetower | grid g=16 dr_iters=3 dr_ratio=0.3
2026-04-27 13:58:10  INFO             FAILED: phase2 | chest_xray | bridgetower | grid g=16 dr_iters=3 dr_ratio=0.5
2026-04-27 13:58:10  INFO             FAILED: phase2 | chest_xray | bridgetower | grid g=16 dr_iters=5 dr_ratio=0.1
2026-04-27 13:58:10  INFO             FAILED: phase2 | chest_xray | bridgetower | grid g=16 dr_iters=5 dr_ratio=0.3
2026-04-27 13:58:10  INFO             FAILED: phase2 | chest_xray | bridgetower | grid g=16 dr_iters=5 dr_ratio=0.5
2026-04-27 13:58:10  INFO             FAILED: phase2 | chest_xray | bridgetower | grid g=16 dr_iters=7 dr_ratio=0.1
2026-04-27 13:58:10  INFO             FAILED: phase2 | chest_xray | bridgetower | grid g=16 dr_iters=7 dr_ratio=0.3
2026-04-27 13:58:10  INFO             FAILED: phase2 | chest_xray | bridgetower | grid g=16 dr_iters=7 dr_ratio=0.5
2026-04-27 13:58:10  INFO             FAILED: phase2 | chest_xray | bridgetower | grid g=32 dr_iters=3 dr_ratio=0.1
2026-04-27 13:58:10  INFO             FAILED: phase2 | chest_xray | bridgetower | grid g=32 dr_iters=3 dr_ratio=0.3
2026-04-27 13:58:10  INFO             FAILED: phase2 | chest_xray | bridgetower | grid g=32 dr_iters=3 dr_ratio=0.5
2026-04-27 13:58:10  INFO             FAILED: phase2 | chest_xray | bridgetower | grid g=32 dr_iters=5 dr_ratio=0.1
2026-04-27 13:58:10  INFO             FAILED: phase2 | chest_xray | bridgetower | grid g=32 dr_iters=5 dr_ratio=0.3
2026-04-27 13:58:10  INFO             FAILED: phase2 | chest_xray | bridgetower | grid g=32 dr_iters=5 dr_ratio=0.5
2026-04-27 13:58:10  INFO             FAILED: phase2 | chest_xray | bridgetower | grid g=32 dr_iters=7 dr_ratio=0.1
2026-04-27 13:58:10  INFO             FAILED: phase2 | chest_xray | bridgetower | grid g=32 dr_iters=7 dr_ratio=0.3
2026-04-27 13:58:10  INFO             FAILED: phase2 | chest_xray | bridgetower | grid g=32 dr_iters=7 dr_ratio=0.5
2026-04-27 13:58:10  INFO             FAILED: phase2 | chest_xray | bridgetower | superpixel_slic g=100 dr_iters=3 dr_ratio=0.1
2026-04-27 13:58:10  INFO             FAILED: phase2 | chest_xray | bridgetower | superpixel_slic g=100 dr_iters=3 dr_ratio=0.3
2026-04-27 13:58:10  INFO             FAILED: phase2 | chest_xray | bridgetower | superpixel_slic g=100 dr_iters=3 dr_ratio=0.5
2026-04-27 13:58:10  INFO             FAILED: phase2 | chest_xray | bridgetower | superpixel_slic g=100 dr_iters=5 dr_ratio=0.1
2026-04-27 13:58:10  INFO             FAILED: phase2 | chest_xray | bridgetower | superpixel_slic g=100 dr_iters=5 dr_ratio=0.3
2026-04-27 13:58:10  INFO             FAILED: phase2 | chest_xray | bridgetower | superpixel_slic g=100 dr_iters=5 dr_ratio=0.5
2026-04-27 13:58:10  INFO             FAILED: phase2 | chest_xray | bridgetower | superpixel_slic g=100 dr_iters=7 dr_ratio=0.1
2026-04-27 13:58:10  INFO             FAILED: phase2 | chest_xray | bridgetower | superpixel_slic g=100 dr_iters=7 dr_ratio=0.3
2026-04-27 13:58:10  INFO             FAILED: phase2 | chest_xray | bridgetower | superpixel_slic g=100 dr_iters=7 dr_ratio=0.5
2026-04-27 13:58:10  INFO             FAILED: phase2 | chest_xray | bridgetower | superpixel_slic g=200 dr_iters=3 dr_ratio=0.1
2026-04-27 13:58:10  INFO             FAILED: phase2 | chest_xray | bridgetower | superpixel_slic g=200 dr_iters=3 dr_ratio=0.3
2026-04-27 13:58:10  INFO             FAILED: phase2 | chest_xray | bridgetower | superpixel_slic g=200 dr_iters=3 dr_ratio=0.5
2026-04-27 13:58:10  INFO             FAILED: phase2 | chest_xray | bridgetower | superpixel_slic g=200 dr_iters=5 dr_ratio=0.1
2026-04-27 13:58:10  INFO             FAILED: phase2 | chest_xray | bridgetower | superpixel_slic g=200 dr_iters=5 dr_ratio=0.3
2026-04-27 13:58:10  INFO             FAILED: phase2 | chest_xray | bridgetower | superpixel_slic g=200 dr_iters=5 dr_ratio=0.5
2026-04-27 13:58:10  INFO             FAILED: phase2 | chest_xray | bridgetower | superpixel_slic g=200 dr_iters=7 dr_ratio=0.1
2026-04-27 13:58:10  INFO             FAILED: phase2 | chest_xray | bridgetower | superpixel_slic g=200 dr_iters=7 dr_ratio=0.3
2026-04-27 13:58:10  INFO             FAILED: phase2 | chest_xray | bridgetower | superpixel_slic g=200 dr_iters=7 dr_ratio=0.5
2026-04-27 13:58:10  INFO             FAILED: phase2 | chest_xray | bridgetower | superpixel_slic g=300 dr_iters=3 dr_ratio=0.1
2026-04-27 13:58:10  INFO             FAILED: phase2 | chest_xray | bridgetower | superpixel_slic g=300 dr_iters=3 dr_ratio=0.3
2026-04-27 13:58:10  INFO             FAILED: phase2 | chest_xray | bridgetower | superpixel_slic g=300 dr_iters=3 dr_ratio=0.5
2026-04-27 13:58:10  INFO             FAILED: phase2 | chest_xray | bridgetower | superpixel_slic g=300 dr_iters=5 dr_ratio=0.1
2026-04-27 13:58:10  INFO             FAILED: phase2 | chest_xray | bridgetower | superpixel_slic g=300 dr_iters=5 dr_ratio=0.3
2026-04-27 13:58:10  INFO             FAILED: phase2 | chest_xray | bridgetower | superpixel_slic g=300 dr_iters=5 dr_ratio=0.5
2026-04-27 13:58:10  INFO             FAILED: phase2 | chest_xray | bridgetower | superpixel_slic g=300 dr_iters=7 dr_ratio=0.1
2026-04-27 13:58:10  INFO             FAILED: phase2 | chest_xray | bridgetower | superpixel_slic g=300 dr_iters=7 dr_ratio=0.3
2026-04-27 13:58:10  INFO             FAILED: phase2 | chest_xray | bridgetower | superpixel_slic g=300 dr_iters=7 dr_ratio=0.5
2026-04-27 13:58:10  INFO        ✗  Phase 3 | chest_xray      | bridgetower   ok=0  fail=2
2026-04-27 13:58:10  INFO             FAILED: phase3 | chest_xray | bridgetower | metric=zero_shot_heuristic
2026-04-27 13:58:10  INFO             FAILED: phase3 | chest_xray | bridgetower | metric=supervised_mdice
2026-04-27 13:58:10  INFO        ✗  Phase 4 | chest_xray      | bridgetower   ok=0  fail=1
2026-04-27 13:58:10  INFO             FAILED: phase4 | chest_xray | bridgetower
2026-04-27 13:58:10  INFO        ✗  Phase 1 | chest_xray      | albef         ok=0  fail=1
2026-04-27 13:58:10  INFO             FAILED: phase1 | chest_xray | albef
2026-04-27 13:58:10  INFO        ✗  Phase 2 | chest_xray      | albef         ok=0  fail=45
2026-04-27 13:58:10  INFO             FAILED: phase2 | chest_xray | albef | grid g=16 dr_iters=3 dr_ratio=0.1
2026-04-27 13:58:10  INFO             FAILED: phase2 | chest_xray | albef | grid g=16 dr_iters=3 dr_ratio=0.3
2026-04-27 13:58:10  INFO             FAILED: phase2 | chest_xray | albef | grid g=16 dr_iters=3 dr_ratio=0.5
2026-04-27 13:58:10  INFO             FAILED: phase2 | chest_xray | albef | grid g=16 dr_iters=5 dr_ratio=0.1
2026-04-27 13:58:10  INFO             FAILED: phase2 | chest_xray | albef | grid g=16 dr_iters=5 dr_ratio=0.3
2026-04-27 13:58:10  INFO             FAILED: phase2 | chest_xray | albef | grid g=16 dr_iters=5 dr_ratio=0.5
2026-04-27 13:58:10  INFO             FAILED: phase2 | chest_xray | albef | grid g=16 dr_iters=7 dr_ratio=0.1
2026-04-27 13:58:10  INFO             FAILED: phase2 | chest_xray | albef | grid g=16 dr_iters=7 dr_ratio=0.3
2026-04-27 13:58:10  INFO             FAILED: phase2 | chest_xray | albef | grid g=16 dr_iters=7 dr_ratio=0.5
2026-04-27 13:58:10  INFO             FAILED: phase2 | chest_xray | albef | grid g=32 dr_iters=3 dr_ratio=0.1
2026-04-27 13:58:10  INFO             FAILED: phase2 | chest_xray | albef | grid g=32 dr_iters=3 dr_ratio=0.3
2026-04-27 13:58:10  INFO             FAILED: phase2 | chest_xray | albef | grid g=32 dr_iters=3 dr_ratio=0.5
2026-04-27 13:58:10  INFO             FAILED: phase2 | chest_xray | albef | grid g=32 dr_iters=5 dr_ratio=0.1
2026-04-27 13:58:10  INFO             FAILED: phase2 | chest_xray | albef | grid g=32 dr_iters=5 dr_ratio=0.3
2026-04-27 13:58:10  INFO             FAILED: phase2 | chest_xray | albef | grid g=32 dr_iters=5 dr_ratio=0.5
2026-04-27 13:58:10  INFO             FAILED: phase2 | chest_xray | albef | grid g=32 dr_iters=7 dr_ratio=0.1
2026-04-27 13:58:10  INFO             FAILED: phase2 | chest_xray | albef | grid g=32 dr_iters=7 dr_ratio=0.3
2026-04-27 13:58:10  INFO             FAILED: phase2 | chest_xray | albef | grid g=32 dr_iters=7 dr_ratio=0.5
2026-04-27 13:58:10  INFO             FAILED: phase2 | chest_xray | albef | superpixel_slic g=100 dr_iters=3 dr_ratio=0.1
2026-04-27 13:58:10  INFO             FAILED: phase2 | chest_xray | albef | superpixel_slic g=100 dr_iters=3 dr_ratio=0.3
2026-04-27 13:58:10  INFO             FAILED: phase2 | chest_xray | albef | superpixel_slic g=100 dr_iters=3 dr_ratio=0.5
2026-04-27 13:58:10  INFO             FAILED: phase2 | chest_xray | albef | superpixel_slic g=100 dr_iters=5 dr_ratio=0.1
2026-04-27 13:58:10  INFO             FAILED: phase2 | chest_xray | albef | superpixel_slic g=100 dr_iters=5 dr_ratio=0.3
2026-04-27 13:58:10  INFO             FAILED: phase2 | chest_xray | albef | superpixel_slic g=100 dr_iters=5 dr_ratio=0.5
2026-04-27 13:58:10  INFO             FAILED: phase2 | chest_xray | albef | superpixel_slic g=100 dr_iters=7 dr_ratio=0.1
2026-04-27 13:58:10  INFO             FAILED: phase2 | chest_xray | albef | superpixel_slic g=100 dr_iters=7 dr_ratio=0.3
2026-04-27 13:58:10  INFO             FAILED: phase2 | chest_xray | albef | superpixel_slic g=100 dr_iters=7 dr_ratio=0.5
2026-04-27 13:58:10  INFO             FAILED: phase2 | chest_xray | albef | superpixel_slic g=200 dr_iters=3 dr_ratio=0.1
2026-04-27 13:58:10  INFO             FAILED: phase2 | chest_xray | albef | superpixel_slic g=200 dr_iters=3 dr_ratio=0.3
2026-04-27 13:58:10  INFO             FAILED: phase2 | chest_xray | albef | superpixel_slic g=200 dr_iters=3 dr_ratio=0.5
2026-04-27 13:58:10  INFO             FAILED: phase2 | chest_xray | albef | superpixel_slic g=200 dr_iters=5 dr_ratio=0.1
2026-04-27 13:58:10  INFO             FAILED: phase2 | chest_xray | albef | superpixel_slic g=200 dr_iters=5 dr_ratio=0.3
2026-04-27 13:58:10  INFO             FAILED: phase2 | chest_xray | albef | superpixel_slic g=200 dr_iters=5 dr_ratio=0.5
2026-04-27 13:58:10  INFO             FAILED: phase2 | chest_xray | albef | superpixel_slic g=200 dr_iters=7 dr_ratio=0.1
2026-04-27 13:58:10  INFO             FAILED: phase2 | chest_xray | albef | superpixel_slic g=200 dr_iters=7 dr_ratio=0.3
2026-04-27 13:58:10  INFO             FAILED: phase2 | chest_xray | albef | superpixel_slic g=200 dr_iters=7 dr_ratio=0.5
2026-04-27 13:58:10  INFO             FAILED: phase2 | chest_xray | albef | superpixel_slic g=300 dr_iters=3 dr_ratio=0.1
2026-04-27 13:58:10  INFO             FAILED: phase2 | chest_xray | albef | superpixel_slic g=300 dr_iters=3 dr_ratio=0.3
2026-04-27 13:58:10  INFO             FAILED: phase2 | chest_xray | albef | superpixel_slic g=300 dr_iters=3 dr_ratio=0.5
2026-04-27 13:58:10  INFO             FAILED: phase2 | chest_xray | albef | superpixel_slic g=300 dr_iters=5 dr_ratio=0.1
2026-04-27 13:58:10  INFO             FAILED: phase2 | chest_xray | albef | superpixel_slic g=300 dr_iters=5 dr_ratio=0.3
2026-04-27 13:58:10  INFO             FAILED: phase2 | chest_xray | albef | superpixel_slic g=300 dr_iters=5 dr_ratio=0.5
2026-04-27 13:58:10  INFO             FAILED: phase2 | chest_xray | albef | superpixel_slic g=300 dr_iters=7 dr_ratio=0.1
2026-04-27 13:58:10  INFO             FAILED: phase2 | chest_xray | albef | superpixel_slic g=300 dr_iters=7 dr_ratio=0.3
2026-04-27 13:58:10  INFO             FAILED: phase2 | chest_xray | albef | superpixel_slic g=300 dr_iters=7 dr_ratio=0.5
2026-04-27 13:58:10  INFO        ✗  Phase 3 | chest_xray      | albef         ok=0  fail=2
2026-04-27 13:58:10  INFO             FAILED: phase3 | chest_xray | albef | metric=zero_shot_heuristic
2026-04-27 13:58:10  INFO             FAILED: phase3 | chest_xray | albef | metric=supervised_mdice
2026-04-27 13:58:10  INFO        ✗  Phase 4 | chest_xray      | albef         ok=0  fail=1
2026-04-27 13:58:10  INFO             FAILED: phase4 | chest_xray | albef
2026-04-27 13:58:10  INFO      ------------------------------------------------------------------------
2026-04-27 13:58:10  INFO        Total runs: 294   succeeded: 0   failed: 294
2026-04-27 13:58:10  INFO      ========================================================================
2026-04-27 14:00:15  INFO      ========================================================================
2026-04-27 14:00:15  INFO        MACRO-MACRO RUNNER  START
2026-04-27 14:00:15  INFO        datasets  : ['pascal_voc', 'chest_xray']
2026-04-27 14:00:15  INFO        models    : ['blip', 'bridgetower']
2026-04-27 14:00:15  INFO        pairs     : 4
2026-04-27 14:00:15  INFO        dry-run   : True
2026-04-27 14:00:15  INFO      ========================================================================
2026-04-27 14:00:15  INFO      ━━━━━━━━━━━━━━━━━━━━━━━━━━━━━━━━━━━━━━━━━━━━━━━━━━━━━━━━━━━━━━━━━━━━━━━━
2026-04-27 14:00:15  INFO        PAIR  dataset=pascal_voc       model=blip
2026-04-27 14:00:15  INFO      ━━━━━━━━━━━━━━━━━━━━━━━━━━━━━━━━━━━━━━━━━━━━━━━━━━━━━━━━━━━━━━━━━━━━━━━━
2026-04-27 14:00:15  INFO        [DRY-RUN] pascal_voc | blip
2026-04-27 14:00:15  INFO                  /usr/bin/python /home/ge.polymtl.ca/pahoa/random_stuff/poly_ai_project_pnp-ovss/scripts/run_macro_sweep.py --dataset pascal_voc --transformer blip
2026-04-27 14:00:15  INFO      ━━━━━━━━━━━━━━━━━━━━━━━━━━━━━━━━━━━━━━━━━━━━━━━━━━━━━━━━━━━━━━━━━━━━━━━━
2026-04-27 14:00:15  INFO        PAIR  dataset=pascal_voc       model=bridgetower
2026-04-27 14:00:15  INFO      ━━━━━━━━━━━━━━━━━━━━━━━━━━━━━━━━━━━━━━━━━━━━━━━━━━━━━━━━━━━━━━━━━━━━━━━━
2026-04-27 14:00:15  INFO        [DRY-RUN] pascal_voc | bridgetower
2026-04-27 14:00:15  INFO                  /usr/bin/python /home/ge.polymtl.ca/pahoa/random_stuff/poly_ai_project_pnp-ovss/scripts/run_macro_sweep.py --dataset pascal_voc --transformer bridgetower
2026-04-27 14:00:15  INFO      ━━━━━━━━━━━━━━━━━━━━━━━━━━━━━━━━━━━━━━━━━━━━━━━━━━━━━━━━━━━━━━━━━━━━━━━━
2026-04-27 14:00:15  INFO        PAIR  dataset=chest_xray       model=blip
2026-04-27 14:00:15  INFO      ━━━━━━━━━━━━━━━━━━━━━━━━━━━━━━━━━━━━━━━━━━━━━━━━━━━━━━━━━━━━━━━━━━━━━━━━
2026-04-27 14:00:15  INFO        [DRY-RUN] chest_xray | blip
2026-04-27 14:00:15  INFO                  /usr/bin/python /home/ge.polymtl.ca/pahoa/random_stuff/poly_ai_project_pnp-ovss/scripts/run_macro_sweep.py --dataset chest_xray --transformer blip
2026-04-27 14:00:15  INFO      ━━━━━━━━━━━━━━━━━━━━━━━━━━━━━━━━━━━━━━━━━━━━━━━━━━━━━━━━━━━━━━━━━━━━━━━━
2026-04-27 14:00:15  INFO        PAIR  dataset=chest_xray       model=bridgetower
2026-04-27 14:00:15  INFO      ━━━━━━━━━━━━━━━━━━━━━━━━━━━━━━━━━━━━━━━━━━━━━━━━━━━━━━━━━━━━━━━━━━━━━━━━
2026-04-27 14:00:15  INFO        [DRY-RUN] chest_xray | bridgetower
2026-04-27 14:00:15  INFO                  /usr/bin/python /home/ge.polymtl.ca/pahoa/random_stuff/poly_ai_project_pnp-ovss/scripts/run_macro_sweep.py --dataset chest_xray --transformer bridgetower
2026-04-27 14:00:15  INFO      
2026-04-27 14:00:15  INFO      Total wall time: 0.0s (0.0 min)
2026-04-27 14:00:15  INFO      
2026-04-27 14:00:15  INFO      ========================================================================
2026-04-27 14:00:15  INFO        MACRO-MACRO RUN — FINAL SUMMARY
2026-04-27 14:00:15  INFO      ========================================================================
2026-04-27 14:00:15  INFO        ✓  pascal_voc      | blip          (0.0 min)
2026-04-27 14:00:15  INFO        ✓  pascal_voc      | bridgetower   (0.0 min)
2026-04-27 14:00:15  INFO        ✓  chest_xray      | blip          (0.0 min)
2026-04-27 14:00:15  INFO        ✓  chest_xray      | bridgetower   (0.0 min)
2026-04-27 14:00:15  INFO      ------------------------------------------------------------------------
2026-04-27 14:00:15  INFO        Pairs: 4   succeeded: 4   failed: 0
2026-04-27 14:00:15  INFO      ========================================================================
2026-04-27 14:05:32  INFO      ========================================================================
2026-04-27 14:05:32  INFO        MACRO-MACRO RUNNER  START
2026-04-27 14:05:32  INFO        datasets  : ['pascal_voc', 'chest_xray']
2026-04-27 14:05:32  INFO        models    : ['blip', 'bridgetower']
2026-04-27 14:05:32  INFO        pairs     : 4
2026-04-27 14:05:32  INFO        dry-run   : False
2026-04-27 14:05:32  INFO      ========================================================================
2026-04-27 14:05:32  INFO      ━━━━━━━━━━━━━━━━━━━━━━━━━━━━━━━━━━━━━━━━━━━━━━━━━━━━━━━━━━━━━━━━━━━━━━━━
2026-04-27 14:05:32  INFO        PAIR  dataset=pascal_voc       model=blip
2026-04-27 14:05:32  INFO      ━━━━━━━━━━━━━━━━━━━━━━━━━━━━━━━━━━━━━━━━━━━━━━━━━━━━━━━━━━━━━━━━━━━━━━━━
2026-04-27 14:05:32  INFO        ▶ pascal_voc | blip
2026-04-27 14:05:35  ERROR       ✗ pascal_voc | blip  exit=1  (3.8s)
2026-04-27 14:05:35  INFO      ━━━━━━━━━━━━━━━━━━━━━━━━━━━━━━━━━━━━━━━━━━━━━━━━━━━━━━━━━━━━━━━━━━━━━━━━
2026-04-27 14:05:35  INFO        PAIR  dataset=pascal_voc       model=bridgetower
2026-04-27 14:05:35  INFO      ━━━━━━━━━━━━━━━━━━━━━━━━━━━━━━━━━━━━━━━━━━━━━━━━━━━━━━━━━━━━━━━━━━━━━━━━
2026-04-27 14:05:35  INFO        ▶ pascal_voc | bridgetower
2026-04-27 14:05:39  ERROR       ✗ pascal_voc | bridgetower  exit=1  (3.8s)
2026-04-27 14:05:39  INFO      ━━━━━━━━━━━━━━━━━━━━━━━━━━━━━━━━━━━━━━━━━━━━━━━━━━━━━━━━━━━━━━━━━━━━━━━━
2026-04-27 14:05:39  INFO        PAIR  dataset=chest_xray       model=blip
2026-04-27 14:05:39  INFO      ━━━━━━━━━━━━━━━━━━━━━━━━━━━━━━━━━━━━━━━━━━━━━━━━━━━━━━━━━━━━━━━━━━━━━━━━
2026-04-27 14:05:39  INFO        ▶ chest_xray | blip
2026-04-27 14:17:16  INFO      ========================================================================
2026-04-27 14:17:16  INFO        MACRO-MACRO RUNNER  START
2026-04-27 14:17:16  INFO        datasets  : ['voc', 'chest_xray']
2026-04-27 14:17:16  INFO        models    : ['blip', 'bridgetower']
2026-04-27 14:17:16  INFO        pairs     : 4
2026-04-27 14:17:16  INFO        dry-run   : False
2026-04-27 14:17:16  INFO      ========================================================================
2026-04-27 14:17:16  INFO      ━━━━━━━━━━━━━━━━━━━━━━━━━━━━━━━━━━━━━━━━━━━━━━━━━━━━━━━━━━━━━━━━━━━━━━━━
2026-04-27 14:17:16  INFO        PAIR  dataset=voc              model=blip
2026-04-27 14:17:16  INFO      ━━━━━━━━━━━━━━━━━━━━━━━━━━━━━━━━━━━━━━━━━━━━━━━━━━━━━━━━━━━━━━━━━━━━━━━━
2026-04-27 14:17:16  INFO        ▶ voc | blip
2026-04-27 14:29:17  INFO      ========================================================================
2026-04-27 14:29:17  INFO        MACRO-MACRO RUNNER  START
2026-04-27 14:29:17  INFO        datasets  : ['voc']
2026-04-27 14:29:17  INFO        models    : ['blip']
2026-04-27 14:29:17  INFO        phases    : [1, 2, 3, 4]  (exec order: [1, 3, 2, 4])
2026-04-27 14:29:17  INFO        pairs     : 1
2026-04-27 14:29:17  INFO        dry-run   : True
2026-04-27 14:29:17  INFO        outputs   : outputs/{dataset}/{model}/phase_{N}/
2026-04-27 14:29:17  INFO      ========================================================================
2026-04-27 14:29:17  INFO      ━━━━━━━━━━━━━━━━━━━━━━━━━━━━━━━━━━━━━━━━━━━━━━━━━━━━━━━━━━━━━━━━━━━━━━━━
2026-04-27 14:29:17  INFO        PAIR  dataset=voc           model=blip
2026-04-27 14:29:17  INFO      ━━━━━━━━━━━━━━━━━━━━━━━━━━━━━━━━━━━━━━━━━━━━━━━━━━━━━━━━━━━━━━━━━━━━━━━━
2026-04-27 14:29:17  INFO        [DRY-RUN] phase1 (baseline) | voc | blip
2026-04-27 14:29:17  INFO                  /usr/bin/python /home/ge.polymtl.ca/pahoa/random_stuff/poly_ai_project_pnp-ovss/scripts/run_macro_sweep.py --dataset voc --transformer blip --only-phase baseline --output-phase-dir /home/ge.polymtl.ca/pahoa/random_stuff/poly_ai_project_pnp-ovss/outputs/voc/blip/phase_1 --max-eval-samples 200
2026-04-27 14:29:17  INFO        [DRY-RUN] phase3 (head-tuning) | voc | blip
2026-04-27 14:29:17  INFO                  /usr/bin/python /home/ge.polymtl.ca/pahoa/random_stuff/poly_ai_project_pnp-ovss/scripts/run_macro_sweep.py --dataset voc --transformer blip --only-phase head-tuning --output-phase-dir /home/ge.polymtl.ca/pahoa/random_stuff/poly_ai_project_pnp-ovss/outputs/voc/blip/phase_3 --max-tune-samples 30 --best-pipeline-out /home/ge.polymtl.ca/pahoa/random_stuff/poly_ai_project_pnp-ovss/outputs/voc/blip/best_pipeline.json
2026-04-27 14:29:17  INFO        [DRY-RUN] phase2 (patch-tuning) | voc | blip
2026-04-27 14:29:17  INFO                  /usr/bin/python /home/ge.polymtl.ca/pahoa/random_stuff/poly_ai_project_pnp-ovss/scripts/run_macro_sweep.py --dataset voc --transformer blip --only-phase patch-tuning --output-phase-dir /home/ge.polymtl.ca/pahoa/random_stuff/poly_ai_project_pnp-ovss/outputs/voc/blip/phase_2 --max-tune-samples 30 --best-pipeline-in /home/ge.polymtl.ca/pahoa/random_stuff/poly_ai_project_pnp-ovss/outputs/voc/blip/best_pipeline.json --best-combo-out /home/ge.polymtl.ca/pahoa/random_stuff/poly_ai_project_pnp-ovss/outputs/voc/blip/best_combo.json
2026-04-27 14:29:17  INFO        [DRY-RUN] phase4 (final-eval) | voc | blip
2026-04-27 14:29:17  INFO                  /usr/bin/python /home/ge.polymtl.ca/pahoa/random_stuff/poly_ai_project_pnp-ovss/scripts/run_macro_sweep.py --dataset voc --transformer blip --only-phase final-eval --output-phase-dir /home/ge.polymtl.ca/pahoa/random_stuff/poly_ai_project_pnp-ovss/outputs/voc/blip/phase_4 --max-eval-samples 200 --best-pipeline-in /home/ge.polymtl.ca/pahoa/random_stuff/poly_ai_project_pnp-ovss/outputs/voc/blip/best_pipeline.json --best-combo-in /home/ge.polymtl.ca/pahoa/random_stuff/poly_ai_project_pnp-ovss/outputs/voc/blip/best_combo.json
2026-04-27 14:29:17  INFO        Pair done  ok=4  fail=0  (0.0 min)
2026-04-27 14:29:17  INFO      
2026-04-27 14:29:17  INFO      Total wall time: 0.0s (0.0 min)
2026-04-27 14:29:17  INFO      
2026-04-27 14:29:17  INFO      ========================================================================
2026-04-27 14:29:17  INFO        MACRO-MACRO RUN — FINAL SUMMARY
2026-04-27 14:29:17  INFO      ========================================================================
2026-04-27 14:29:17  INFO        ✓  voc          | blip          [P1:ok  P3:ok  P2:ok  P4:ok]  (0.0 min)
2026-04-27 14:29:17  INFO      ------------------------------------------------------------------------
2026-04-27 14:29:17  INFO        Pairs: 1   succeeded: 1   failed: 0
2026-04-27 14:29:17  INFO      ========================================================================
2026-04-27 14:31:41  INFO      ========================================================================
2026-04-27 14:31:41  INFO        MACRO-MACRO RUNNER  START
2026-04-27 14:31:41  INFO        datasets  : ['voc', 'chest_xray']
2026-04-27 14:31:41  INFO        models    : ['blip', 'bridgetower']
2026-04-27 14:31:41  INFO        phases    : [1, 2, 3, 4]  (exec order: [1, 3, 2, 4])
2026-04-27 14:31:41  INFO        pairs     : 4
2026-04-27 14:31:41  INFO        dry-run   : False
2026-04-27 14:31:41  INFO        outputs   : outputs/{dataset}/{model}/phase_{N}/
2026-04-27 14:31:41  INFO      ========================================================================
2026-04-27 14:31:41  INFO      ━━━━━━━━━━━━━━━━━━━━━━━━━━━━━━━━━━━━━━━━━━━━━━━━━━━━━━━━━━━━━━━━━━━━━━━━
2026-04-27 14:31:41  INFO        PAIR  dataset=voc           model=blip
2026-04-27 14:31:41  INFO      ━━━━━━━━━━━━━━━━━━━━━━━━━━━━━━━━━━━━━━━━━━━━━━━━━━━━━━━━━━━━━━━━━━━━━━━━
2026-04-27 14:31:41  INFO        ▶ phase1 (baseline) | voc | blip
2026-04-27 14:36:32  INFO      ========================================================================
2026-04-27 14:36:32  INFO        MACRO-MACRO RUNNER  START
2026-04-27 14:36:32  INFO        datasets  : ['voc', 'chest_xray']
2026-04-27 14:36:32  INFO        models    : ['blip', 'bridgetower', 'albef']
2026-04-27 14:36:32  INFO        phases    : [1, 2, 3, 4]  (exec order: [1, 3, 2, 4])
2026-04-27 14:36:32  INFO        pairs     : 6
2026-04-27 14:36:32  INFO        dry-run   : False
2026-04-27 14:36:32  INFO        outputs   : outputs/{dataset}/{model}/phase_{N}/
2026-04-27 14:36:32  INFO      ========================================================================
2026-04-27 14:36:32  INFO      ━━━━━━━━━━━━━━━━━━━━━━━━━━━━━━━━━━━━━━━━━━━━━━━━━━━━━━━━━━━━━━━━━━━━━━━━
2026-04-27 14:36:32  INFO        PAIR  dataset=voc           model=blip
2026-04-27 14:36:32  INFO      ━━━━━━━━━━━━━━━━━━━━━━━━━━━━━━━━━━━━━━━━━━━━━━━━━━━━━━━━━━━━━━━━━━━━━━━━
2026-04-27 14:36:32  INFO        ▶ phase1 (baseline) | voc | blip
2026-04-27 14:37:27  INFO        ✓ phase1 (baseline) | voc | blip  (54.9s)
2026-04-27 14:37:27  INFO        ▶ phase3 (head-tuning) | voc | blip
2026-04-27 14:46:39  INFO        ✓ phase3 (head-tuning) | voc | blip  (552.0s)
2026-04-27 14:46:39  INFO        ▶ phase2 (patch-tuning) | voc | blip
2026-04-27 15:21:52  INFO      ========================================================================
2026-04-27 15:21:52  INFO        MACRO-MACRO RUNNER  START
2026-04-27 15:21:52  INFO        datasets  : ['voc', 'chest_xray']
2026-04-27 15:21:52  INFO        models    : ['blip', 'bridgetower']
2026-04-27 15:21:52  INFO        phases    : [1, 2, 3, 4]  (exec order: [1, 3, 2, 4])
2026-04-27 15:21:52  INFO        pairs     : 4
2026-04-27 15:21:52  INFO        dry-run   : False
2026-04-27 15:21:52  INFO        outputs   : outputs/{dataset}/{model}/phase_{N}/
2026-04-27 15:21:52  INFO      ========================================================================
2026-04-27 15:21:52  INFO      ━━━━━━━━━━━━━━━━━━━━━━━━━━━━━━━━━━━━━━━━━━━━━━━━━━━━━━━━━━━━━━━━━━━━━━━━
2026-04-27 15:21:52  INFO        PAIR  dataset=voc           model=blip
2026-04-27 15:21:52  INFO      ━━━━━━━━━━━━━━━━━━━━━━━━━━━━━━━━━━━━━━━━━━━━━━━━━━━━━━━━━━━━━━━━━━━━━━━━
2026-04-27 15:21:52  INFO        ▶ phase1 (baseline) | voc | blip
2026-04-27 15:22:38  INFO        ✓ phase1 (baseline) | voc | blip  (45.9s)
2026-04-27 15:22:38  INFO        ▶ phase3 (head-tuning) | voc | blip
2026-04-27 15:39:50  INFO        ✓ phase3 (head-tuning) | voc | blip  (1032.0s)
2026-04-27 15:39:50  INFO        ▶ phase2 (patch-tuning) | voc | blip
2026-04-27 15:45:13  INFO        ✓ phase2 (patch-tuning) | voc | blip  (323.1s)
2026-04-27 15:45:13  INFO        ▶ phase4 (final-eval) | voc | blip
2026-04-27 15:46:02  INFO        ✓ phase4 (final-eval) | voc | blip  (48.8s)
2026-04-27 15:46:02  INFO        Pair done  ok=4  fail=0  (24.2 min)
2026-04-27 15:46:02  INFO      ━━━━━━━━━━━━━━━━━━━━━━━━━━━━━━━━━━━━━━━━━━━━━━━━━━━━━━━━━━━━━━━━━━━━━━━━
2026-04-27 15:46:02  INFO        PAIR  dataset=voc           model=bridgetower
2026-04-27 15:46:02  INFO      ━━━━━━━━━━━━━━━━━━━━━━━━━━━━━━━━━━━━━━━━━━━━━━━━━━━━━━━━━━━━━━━━━━━━━━━━
2026-04-27 15:46:02  INFO        ▶ phase1 (baseline) | voc | bridgetower
2026-04-27 15:46:12  ERROR       ✗ phase1 (baseline) | voc | bridgetower  exit=1  (11.0s)
2026-04-27 15:46:12  WARNING     Phase 1 failed — continuing with remaining phases
2026-04-27 15:46:12  INFO        ▶ phase3 (head-tuning) | voc | bridgetower
2026-04-27 15:46:26  ERROR       ✗ phase3 (head-tuning) | voc | bridgetower  exit=1  (13.8s)
2026-04-27 15:46:26  WARNING     Phase 3 failed — continuing with remaining phases
2026-04-27 15:46:26  INFO        ▶ phase2 (patch-tuning) | voc | bridgetower
2026-04-27 15:46:37  ERROR       ✗ phase2 (patch-tuning) | voc | bridgetower  exit=1  (10.4s)
2026-04-27 15:46:37  WARNING     Phase 2 failed — continuing with remaining phases
2026-04-27 15:46:37  INFO        ▶ phase4 (final-eval) | voc | bridgetower
2026-04-27 15:46:48  ERROR       ✗ phase4 (final-eval) | voc | bridgetower  exit=1  (11.4s)
2026-04-27 15:46:48  WARNING     Phase 4 failed — continuing with remaining phases
2026-04-27 15:46:48  INFO        Pair done  ok=0  fail=4  (0.8 min)
2026-04-27 15:46:48  INFO      ━━━━━━━━━━━━━━━━━━━━━━━━━━━━━━━━━━━━━━━━━━━━━━━━━━━━━━━━━━━━━━━━━━━━━━━━
2026-04-27 15:46:48  INFO        PAIR  dataset=chest_xray    model=blip
2026-04-27 15:46:48  INFO      ━━━━━━━━━━━━━━━━━━━━━━━━━━━━━━━━━━━━━━━━━━━━━━━━━━━━━━━━━━━━━━━━━━━━━━━━
2026-04-27 15:46:48  INFO        ▶ phase1 (baseline) | chest_xray | blip
2026-04-27 15:47:56  INFO        ✓ phase1 (baseline) | chest_xray | blip  (68.4s)
2026-04-27 15:47:56  INFO        ▶ phase3 (head-tuning) | chest_xray | blip
2026-04-27 15:57:39  INFO        ✓ phase3 (head-tuning) | chest_xray | blip  (582.1s)
2026-04-27 15:57:39  INFO        ▶ phase2 (patch-tuning) | chest_xray | blip
2026-04-27 16:02:42  INFO        ✓ phase2 (patch-tuning) | chest_xray | blip  (303.2s)
2026-04-27 16:02:42  INFO        ▶ phase4 (final-eval) | chest_xray | blip
2026-04-27 16:03:47  INFO        ✓ phase4 (final-eval) | chest_xray | blip  (65.2s)
2026-04-27 16:03:47  INFO        Pair done  ok=4  fail=0  (17.0 min)
2026-04-27 16:03:47  INFO      ━━━━━━━━━━━━━━━━━━━━━━━━━━━━━━━━━━━━━━━━━━━━━━━━━━━━━━━━━━━━━━━━━━━━━━━━
2026-04-27 16:03:47  INFO        PAIR  dataset=chest_xray    model=bridgetower
2026-04-27 16:03:47  INFO      ━━━━━━━━━━━━━━━━━━━━━━━━━━━━━━━━━━━━━━━━━━━━━━━━━━━━━━━━━━━━━━━━━━━━━━━━
2026-04-27 16:03:47  INFO        ▶ phase1 (baseline) | chest_xray | bridgetower
2026-04-27 16:03:51  ERROR       ✗ phase1 (baseline) | chest_xray | bridgetower  exit=1  (4.1s)
2026-04-27 16:03:51  WARNING     Phase 1 failed — continuing with remaining phases
2026-04-27 16:03:51  INFO        ▶ phase3 (head-tuning) | chest_xray | bridgetower
2026-04-27 16:03:59  ERROR       ✗ phase3 (head-tuning) | chest_xray | bridgetower  exit=1  (7.5s)
2026-04-27 16:03:59  WARNING     Phase 3 failed — continuing with remaining phases
2026-04-27 16:03:59  INFO        ▶ phase2 (patch-tuning) | chest_xray | bridgetower
2026-04-27 16:04:03  ERROR       ✗ phase2 (patch-tuning) | chest_xray | bridgetower  exit=1  (4.3s)
2026-04-27 16:04:03  WARNING     Phase 2 failed — continuing with remaining phases
2026-04-27 16:04:03  INFO        ▶ phase4 (final-eval) | chest_xray | bridgetower
2026-04-27 16:04:07  ERROR       ✗ phase4 (final-eval) | chest_xray | bridgetower  exit=1  (4.3s)
2026-04-27 16:04:07  WARNING     Phase 4 failed — continuing with remaining phases
2026-04-27 16:04:07  INFO        Pair done  ok=0  fail=4  (0.3 min)
2026-04-27 16:04:07  INFO      
2026-04-27 16:04:07  INFO      Total wall time: 2535.6s (42.3 min)
2026-04-27 16:04:07  INFO      
2026-04-27 16:04:07  INFO      ========================================================================
2026-04-27 16:04:07  INFO        MACRO-MACRO RUN — FINAL SUMMARY
2026-04-27 16:04:07  INFO      ========================================================================
2026-04-27 16:04:07  INFO        ✓  voc          | blip          [P1:ok  P3:ok  P2:ok  P4:ok]  (24.2 min)
2026-04-27 16:04:07  INFO        ✗  voc          | bridgetower   [P1:FAIL  P3:FAIL  P2:FAIL  P4:FAIL]  (0.8 min)
2026-04-27 16:04:07  INFO        ✓  chest_xray   | blip          [P1:ok  P3:ok  P2:ok  P4:ok]  (17.0 min)
2026-04-27 16:04:07  INFO        ✗  chest_xray   | bridgetower   [P1:FAIL  P3:FAIL  P2:FAIL  P4:FAIL]  (0.3 min)
2026-04-27 16:04:07  INFO      ------------------------------------------------------------------------
2026-04-27 16:04:07  INFO        Pairs: 4   succeeded: 2   failed: 2
2026-04-27 16:04:07  INFO        Failed pairs:
2026-04-27 16:04:07  INFO          • voc | bridgetower  (phases [1, 3, 2, 4])
2026-04-27 16:04:07  INFO          • chest_xray | bridgetower  (phases [1, 3, 2, 4])
2026-04-27 16:04:07  INFO      ========================================================================
2026-04-27 16:56:52  INFO      ========================================================================
2026-04-27 16:56:52  INFO        MACRO-MACRO RUNNER  START
2026-04-27 16:56:52  INFO        datasets  : ['voc', 'chest_xray']
2026-04-27 16:56:52  INFO        models    : ['bridgetower']
2026-04-27 16:56:52  INFO        phases    : [1, 2, 3, 4]  (exec order: [1, 3, 2, 4])
2026-04-27 16:56:52  INFO        pairs     : 2
2026-04-27 16:56:52  INFO        dry-run   : False
2026-04-27 16:56:52  INFO        outputs   : outputs/{dataset}/{model}/phase_{N}/
2026-04-27 16:56:52  INFO      ========================================================================
2026-04-27 16:56:52  INFO      ━━━━━━━━━━━━━━━━━━━━━━━━━━━━━━━━━━━━━━━━━━━━━━━━━━━━━━━━━━━━━━━━━━━━━━━━
2026-04-27 16:56:52  INFO        PAIR  dataset=voc           model=bridgetower
2026-04-27 16:56:52  INFO      ━━━━━━━━━━━━━━━━━━━━━━━━━━━━━━━━━━━━━━━━━━━━━━━━━━━━━━━━━━━━━━━━━━━━━━━━
2026-04-27 16:56:52  INFO        ▶ phase1 (baseline) | voc | bridgetower
2026-04-27 16:58:09  ERROR       ✗ phase1 (baseline) | voc | bridgetower  exit=1  (77.4s)
2026-04-27 16:58:09  WARNING     Phase 1 failed — continuing with remaining phases
2026-04-27 16:58:09  INFO        ▶ phase3 (head-tuning) | voc | bridgetower
2026-04-27 16:58:25  ERROR       ✗ phase3 (head-tuning) | voc | bridgetower  exit=1  (15.4s)
2026-04-27 16:58:25  WARNING     Phase 3 failed — continuing with remaining phases
2026-04-27 16:58:25  INFO        ▶ phase2 (patch-tuning) | voc | bridgetower
2026-04-27 16:58:41  INFO        ✓ phase2 (patch-tuning) | voc | bridgetower  (16.6s)
2026-04-27 16:58:41  INFO        ▶ phase4 (final-eval) | voc | bridgetower
2026-04-27 16:58:55  ERROR       ✗ phase4 (final-eval) | voc | bridgetower  exit=1  (13.7s)
2026-04-27 16:58:55  WARNING     Phase 4 failed — continuing with remaining phases
2026-04-27 16:58:55  INFO        Pair done  ok=1  fail=3  (2.1 min)
2026-04-27 16:58:55  INFO      ━━━━━━━━━━━━━━━━━━━━━━━━━━━━━━━━━━━━━━━━━━━━━━━━━━━━━━━━━━━━━━━━━━━━━━━━
2026-04-27 16:58:55  INFO        PAIR  dataset=chest_xray    model=bridgetower
2026-04-27 16:58:55  INFO      ━━━━━━━━━━━━━━━━━━━━━━━━━━━━━━━━━━━━━━━━━━━━━━━━━━━━━━━━━━━━━━━━━━━━━━━━
2026-04-27 16:58:55  INFO        ▶ phase1 (baseline) | chest_xray | bridgetower
2026-04-27 17:13:22  INFO      ========================================================================
2026-04-27 17:13:22  INFO        MACRO-MACRO RUNNER  START
2026-04-27 17:13:22  INFO        datasets  : ['voc', 'chest_xray']
2026-04-27 17:13:22  INFO        models    : ['bridgetower']
2026-04-27 17:13:22  INFO        phases    : [1, 2, 3, 4]  (exec order: [1, 3, 2, 4])
2026-04-27 17:13:22  INFO        pairs     : 2
2026-04-27 17:13:22  INFO        dry-run   : False
2026-04-27 17:13:22  INFO        outputs   : outputs/{dataset}/{model}/phase_{N}/
2026-04-27 17:13:22  INFO      ========================================================================
2026-04-27 17:13:22  INFO      ━━━━━━━━━━━━━━━━━━━━━━━━━━━━━━━━━━━━━━━━━━━━━━━━━━━━━━━━━━━━━━━━━━━━━━━━
2026-04-27 17:13:22  INFO        PAIR  dataset=voc           model=bridgetower
2026-04-27 17:13:22  INFO      ━━━━━━━━━━━━━━━━━━━━━━━━━━━━━━━━━━━━━━━━━━━━━━━━━━━━━━━━━━━━━━━━━━━━━━━━
2026-04-27 17:13:22  INFO        ▶ phase1 (baseline) | voc | bridgetower
2026-04-27 17:13:35  ERROR       ✗ phase1 (baseline) | voc | bridgetower  exit=1  (13.2s)
2026-04-27 17:13:35  WARNING     Phase 1 failed — continuing with remaining phases
2026-04-27 17:13:35  INFO        ▶ phase3 (head-tuning) | voc | bridgetower
2026-04-27 17:49:21  INFO      ========================================================================
2026-04-27 17:49:21  INFO        MACRO-MACRO RUNNER  START
2026-04-27 17:49:21  INFO        datasets  : ['voc', 'chest_xray']
2026-04-27 17:49:21  INFO        models    : ['blip', 'bridgetower']
2026-04-27 17:49:21  INFO        phases    : [1, 2, 3, 4]  (exec order: [1, 3, 2, 4])
2026-04-27 17:49:21  INFO        pairs     : 4
2026-04-27 17:49:21  INFO        dry-run   : False
2026-04-27 17:49:21  INFO        outputs   : outputs/{dataset}/{model}/phase_{N}/
2026-04-27 17:49:21  INFO      ========================================================================
2026-04-27 17:49:21  INFO      ━━━━━━━━━━━━━━━━━━━━━━━━━━━━━━━━━━━━━━━━━━━━━━━━━━━━━━━━━━━━━━━━━━━━━━━━
2026-04-27 17:49:21  INFO        PAIR  dataset=voc           model=blip
2026-04-27 17:49:21  INFO      ━━━━━━━━━━━━━━━━━━━━━━━━━━━━━━━━━━━━━━━━━━━━━━━━━━━━━━━━━━━━━━━━━━━━━━━━
2026-04-27 17:49:21  INFO        ▶ phase1 (baseline) | voc | blip
2026-04-27 17:50:06  INFO        ✓ phase1 (baseline) | voc | blip  (45.5s)
2026-04-27 17:50:06  INFO        ▶ phase3 (head-tuning) | voc | blip
2026-04-27 18:06:12  INFO        ✓ phase3 (head-tuning) | voc | blip  (966.0s)
2026-04-27 18:06:12  INFO        ▶ phase2 (patch-tuning) | voc | blip
2026-04-27 18:11:40  INFO        ✓ phase2 (patch-tuning) | voc | blip  (328.2s)
2026-04-27 18:11:40  INFO        ▶ phase4 (final-eval) | voc | blip
2026-04-27 18:12:32  INFO        ✓ phase4 (final-eval) | voc | blip  (51.8s)
2026-04-27 18:12:32  INFO        Pair done  ok=4  fail=0  (23.2 min)
2026-04-27 18:12:32  INFO      ━━━━━━━━━━━━━━━━━━━━━━━━━━━━━━━━━━━━━━━━━━━━━━━━━━━━━━━━━━━━━━━━━━━━━━━━
2026-04-27 18:12:32  INFO        PAIR  dataset=voc           model=bridgetower
2026-04-27 18:12:32  INFO      ━━━━━━━━━━━━━━━━━━━━━━━━━━━━━━━━━━━━━━━━━━━━━━━━━━━━━━━━━━━━━━━━━━━━━━━━
2026-04-27 18:12:32  INFO        ▶ phase1 (baseline) | voc | bridgetower
2026-04-27 18:12:45  ERROR       ✗ phase1 (baseline) | voc | bridgetower  exit=1  (13.0s)
2026-04-27 18:12:45  WARNING     Phase 1 failed — continuing with remaining phases
2026-04-27 18:12:45  INFO        ▶ phase3 (head-tuning) | voc | bridgetower
2026-04-27 18:13:22  INFO        ✓ phase3 (head-tuning) | voc | bridgetower  (36.7s)
2026-04-27 18:13:22  INFO        ▶ phase2 (patch-tuning) | voc | bridgetower
2026-04-27 18:13:37  INFO        ✓ phase2 (patch-tuning) | voc | bridgetower  (15.0s)
2026-04-27 18:13:37  INFO        ▶ phase4 (final-eval) | voc | bridgetower
2026-04-27 18:13:49  ERROR       ✗ phase4 (final-eval) | voc | bridgetower  exit=1  (12.6s)
2026-04-27 18:13:49  WARNING     Phase 4 failed — continuing with remaining phases
2026-04-27 18:13:49  INFO        Pair done  ok=2  fail=2  (1.3 min)
2026-04-27 18:13:49  INFO      ━━━━━━━━━━━━━━━━━━━━━━━━━━━━━━━━━━━━━━━━━━━━━━━━━━━━━━━━━━━━━━━━━━━━━━━━
2026-04-27 18:13:49  INFO        PAIR  dataset=chest_xray    model=blip
2026-04-27 18:13:49  INFO      ━━━━━━━━━━━━━━━━━━━━━━━━━━━━━━━━━━━━━━━━━━━━━━━━━━━━━━━━━━━━━━━━━━━━━━━━
2026-04-27 18:13:49  INFO        ▶ phase1 (baseline) | chest_xray | blip
2026-04-27 18:14:53  INFO        ✓ phase1 (baseline) | chest_xray | blip  (64.0s)
2026-04-27 18:14:53  INFO        ▶ phase3 (head-tuning) | chest_xray | blip
2026-04-27 18:23:45  INFO        ✓ phase3 (head-tuning) | chest_xray | blip  (531.6s)
2026-04-27 18:23:45  INFO        ▶ phase2 (patch-tuning) | chest_xray | blip
2026-04-27 18:28:17  INFO        ✓ phase2 (patch-tuning) | chest_xray | blip  (272.0s)
2026-04-27 18:28:17  INFO        ▶ phase4 (final-eval) | chest_xray | blip
2026-04-27 18:29:15  INFO        ✓ phase4 (final-eval) | chest_xray | blip  (58.5s)
2026-04-27 18:29:15  INFO        Pair done  ok=4  fail=0  (15.4 min)
2026-04-27 18:29:15  INFO      ━━━━━━━━━━━━━━━━━━━━━━━━━━━━━━━━━━━━━━━━━━━━━━━━━━━━━━━━━━━━━━━━━━━━━━━━
2026-04-27 18:29:15  INFO        PAIR  dataset=chest_xray    model=bridgetower
2026-04-27 18:29:15  INFO      ━━━━━━━━━━━━━━━━━━━━━━━━━━━━━━━━━━━━━━━━━━━━━━━━━━━━━━━━━━━━━━━━━━━━━━━━
2026-04-27 18:29:15  INFO        ▶ phase1 (baseline) | chest_xray | bridgetower
2026-04-27 18:29:52  ERROR       ✗ phase1 (baseline) | chest_xray | bridgetower  exit=1  (37.0s)
2026-04-27 18:29:52  WARNING     Phase 1 failed — continuing with remaining phases
2026-04-27 18:29:52  INFO        ▶ phase3 (head-tuning) | chest_xray | bridgetower
2026-04-27 18:30:11  ERROR       ✗ phase3 (head-tuning) | chest_xray | bridgetower  exit=1  (18.6s)
2026-04-27 18:30:11  WARNING     Phase 3 failed — continuing with remaining phases
2026-04-27 18:30:11  INFO        ▶ phase2 (patch-tuning) | chest_xray | bridgetower
2026-04-27 18:30:26  INFO        ✓ phase2 (patch-tuning) | chest_xray | bridgetower  (15.4s)
2026-04-27 18:30:26  INFO        ▶ phase4 (final-eval) | chest_xray | bridgetower
2026-04-27 18:31:04  ERROR       ✗ phase4 (final-eval) | chest_xray | bridgetower  exit=1  (37.6s)
2026-04-27 18:31:04  WARNING     Phase 4 failed — continuing with remaining phases
2026-04-27 18:31:04  INFO        Pair done  ok=1  fail=3  (1.8 min)
2026-04-27 18:31:04  INFO      
2026-04-27 18:31:04  INFO      Total wall time: 2503.3s (41.7 min)
2026-04-27 18:31:04  INFO      
2026-04-27 18:31:04  INFO      ========================================================================
2026-04-27 18:31:04  INFO        MACRO-MACRO RUN — FINAL SUMMARY
2026-04-27 18:31:04  INFO      ========================================================================
2026-04-27 18:31:04  INFO        ✓  voc          | blip          [P1:ok  P3:ok  P2:ok  P4:ok]  (23.2 min)
2026-04-27 18:31:04  INFO        ✗  voc          | bridgetower   [P1:FAIL  P3:ok  P2:ok  P4:FAIL]  (1.3 min)
2026-04-27 18:31:04  INFO        ✓  chest_xray   | blip          [P1:ok  P3:ok  P2:ok  P4:ok]  (15.4 min)
2026-04-27 18:31:04  INFO        ✗  chest_xray   | bridgetower   [P1:FAIL  P3:FAIL  P2:ok  P4:FAIL]  (1.8 min)
2026-04-27 18:31:04  INFO      ------------------------------------------------------------------------
2026-04-27 18:31:04  INFO        Pairs: 4   succeeded: 2   failed: 2
2026-04-27 18:31:04  INFO        Failed pairs:
2026-04-27 18:31:04  INFO          • voc | bridgetower  (phases [1, 4])
2026-04-27 18:31:04  INFO          • chest_xray | bridgetower  (phases [1, 3, 4])
2026-04-27 18:31:04  INFO      ========================================================================
2026-04-27 18:40:12  INFO      ========================================================================
2026-04-27 18:40:12  INFO        MACRO-MACRO RUNNER  START
2026-04-27 18:40:12  INFO        datasets  : ['voc', 'chest_xray']
2026-04-27 18:40:12  INFO        models    : ['blip', 'bridgetower']
2026-04-27 18:40:12  INFO        phases    : [1, 2, 3, 4]  (exec order: [1, 3, 2, 4])
2026-04-27 18:40:12  INFO        pairs     : 4
2026-04-27 18:40:12  INFO        dry-run   : False
2026-04-27 18:40:12  INFO        outputs   : outputs/{dataset}/{model}/phase_{N}/
2026-04-27 18:40:12  INFO      ========================================================================
2026-04-27 18:40:12  INFO      ━━━━━━━━━━━━━━━━━━━━━━━━━━━━━━━━━━━━━━━━━━━━━━━━━━━━━━━━━━━━━━━━━━━━━━━━
2026-04-27 18:40:12  INFO        PAIR  dataset=voc           model=blip
2026-04-27 18:40:12  INFO      ━━━━━━━━━━━━━━━━━━━━━━━━━━━━━━━━━━━━━━━━━━━━━━━━━━━━━━━━━━━━━━━━━━━━━━━━
2026-04-27 18:40:12  INFO        ▶ phase1 (baseline) | voc | blip
2026-04-27 18:40:57  INFO        ✓ phase1 (baseline) | voc | blip  (44.3s)
2026-04-27 18:40:57  INFO        ▶ phase3 (head-tuning) | voc | blip
2026-04-27 18:42:17  INFO      ========================================================================
2026-04-27 18:42:17  INFO        MACRO-MACRO RUNNER  START
2026-04-27 18:42:17  INFO        datasets  : ['chest_xray']
2026-04-27 18:42:17  INFO        models    : ['blip', 'bridgetower']
2026-04-27 18:42:17  INFO        phases    : [1, 2, 3, 4]  (exec order: [1, 3, 2, 4])
2026-04-27 18:42:17  INFO        pairs     : 2
2026-04-27 18:42:17  INFO        dry-run   : False
2026-04-27 18:42:17  INFO        outputs   : outputs/{dataset}/{model}/phase_{N}/
2026-04-27 18:42:17  INFO      ========================================================================
2026-04-27 18:42:17  INFO      ━━━━━━━━━━━━━━━━━━━━━━━━━━━━━━━━━━━━━━━━━━━━━━━━━━━━━━━━━━━━━━━━━━━━━━━━
2026-04-27 18:42:17  INFO        PAIR  dataset=chest_xray    model=blip
2026-04-27 18:42:17  INFO      ━━━━━━━━━━━━━━━━━━━━━━━━━━━━━━━━━━━━━━━━━━━━━━━━━━━━━━━━━━━━━━━━━━━━━━━━
2026-04-27 18:42:17  INFO        ▶ phase1 (baseline) | chest_xray | blip
2026-04-27 18:43:21  INFO        ✓ phase1 (baseline) | chest_xray | blip  (63.9s)
2026-04-27 18:43:21  INFO        ▶ phase3 (head-tuning) | chest_xray | blip
2026-04-27 18:44:05  INFO      ========================================================================
2026-04-27 18:44:05  INFO        MACRO-MACRO RUNNER  START
2026-04-27 18:44:05  INFO        datasets  : ['chest_xray']
2026-04-27 18:44:05  INFO        models    : ['blip', 'bridgetower']
2026-04-27 18:44:05  INFO        phases    : [2]  (exec order: [2])
2026-04-27 18:44:05  INFO        pairs     : 2
2026-04-27 18:44:05  INFO        dry-run   : False
2026-04-27 18:44:05  INFO        outputs   : outputs/{dataset}/{model}/phase_{N}/
2026-04-27 18:44:05  INFO      ========================================================================
2026-04-27 18:44:05  INFO      ━━━━━━━━━━━━━━━━━━━━━━━━━━━━━━━━━━━━━━━━━━━━━━━━━━━━━━━━━━━━━━━━━━━━━━━━
2026-04-27 18:44:05  INFO        PAIR  dataset=chest_xray    model=blip
2026-04-27 18:44:05  INFO      ━━━━━━━━━━━━━━━━━━━━━━━━━━━━━━━━━━━━━━━━━━━━━━━━━━━━━━━━━━━━━━━━━━━━━━━━
2026-04-27 18:44:05  INFO        ▶ phase2 (patch-tuning) | chest_xray | blip
2026-04-27 19:21:38  INFO      ========================================================================
2026-04-27 19:21:38  INFO        MACRO-MACRO RUNNER  START
2026-04-27 19:21:38  INFO        datasets  : ['voc', 'chest_xray']
2026-04-27 19:21:38  INFO        models    : ['bridgetower']
2026-04-27 19:21:38  INFO        phases    : [1, 2, 3, 4]  (exec order: [1, 3, 2, 4])
2026-04-27 19:21:38  INFO        pairs     : 2
2026-04-27 19:21:38  INFO        dry-run   : False
2026-04-27 19:21:38  INFO        outputs   : outputs/{dataset}/{model}/phase_{N}/
2026-04-27 19:21:38  INFO      ========================================================================
2026-04-27 19:21:38  INFO      ━━━━━━━━━━━━━━━━━━━━━━━━━━━━━━━━━━━━━━━━━━━━━━━━━━━━━━━━━━━━━━━━━━━━━━━━
2026-04-27 19:21:38  INFO        PAIR  dataset=voc           model=bridgetower
2026-04-27 19:21:38  INFO      ━━━━━━━━━━━━━━━━━━━━━━━━━━━━━━━━━━━━━━━━━━━━━━━━━━━━━━━━━━━━━━━━━━━━━━━━
2026-04-27 19:21:38  INFO        ▶ phase1 (baseline) | voc | bridgetower
2026-04-27 19:21:49  ERROR       ✗ phase1 (baseline) | voc | bridgetower  exit=1  (10.4s)
2026-04-27 19:21:49  WARNING     Phase 1 failed — continuing with remaining phases
2026-04-27 19:21:49  INFO        ▶ phase3 (head-tuning) | voc | bridgetower
2026-04-27 19:22:02  ERROR       ✗ phase3 (head-tuning) | voc | bridgetower  exit=1  (13.3s)
2026-04-27 19:22:02  WARNING     Phase 3 failed — continuing with remaining phases
2026-04-27 19:22:02  INFO        ▶ phase2 (patch-tuning) | voc | bridgetower
2026-04-27 19:22:14  ERROR       ✗ phase2 (patch-tuning) | voc | bridgetower  exit=1  (11.9s)
2026-04-27 19:22:14  WARNING     Phase 2 failed — continuing with remaining phases
2026-04-27 19:22:14  INFO        ▶ phase4 (final-eval) | voc | bridgetower
2026-04-27 19:22:24  ERROR       ✗ phase4 (final-eval) | voc | bridgetower  exit=1  (10.2s)
2026-04-27 19:22:24  WARNING     Phase 4 failed — continuing with remaining phases
2026-04-27 19:22:24  INFO        Pair done  ok=0  fail=4  (0.8 min)
2026-04-27 19:22:24  INFO      ━━━━━━━━━━━━━━━━━━━━━━━━━━━━━━━━━━━━━━━━━━━━━━━━━━━━━━━━━━━━━━━━━━━━━━━━
2026-04-27 19:22:24  INFO        PAIR  dataset=chest_xray    model=bridgetower
2026-04-27 19:22:24  INFO      ━━━━━━━━━━━━━━━━━━━━━━━━━━━━━━━━━━━━━━━━━━━━━━━━━━━━━━━━━━━━━━━━━━━━━━━━
2026-04-27 19:22:24  INFO        ▶ phase1 (baseline) | chest_xray | bridgetower
2026-04-27 19:22:28  ERROR       ✗ phase1 (baseline) | chest_xray | bridgetower  exit=1  (4.1s)
2026-04-27 19:22:28  WARNING     Phase 1 failed — continuing with remaining phases
2026-04-27 19:22:28  INFO        ▶ phase3 (head-tuning) | chest_xray | bridgetower
2026-04-27 19:22:35  ERROR       ✗ phase3 (head-tuning) | chest_xray | bridgetower  exit=1  (7.2s)
2026-04-27 19:22:35  WARNING     Phase 3 failed — continuing with remaining phases
2026-04-27 19:22:35  INFO        ▶ phase2 (patch-tuning) | chest_xray | bridgetower
2026-04-27 19:22:39  ERROR       ✗ phase2 (patch-tuning) | chest_xray | bridgetower  exit=1  (3.9s)
2026-04-27 19:22:39  WARNING     Phase 2 failed — continuing with remaining phases
2026-04-27 19:22:39  INFO        ▶ phase4 (final-eval) | chest_xray | bridgetower
2026-04-27 19:22:43  ERROR       ✗ phase4 (final-eval) | chest_xray | bridgetower  exit=1  (4.0s)
2026-04-27 19:22:43  WARNING     Phase 4 failed — continuing with remaining phases
2026-04-27 19:22:43  INFO        Pair done  ok=0  fail=4  (0.3 min)
2026-04-27 19:22:43  INFO      
2026-04-27 19:22:43  INFO      Total wall time: 65.0s (1.1 min)
2026-04-27 19:22:43  INFO      
2026-04-27 19:22:43  INFO      ========================================================================
2026-04-27 19:22:43  INFO        MACRO-MACRO RUN — FINAL SUMMARY
2026-04-27 19:22:43  INFO      ========================================================================
2026-04-27 19:22:43  INFO        ✗  voc          | bridgetower   [P1:FAIL  P3:FAIL  P2:FAIL  P4:FAIL]  (0.8 min)
2026-04-27 19:22:43  INFO        ✗  chest_xray   | bridgetower   [P1:FAIL  P3:FAIL  P2:FAIL  P4:FAIL]  (0.3 min)
2026-04-27 19:22:43  INFO      ------------------------------------------------------------------------
2026-04-27 19:22:43  INFO        Pairs: 2   succeeded: 0   failed: 2
2026-04-27 19:22:43  INFO        Failed pairs:
2026-04-27 19:22:43  INFO          • voc | bridgetower  (phases [1, 3, 2, 4])
2026-04-27 19:22:43  INFO          • chest_xray | bridgetower  (phases [1, 3, 2, 4])
2026-04-27 19:22:43  INFO      ========================================================================
2026-04-27 19:23:56  INFO      ========================================================================
2026-04-27 19:23:56  INFO        MACRO-MACRO RUNNER  START
2026-04-27 19:23:56  INFO        datasets  : ['voc', 'chest_xray']
2026-04-27 19:23:56  INFO        models    : ['bridgetower']
2026-04-27 19:23:56  INFO        phases    : [1, 2, 3, 4]  (exec order: [1, 3, 2, 4])
2026-04-27 19:23:56  INFO        pairs     : 2
2026-04-27 19:23:56  INFO        dry-run   : False
2026-04-27 19:23:56  INFO        outputs   : outputs/{dataset}/{model}/phase_{N}/
2026-04-27 19:23:56  INFO      ========================================================================
2026-04-27 19:23:56  INFO      ━━━━━━━━━━━━━━━━━━━━━━━━━━━━━━━━━━━━━━━━━━━━━━━━━━━━━━━━━━━━━━━━━━━━━━━━
2026-04-27 19:23:56  INFO        PAIR  dataset=voc           model=bridgetower
2026-04-27 19:23:56  INFO      ━━━━━━━━━━━━━━━━━━━━━━━━━━━━━━━━━━━━━━━━━━━━━━━━━━━━━━━━━━━━━━━━━━━━━━━━
2026-04-27 19:23:56  INFO        ▶ phase1 (baseline) | voc | bridgetower
